#
# A fatal error has been detected by the Java Runtime Environment:
#
#  EXCEPTION_ACCESS_VIOLATION (0xc0000005) at pc=0x00007ff820062f58, pid=22032, tid=18792
#
# JRE version: OpenJDK Runtime Environment (23.0.1+11) (build 23.0.1+11-39)
# Java VM: OpenJDK 64-Bit Server VM (23.0.1+11-39, mixed mode, sharing, tiered, compressed oops, compressed class ptrs, g1 gc, windows-amd64)
# Problematic frame:
# C  [msvcp140.dll+0x12f58]
#
# No core dump will be written. Minidumps are not enabled by default on client versions of Windows
#
# If you would like to submit a bug report, please visit:
#   https://bugreport.java.com/bugreport/crash.jsp
# The crash happened outside the Java Virtual Machine in native code.
# See problematic frame for where to report the bug.
#

---------------  S U M M A R Y ------------

Command Line: -agentlib:jdwp=transport=dt_socket,address=127.0.0.1:52759,suspend=y,server=n -javaagent:C:\Users\wayne\AppData\Local\JetBrains\IntelliJIdea2025.2\captureAgent\debugger-agent.jar=file:///C:/Users/wayne/AppData/Local/Temp/capture8719023224038443504.props -ea -agentpath:C:\Users\wayne\AppData\Local\Temp\idea_libasyncProfiler_dll_temp_folder3\libasyncProfiler.dll=version,jfr,event=wall,interval=10ms,cstack=no,file=C:\Users\wayne\IdeaSnapshots\IntegrationTests_2025_11_13_005914.jfr,dbghelppath=C:\Users\wayne\AppData\Local\Temp\idea_dbghelp_dll_temp_folder2\dbghelp.dll,log=C:\Users\wayne\AppData\Local\Temp\IntegrationTests_2025_11_13_005914.jfr.log.txt,logLevel=DEBUG -Didea.test.cyclic.buffer.size=1048576 -Dkotlinx.coroutines.debug.enable.creation.stack.trace=false -Ddebugger.agent.enable.coroutines=true -Dkotlinx.coroutines.debug.enable.flows.stack.trace=true -Dkotlinx.coroutines.debug.enable.mutable.state.flows.stack.trace=true -Dfile.encoding=UTF-8 -Dsun.stdout.encoding=UTF-8 -Dsun.stderr.encoding=UTF-8 com.intellij.rt.junit.JUnitStarter -ideVersion5 -junit5 com.planyourshift.IntegrationTests

Host: AMD Ryzen 5 5600H with Radeon Graphics         , 12 cores, 13G,  Windows 11 , 64 bit Build 22621 (10.0.22621.3374)
Time: Thu Nov 13 00:59:29 2025 Mauritius Standard Time elapsed time: 14.813952 seconds (0d 0h 0m 14s)

---------------  T H R E A D  ---------------

Current thread (0x000001a16cf9fbf0):  JavaThread "main"             [_thread_in_native, id=18792, stack(0x0000004f3d400000,0x0000004f3d500000) (1024K)]

Stack: [0x0000004f3d400000,0x0000004f3d500000],  sp=0x0000004f3d4fbd50,  free space=1007k
Native frames: (J=compiled Java code, j=interpreted, Vv=VM code, C=native code)
C  [msvcp140.dll+0x12f58]  (no source info available)
C  [abseil_dll.dll+0x63ca5]  (no source info available)
C  [abseil_dll.dll+0x6bc81]  (no source info available)
C  [abseil_dll.dll+0x2094e]  (no source info available)
C  [ortools.dll+0x111e84]  (no source info available)
C  [ortools.dll+0x8f4d5d]  (no source info available)
C  [jniortools.dll+0xbde84]  (no source info available)
C  0x000001a107540b72  (no source info available)

The last pc belongs to native method entry point (kind = native) (printed below).
Java frames: (J=compiled Java code, j=interpreted, Vv=VM code)
j  com.google.ortools.sat.mainJNI.SolveWrapper_solve(JLcom/google/ortools/sat/SolveWrapper;[B)[B+0
j  com.google.ortools.sat.SolveWrapper.solve(Lcom/google/ortools/sat/CpModelProto;)Lcom/google/ortools/sat/CpSolverResponse;+9
j  com.google.ortools.sat.CpSolver.solve(Lcom/google/ortools/sat/CpModel;Lcom/google/ortools/sat/CpSolverSolutionCallback;)Lcom/google/ortools/sat/CpSolverStatus;+75
j  com.google.ortools.sat.CpSolver.solve(Lcom/google/ortools/sat/CpModel;)Lcom/google/ortools/sat/CpSolverStatus;+3
j  com.planyourshift.service.SchedulingService.solveRoaster(Ljava/lang/String;)Ljava/util/List;+1615
j  com.planyourshift.IntegrationTests.testFlow()V+678
j  java.lang.invoke.LambdaForm$DMH+0x000001a110188800.invokeVirtual(Ljava/lang/Object;Ljava/lang/Object;)V+10 java.base@23.0.1
j  java.lang.invoke.LambdaForm$MH+0x000001a110a60000.invoke(Ljava/lang/Object;Ljava/lang/Object;)Ljava/lang/Object;+31 java.base@23.0.1
J 4931 c1 jdk.internal.reflect.DirectMethodHandleAccessor.invoke(Ljava/lang/Object;[Ljava/lang/Object;)Ljava/lang/Object; java.base@23.0.1 (92 bytes) @ 0x000001a1007122b4 [0x000001a100710e00+0x00000000000014b4]
j  java.lang.reflect.Method.invoke(Ljava/lang/Object;[Ljava/lang/Object;)Ljava/lang/Object;+102 java.base@23.0.1
j  org.junit.platform.commons.util.ReflectionUtils.invokeMethod(Ljava/lang/reflect/Method;Ljava/lang/Object;[Ljava/lang/Object;)Ljava/lang/Object;+42
j  org.junit.platform.commons.support.ReflectionSupport.invokeMethod(Ljava/lang/reflect/Method;Ljava/lang/Object;[Ljava/lang/Object;)Ljava/lang/Object;+3
j  org.junit.jupiter.engine.execution.MethodInvocation.proceed()Ljava/lang/Object;+16
j  org.junit.jupiter.engine.execution.InvocationInterceptorChain$ValidatingInvocation.proceed()Ljava/lang/Object;+8
j  org.junit.jupiter.engine.extension.TimeoutExtension.intercept(Lorg/junit/jupiter/api/extension/InvocationInterceptor$Invocation;Lorg/junit/jupiter/api/extension/ReflectiveInvocationContext;Lorg/junit/jupiter/api/extension/ExtensionContext;Lorg/junit/jupiter/engine/extension/TimeoutDuration;Lorg/junit/jupiter/engine/extension/TimeoutExtension$TimeoutProvider;)Ljava/lang/Object;+28
j  org.junit.jupiter.engine.extension.TimeoutExtension.interceptTestableMethod(Lorg/junit/jupiter/api/extension/InvocationInterceptor$Invocation;Lorg/junit/jupiter/api/extension/ReflectiveInvocationContext;Lorg/junit/jupiter/api/extension/ExtensionContext;Lorg/junit/jupiter/engine/extension/TimeoutExtension$TimeoutProvider;)Ljava/lang/Object;+31
j  org.junit.jupiter.engine.extension.TimeoutExtension.interceptTestMethod(Lorg/junit/jupiter/api/extension/InvocationInterceptor$Invocation;Lorg/junit/jupiter/api/extension/ReflectiveInvocationContext;Lorg/junit/jupiter/api/extension/ExtensionContext;)V+9
j  org.junit.jupiter.engine.descriptor.TestMethodTestDescriptor$$Lambda+0x000001a110101078.apply(Lorg/junit/jupiter/api/extension/InvocationInterceptor;Lorg/junit/jupiter/api/extension/InvocationInterceptor$Invocation;Lorg/junit/jupiter/api/extension/ReflectiveInvocationContext;Lorg/junit/jupiter/api/extension/ExtensionContext;)V+5
j  org.junit.jupiter.engine.execution.InterceptingExecutableInvoker$ReflectiveInterceptorCall.lambda$ofVoidMethod$0(Lorg/junit/jupiter/engine/execution/InterceptingExecutableInvoker$ReflectiveInterceptorCall$VoidMethodInterceptorCall;Lorg/junit/jupiter/api/extension/InvocationInterceptor;Lorg/junit/jupiter/api/extension/InvocationInterceptor$Invocation;Lorg/junit/jupiter/api/extension/ReflectiveInvocationContext;Lorg/junit/jupiter/api/extension/ExtensionContext;)Ljava/lang/Void;+6
j  org.junit.jupiter.engine.execution.InterceptingExecutableInvoker$ReflectiveInterceptorCall$$Lambda+0x000001a110101498.apply(Lorg/junit/jupiter/api/extension/InvocationInterceptor;Lorg/junit/jupiter/api/extension/InvocationInterceptor$Invocation;Lorg/junit/jupiter/api/extension/ReflectiveInvocationContext;Lorg/junit/jupiter/api/extension/ExtensionContext;)Ljava/lang/Object;+9
j  org.junit.jupiter.engine.execution.InterceptingExecutableInvoker.lambda$invoke$0(Lorg/junit/jupiter/engine/execution/InterceptingExecutableInvoker$ReflectiveInterceptorCall;Lorg/junit/jupiter/api/extension/ReflectiveInvocationContext;Lorg/junit/jupiter/api/extension/ExtensionContext;Lorg/junit/jupiter/api/extension/InvocationInterceptor;Lorg/junit/jupiter/api/extension/InvocationInterceptor$Invocation;)Ljava/lang/Object;+6
j  org.junit.jupiter.engine.execution.InterceptingExecutableInvoker$$Lambda+0x000001a110c42df0.apply(Lorg/junit/jupiter/api/extension/InvocationInterceptor;Lorg/junit/jupiter/api/extension/InvocationInterceptor$Invocation;)Ljava/lang/Object;+14
j  org.junit.jupiter.engine.execution.InvocationInterceptorChain$InterceptedInvocation.proceed()Ljava/lang/Object;+12
j  org.junit.jupiter.engine.execution.InvocationInterceptorChain.proceed(Lorg/junit/jupiter/api/extension/InvocationInterceptor$Invocation;)Ljava/lang/Object;+1
j  org.junit.jupiter.engine.execution.InvocationInterceptorChain.chainAndInvoke(Lorg/junit/jupiter/api/extension/InvocationInterceptor$Invocation;Lorg/junit/jupiter/engine/execution/InvocationInterceptorChain$InterceptorCall;Ljava/util/List;)Ljava/lang/Object;+24
j  org.junit.jupiter.engine.execution.InvocationInterceptorChain.invoke(Lorg/junit/jupiter/api/extension/InvocationInterceptor$Invocation;Lorg/junit/jupiter/engine/extension/ExtensionRegistry;Lorg/junit/jupiter/engine/execution/InvocationInterceptorChain$InterceptorCall;)Ljava/lang/Object;+31
j  org.junit.jupiter.engine.execution.InterceptingExecutableInvoker.invoke(Lorg/junit/jupiter/api/extension/InvocationInterceptor$Invocation;Lorg/junit/jupiter/api/extension/ReflectiveInvocationContext;Lorg/junit/jupiter/api/extension/ExtensionContext;Lorg/junit/jupiter/engine/extension/ExtensionRegistry;Lorg/junit/jupiter/engine/execution/InterceptingExecutableInvoker$ReflectiveInterceptorCall;)Ljava/lang/Object;+15
j  org.junit.jupiter.engine.execution.InterceptingExecutableInvoker.invoke(Ljava/lang/reflect/Method;Ljava/lang/Object;Lorg/junit/jupiter/api/extension/ExtensionContext;Lorg/junit/jupiter/engine/extension/ExtensionRegistry;Lorg/junit/jupiter/engine/execution/InterceptingExecutableInvoker$ReflectiveInterceptorCall;)Ljava/lang/Object;+55
j  org.junit.jupiter.engine.descriptor.TestMethodTestDescriptor.lambda$invokeTestMethod$7(Lorg/junit/jupiter/api/extension/ExtensionContext;Lorg/junit/jupiter/engine/execution/JupiterEngineExecutionContext;)V+28
j  org.junit.jupiter.engine.descriptor.TestMethodTestDescriptor$$Lambda+0x000001a110c6cd30.execute()V+12
j  org.junit.platform.engine.support.hierarchical.ThrowableCollector.execute(Lorg/junit/platform/engine/support/hierarchical/ThrowableCollector$Executable;)V+1
j  org.junit.jupiter.engine.descriptor.TestMethodTestDescriptor.invokeTestMethod(Lorg/junit/jupiter/engine/execution/JupiterEngineExecutionContext;Lorg/junit/platform/engine/support/hierarchical/Node$DynamicTestExecutor;)V+21
j  org.junit.jupiter.engine.descriptor.TestMethodTestDescriptor.execute(Lorg/junit/jupiter/engine/execution/JupiterEngineExecutionContext;Lorg/junit/platform/engine/support/hierarchical/Node$DynamicTestExecutor;)Lorg/junit/jupiter/engine/execution/JupiterEngineExecutionContext;+44
j  org.junit.jupiter.engine.descriptor.TestMethodTestDescriptor.execute(Lorg/junit/platform/engine/support/hierarchical/EngineExecutionContext;Lorg/junit/platform/engine/support/hierarchical/Node$DynamicTestExecutor;)Lorg/junit/platform/engine/support/hierarchical/EngineExecutionContext;+6
j  org.junit.platform.engine.support.hierarchical.NodeTestTask.lambda$executeRecursively$6()V+79
j  org.junit.platform.engine.support.hierarchical.NodeTestTask$$Lambda+0x000001a110122e08.execute()V+4
j  org.junit.platform.engine.support.hierarchical.ThrowableCollector.execute(Lorg/junit/platform/engine/support/hierarchical/ThrowableCollector$Executable;)V+1
j  org.junit.platform.engine.support.hierarchical.NodeTestTask.lambda$executeRecursively$8(Lorg/junit/platform/engine/support/hierarchical/EngineExecutionContext;)V+15
j  org.junit.platform.engine.support.hierarchical.NodeTestTask$$Lambda+0x000001a110122be0.invoke(Lorg/junit/platform/engine/support/hierarchical/EngineExecutionContext;)V+5
j  org.junit.platform.engine.support.hierarchical.Node.around(Lorg/junit/platform/engine/support/hierarchical/EngineExecutionContext;Lorg/junit/platform/engine/support/hierarchical/Node$Invocation;)V+2
j  org.junit.platform.engine.support.hierarchical.NodeTestTask.lambda$executeRecursively$9()V+14
j  org.junit.platform.engine.support.hierarchical.NodeTestTask$$Lambda+0x000001a1101227b8.execute()V+4
j  org.junit.platform.engine.support.hierarchical.ThrowableCollector.execute(Lorg/junit/platform/engine/support/hierarchical/ThrowableCollector$Executable;)V+1
j  org.junit.platform.engine.support.hierarchical.NodeTestTask.executeRecursively()V+31
j  org.junit.platform.engine.support.hierarchical.NodeTestTask.execute()V+55
j  org.junit.platform.engine.support.hierarchical.SameThreadHierarchicalTestExecutorService$$Lambda+0x000001a110123920.accept(Ljava/lang/Object;)V+4
j  java.util.ArrayList.forEach(Ljava/util/function/Consumer;)V+46 java.base@23.0.1
j  org.junit.platform.engine.support.hierarchical.SameThreadHierarchicalTestExecutorService.invokeAll(Ljava/util/List;)V+6
j  org.junit.platform.engine.support.hierarchical.NodeTestTask.lambda$executeRecursively$6()V+116
j  org.junit.platform.engine.support.hierarchical.NodeTestTask$$Lambda+0x000001a110122e08.execute()V+4
j  org.junit.platform.engine.support.hierarchical.ThrowableCollector.execute(Lorg/junit/platform/engine/support/hierarchical/ThrowableCollector$Executable;)V+1
j  org.junit.platform.engine.support.hierarchical.NodeTestTask.lambda$executeRecursively$8(Lorg/junit/platform/engine/support/hierarchical/EngineExecutionContext;)V+15
j  org.junit.platform.engine.support.hierarchical.NodeTestTask$$Lambda+0x000001a110122be0.invoke(Lorg/junit/platform/engine/support/hierarchical/EngineExecutionContext;)V+5
j  org.junit.platform.engine.support.hierarchical.Node.around(Lorg/junit/platform/engine/support/hierarchical/EngineExecutionContext;Lorg/junit/platform/engine/support/hierarchical/Node$Invocation;)V+2
j  org.junit.platform.engine.support.hierarchical.NodeTestTask.lambda$executeRecursively$9()V+14
j  org.junit.platform.engine.support.hierarchical.NodeTestTask$$Lambda+0x000001a1101227b8.execute()V+4
j  org.junit.platform.engine.support.hierarchical.ThrowableCollector.execute(Lorg/junit/platform/engine/support/hierarchical/ThrowableCollector$Executable;)V+1
j  org.junit.platform.engine.support.hierarchical.NodeTestTask.executeRecursively()V+31
j  org.junit.platform.engine.support.hierarchical.NodeTestTask.execute()V+55
j  org.junit.platform.engine.support.hierarchical.SameThreadHierarchicalTestExecutorService$$Lambda+0x000001a110123920.accept(Ljava/lang/Object;)V+4
j  java.util.ArrayList.forEach(Ljava/util/function/Consumer;)V+46 java.base@23.0.1
j  org.junit.platform.engine.support.hierarchical.SameThreadHierarchicalTestExecutorService.invokeAll(Ljava/util/List;)V+6
j  org.junit.platform.engine.support.hierarchical.NodeTestTask.lambda$executeRecursively$6()V+116
j  org.junit.platform.engine.support.hierarchical.NodeTestTask$$Lambda+0x000001a110122e08.execute()V+4
j  org.junit.platform.engine.support.hierarchical.ThrowableCollector.execute(Lorg/junit/platform/engine/support/hierarchical/ThrowableCollector$Executable;)V+1
j  org.junit.platform.engine.support.hierarchical.NodeTestTask.lambda$executeRecursively$8(Lorg/junit/platform/engine/support/hierarchical/EngineExecutionContext;)V+15
j  org.junit.platform.engine.support.hierarchical.NodeTestTask$$Lambda+0x000001a110122be0.invoke(Lorg/junit/platform/engine/support/hierarchical/EngineExecutionContext;)V+5
j  org.junit.platform.engine.support.hierarchical.Node.around(Lorg/junit/platform/engine/support/hierarchical/EngineExecutionContext;Lorg/junit/platform/engine/support/hierarchical/Node$Invocation;)V+2
j  org.junit.platform.engine.support.hierarchical.NodeTestTask.lambda$executeRecursively$9()V+14
j  org.junit.platform.engine.support.hierarchical.NodeTestTask$$Lambda+0x000001a1101227b8.execute()V+4
j  org.junit.platform.engine.support.hierarchical.ThrowableCollector.execute(Lorg/junit/platform/engine/support/hierarchical/ThrowableCollector$Executable;)V+1
j  org.junit.platform.engine.support.hierarchical.NodeTestTask.executeRecursively()V+31
j  org.junit.platform.engine.support.hierarchical.NodeTestTask.execute()V+55
j  org.junit.platform.engine.support.hierarchical.SameThreadHierarchicalTestExecutorService.submit(Lorg/junit/platform/engine/support/hierarchical/HierarchicalTestExecutorService$TestTask;)Ljava/util/concurrent/Future;+1
j  org.junit.platform.engine.support.hierarchical.HierarchicalTestExecutor.execute()Ljava/util/concurrent/Future;+74
j  org.junit.platform.engine.support.hierarchical.HierarchicalTestEngine.execute(Lorg/junit/platform/engine/ExecutionRequest;)V+31
j  org.junit.platform.launcher.core.EngineExecutionOrchestrator.execute(Lorg/junit/platform/engine/TestDescriptor;Lorg/junit/platform/engine/EngineExecutionListener;Lorg/junit/platform/engine/ConfigurationParameters;Lorg/junit/platform/engine/TestEngine;Lorg/junit/platform/engine/reporting/OutputDirectoryProvider;)V+22
j  org.junit.platform.launcher.core.EngineExecutionOrchestrator.execute(Lorg/junit/platform/launcher/core/LauncherDiscoveryResult;Lorg/junit/platform/engine/EngineExecutionListener;)V+119
j  org.junit.platform.launcher.core.EngineExecutionOrchestrator.execute(Lorg/junit/platform/launcher/core/InternalTestPlan;Lorg/junit/platform/engine/EngineExecutionListener;Lorg/junit/platform/launcher/TestExecutionListener;)V+55
j  org.junit.platform.launcher.core.EngineExecutionOrchestrator.lambda$execute$0(Lorg/junit/platform/launcher/core/InternalTestPlan;Lorg/junit/platform/launcher/TestExecutionListener;)V+6
j  org.junit.platform.launcher.core.EngineExecutionOrchestrator$$Lambda+0x000001a110109858.accept(Ljava/lang/Object;)V+12
j  org.junit.platform.launcher.core.EngineExecutionOrchestrator.withInterceptedStreams(Lorg/junit/platform/engine/ConfigurationParameters;Lorg/junit/platform/launcher/core/ListenerRegistry;Ljava/util/function/Consumer;)V+51
j  org.junit.platform.launcher.core.EngineExecutionOrchestrator.execute(Lorg/junit/platform/launcher/core/InternalTestPlan;[Lorg/junit/platform/launcher/TestExecutionListener;)V+23
j  org.junit.platform.launcher.core.DefaultLauncher.execute(Lorg/junit/platform/launcher/core/InternalTestPlan;[Lorg/junit/platform/launcher/TestExecutionListener;)V+6
j  org.junit.platform.launcher.core.DefaultLauncher.execute(Lorg/junit/platform/launcher/LauncherDiscoveryRequest;[Lorg/junit/platform/launcher/TestExecutionListener;)V+34
j  org.junit.platform.launcher.core.DelegatingLauncher.execute(Lorg/junit/platform/launcher/LauncherDiscoveryRequest;[Lorg/junit/platform/launcher/TestExecutionListener;)V+6
j  org.junit.platform.launcher.core.InterceptingLauncher.lambda$execute$1(Lorg/junit/platform/launcher/LauncherDiscoveryRequest;[Lorg/junit/platform/launcher/TestExecutionListener;)Ljava/lang/Object;+3
j  org.junit.platform.launcher.core.InterceptingLauncher$$Lambda+0x000001a11008b020.proceed()Ljava/lang/Object;+12
j  org.junit.platform.launcher.core.ClasspathAlignmentCheckingLauncherInterceptor.intercept(Lorg/junit/platform/launcher/LauncherInterceptor$Invocation;)Ljava/lang/Object;+1
j  org.junit.platform.launcher.core.InterceptingLauncher.execute(Lorg/junit/platform/launcher/LauncherDiscoveryRequest;[Lorg/junit/platform/launcher/TestExecutionListener;)V+12
j  org.junit.platform.launcher.core.DelegatingLauncher.execute(Lorg/junit/platform/launcher/LauncherDiscoveryRequest;[Lorg/junit/platform/launcher/TestExecutionListener;)V+6
j  org.junit.platform.launcher.core.SessionPerRequestLauncher.execute(Lorg/junit/platform/launcher/LauncherDiscoveryRequest;[Lorg/junit/platform/launcher/TestExecutionListener;)V+13
j  com.intellij.junit5.JUnit5IdeaTestRunner.startRunnerWithArgs([Ljava/lang/String;Ljava/lang/String;IZ)I+203
j  com.intellij.rt.junit.IdeaTestRunner$Repeater$1.execute(Z)I+17
j  com.intellij.rt.execution.junit.TestsRepeater.repeat(IZLcom/intellij/rt/execution/junit/TestsRepeater$TestRun;)I+7
j  com.intellij.rt.junit.IdeaTestRunner$Repeater.startRunnerWithArgs(Lcom/intellij/rt/junit/IdeaTestRunner;[Ljava/lang/String;Ljava/util/ArrayList;Ljava/lang/String;IZ)I+25
j  com.intellij.rt.junit.JUnitStarter.prepareStreamsAndStart([Ljava/lang/String;Ljava/lang/String;Ljava/util/ArrayList;Ljava/lang/String;)I+117
j  com.intellij.rt.junit.JUnitStarter.main([Ljava/lang/String;)V+97
v  ~StubRoutines::call_stub 0x000001a107530fcd

siginfo: EXCEPTION_ACCESS_VIOLATION (0xc0000005), reading address 0x0000000000000000


Registers:
RAX=0x0000000000000000, RBX=0x000001a16260e740, RCX=0x000001a17e6e19e8, RDX=0x0000000000000000
RSP=0x0000004f3d4fbd50, RBP=0x0000000000000000, RSI=0x000001a17e6e19e0, RDI=0x000001a17e6e19e0
R8 =0x00007ff8387d0c38, R9 =0x0000000000000058, R10=0x0000000000000100, R11=0x9ef681f6ffdca3b0
R12=0x000001a16260e7a0, R13=0x0000004f3d4fbf00, R14=0x0000000000000000, R15=0x000001a17e6e1a28
RIP=0x00007ff820062f58, EFLAGS=0x0000000000010282


Register to memory mapping:

RAX=0x0 is null
RBX=0x000001a16260e740 points into unknown readable memory: 0x4d2f6e6169646e49 | 49 6e 64 69 61 6e 2f 4d
RCX=0x000001a17e6e19e8 points into unknown readable memory: 0x0000000000000000 | 00 00 00 00 00 00 00 00
RDX=0x0 is null
RSP=0x0000004f3d4fbd50 is pointing into the stack for thread: 0x000001a16cf9fbf0
RBP=0x0 is null
RSI=0x000001a17e6e19e0 points into unknown readable memory: 0x00007ff800000002 | 02 00 00 00 f8 7f 00 00
RDI=0x000001a17e6e19e0 points into unknown readable memory: 0x00007ff800000002 | 02 00 00 00 f8 7f 00 00
R8 =0x00007ff8387d0c38 abseil_dll.dll
R9 =0x0000000000000058 is an unknown value
R10=0x0000000000000100 is an unknown value
R11=0x9ef681f6ffdca3b0 is an unknown value
R12=0x000001a16260e7a0 points into unknown readable memory: 0x0000000000435455 | 55 54 43 00 00 00 00 00
R13=0x0000004f3d4fbf00 is pointing into the stack for thread: 0x000001a16cf9fbf0
R14=0x0 is null
R15=0x000001a17e6e1a28 points into unknown readable memory: 0x00000000ffffffff | ff ff ff ff 00 00 00 00

Top of Stack: (sp=0x0000004f3d4fbd50)
0x0000004f3d4fbd50:   0000000000000000 0000000000000000
0x0000004f3d4fbd60:   000001a16cf9fbf0 000001a16260e740
0x0000004f3d4fbd70:   000001a16260e740 00007ff838763fe6
0x0000004f3d4fbd80:   0000ca1f191c089a 0000004f3d4fbe70
0x0000004f3d4fbd90:   0000004f3d4fbe70 000001a16cf9ffb0
0x0000004f3d4fbda0:   000001a17e6e19e0 00007ff838763ca5
0x0000004f3d4fbdb0:   0000004f3d4fbf00 000001a16260e740
0x0000004f3d4fbdc0:   000001a16260e740 0000004f3d4fbf00
0x0000004f3d4fbdd0:   0000000000000020 0000000000000000
0x0000004f3d4fbde0:   0000004f3d4fbfc0 00007ff851288c39
0x0000004f3d4fbdf0:   000001a16cf9fbf0 000001a16cf9ffb0
0x0000004f3d4fbe00:   000001a16506d300 0000000000000000
0x0000004f3d4fbe10:   000001a16260e740 0000004f3d4fbf00
0x0000004f3d4fbe20:   0000000000000000 00007ff83876bc81
0x0000004f3d4fbe30:   000001a16260e740 0000004f3d4fbf00
0x0000004f3d4fbe40:   0000000000000000 000001a16260e7a0
0x0000004f3d4fbe50:   0000004f3d4fbe90 00007ff85380be70
0x0000004f3d4fbe60:   0000000000000000 0000000000000000
0x0000004f3d4fbe70:   000001a16260e770 0000000000000000
0x0000004f3d4fbe80:   0000000000000010 000000000000001f
0x0000004f3d4fbe90:   000001a16260e740 0000000000000000
0x0000004f3d4fbea0:   0000000000000010 000000000000001f
0x0000004f3d4fbeb0:   00009c3cc1bd00ae 010a0a6201ffffff
0x0000004f3d4fbec0:   0000004f3d4fbfc0 00007ff83872094e
0x0000004f3d4fbed0:   0000004f3d4fbf50 00007fffde70be30
0x0000004f3d4fbee0:   000001a15fae4350 0000004f3d4fc180
0x0000004f3d4fbef0:   00007fffde70be30 00007fffdc971e84
0x0000004f3d4fbf00:   0000000000000000 0000000000000000
0x0000004f3d4fbf10:   000001a15b20eaf0 00007ff85380ab11
0x0000004f3d4fbf20:   000001a15b20eae0 000001a16b040000
0x0000004f3d4fbf30:   00007fffde70be30 0000000000000004
0x0000004f3d4fbf40:   000001a15fae4350 00007fffdd154d5d 

Instructions: (pc=0x00007ff820062f58)
0x00007ff820062e58:   cc cc cc cc cc cc cc cc 40 53 48 83 ec 30 48 8d
0x00007ff820062e68:   41 08 4d 8b c8 4c 8b c2 48 89 44 24 28 83 64 24
0x00007ff820062e78:   20 00 48 8b d9 33 d2 33 c9 ff 15 31 36 04 00 48
0x00007ff820062e88:   89 03 48 f7 d8 1b c0 f7 d0 83 e0 04 48 83 c4 30
0x00007ff820062e98:   5b c3 cc cc cc cc cc cc 48 ff 25 59 33 04 00 cc
0x00007ff820062ea8:   cc cc cc cc cc cc cc cc 48 83 c1 08 48 ff 25 95
0x00007ff820062eb8:   31 04 00 cc 48 89 5c 24 18 48 89 74 24 20 57 41
0x00007ff820062ec8:   56 41 57 48 83 ec 40 48 8b 05 82 14 07 00 48 33
0x00007ff820062ed8:   c4 48 89 44 24 30 8b 01 4c 8b f2 0f ba f0 08 48
0x00007ff820062ee8:   8b f1 83 f8 01 75 4a ff 15 03 33 04 00 39 46 48
0x00007ff820062ef8:   74 19 48 8d 4e 08 48 8b 01 48 8b 00 ff 15 a6 37
0x00007ff820062f08:   04 00 ff 15 e8 32 04 00 89 46 48 ff 46 4c 33 c0
0x00007ff820062f18:   48 8b 4c 24 30 48 33 cc e8 3b fd 03 00 48 8b 5c
0x00007ff820062f28:   24 70 48 8b 74 24 78 48 83 c4 40 41 5f 41 5e 5f
0x00007ff820062f38:   c3 4d 85 f6 75 28 4c 8d 79 48 ff 15 b0 32 04 00
0x00007ff820062f48:   41 39 07 0f 84 ad 00 00 00 48 8d 4e 08 48 8b 01
0x00007ff820062f58:   48 8b 00 ff 15 4f 37 04 00 e9 98 00 00 00 48 83
0x00007ff820062f68:   3a 00 7c 6e 75 06 83 7a 08 00 7e 66 ba 01 00 00
0x00007ff820062f78:   00 48 8d 4c 24 20 e8 ed 08 00 00 48 8b 44 24 20
0x00007ff820062f88:   49 3b 06 7c 14 0f 85 b3 00 00 00 41 8b 46 08 39
0x00007ff820062f98:   44 24 28 0f 8d a5 00 00 00 4c 8d 7e 48 ff 15 4d
0x00007ff820062fa8:   32 04 00 41 39 07 74 4e 48 8b 46 08 48 8d 54 24
0x00007ff820062fb8:   20 49 8b ce 48 8b 58 10 e8 ab 07 00 00 8b d0 48
0x00007ff820062fc8:   8d 4e 08 48 8b c3 ff 15 dc 36 04 00 84 c0 74 9c
0x00007ff820062fd8:   eb 24 4c 8d 79 48 ff 15 14 32 04 00 41 39 07 74
0x00007ff820062fe8:   15 48 8d 4e 08 48 8b 01 48 8b 40 08 ff 15 b6 36
0x00007ff820062ff8:   04 00 84 c0 74 48 8b 4e 4c 33 db bf 02 01 00 00
0x00007ff820063008:   8d 41 01 89 46 4c 83 f8 01 7e 0f f7 06 00 01 00
0x00007ff820063018:   00 75 10 89 4e 4c 8b df eb 09 ff 15 d0 31 04 00
0x00007ff820063028:   41 89 07 85 db 0f 84 e3 fe ff ff 3b df 74 0a b8
0x00007ff820063038:   04 00 00 00 e9 d7 fe ff ff 4d 85 f6 74 20 49 83
0x00007ff820063048:   3e 00 75 10 41 8b 46 08 f7 d8 1b c0 83 c0 03 e9 


Stack slot to memory mapping:

stack at sp + 0 slots: 0x0 is null
stack at sp + 1 slots: 0x0 is null
stack at sp + 2 slots: 0x000001a16cf9fbf0 is a thread
stack at sp + 3 slots: 0x000001a16260e740 points into unknown readable memory: 0x4d2f6e6169646e49 | 49 6e 64 69 61 6e 2f 4d
stack at sp + 4 slots: 0x000001a16260e740 points into unknown readable memory: 0x4d2f6e6169646e49 | 49 6e 64 69 61 6e 2f 4d
stack at sp + 5 slots: 0x00007ff838763fe6 abseil_dll.dll
stack at sp + 6 slots: 0x0000ca1f191c089a is an unknown value
stack at sp + 7 slots: 0x0000004f3d4fbe70 is pointing into the stack for thread: 0x000001a16cf9fbf0

Lock stack of current Java thread (top to bottom):

native method entry point (kind = native)  [0x000001a1075403c0, 0x000001a107541628]  4712 bytes
[MachCode]
  0x000001a1075403c0: 488b 4b08 | 0fb7 492e | 584c 8d74 | ccf8 6800 | 0000 0068 | 0000 0000 | 5055 488b | ec41 5568 
  0x000001a1075403e0: 0000 0000 | 4c8b 6b08 | 4d8d 6d38 | 5348 8b53 | 0848 8b52 | 0848 8b52 | 1848 8b52 | 7048 8b12 
  0x000001a107540400: 5248 8b53 | 1048 85d2 | 0f84 0700 | 0000 4881 | c210 0100 | 0052 488b | 5308 488b | 5208 488b 
  0x000001a107540420: 5210 5249 | 8bc6 482b | c548 c1e8 | 0350 6800 | 0000 0068 | f7ff ffff | 41c6 8771 | 0400 0001 
  0x000001a107540440: 488b 4310 | 4885 c074 | 208b 88cc | 0000 0083 | c102 8988 | cc00 0000 | 2388 e000 | 0000 0f84 
  0x000001a107540460: 5f10 0000 | e986 0100 | 0048 8b43 | 1848 85c0 | 0f85 6701 | 0000 e805 | 0000 00e9 | 5001 0000 
  0x000001a107540480: 488b d348 | 8d44 2408 | 4c89 6dc0 | 498b cfc5 | f877 4989 | afb0 0300 | 0049 8987 | a003 0000 
  0x000001a1075404a0: 4883 ec20 | 40f6 c40f | 0f84 1900 | 0000 4883 | ec08 48b8 | 9026 86f8 | ff7f 0000 | ffd0 4883 
  0x000001a1075404c0: c408 e90c | 0000 0048 | b890 2686 | f8ff 7f00 | 00ff d048 | 83c4 2049 | c787 a003 | 0000 0000 
  0x000001a1075404e0: 0000 49c7 | 87b0 0300 | 0000 0000 | 0049 c787 | a803 0000 | 0000 0000 | c5f8 7741 | 8b8f 2c05 
  0x000001a107540500: 0000 f6c1 | 010f 8442 | 0000 00f6 | c102 0f85 | 3900 0000 | 4883 ec20 | 40f6 c40f | 0f84 1900 
  0x000001a107540520: 0000 4883 | ec08 48b8 | 10fc 85f8 | ff7f 0000 | ffd0 4883 | c408 e90c | 0000 0048 | b810 fc85 
  0x000001a107540540: f8ff 7f00 | 00ff d048 | 83c4 20ff | e049 8b8f | d805 0000 | 4885 c90f | 8455 0000 | 008b 899c 
  0x000001a107540560: 0000 0083 | f901 0f85 | 4600 0000 | 498b 8fd8 | 0500 008b | 89a0 0000 | 0048 83ec | 2040 f6c4 
  0x000001a107540580: 0f0f 8419 | 0000 0048 | 83ec 0848 | b800 fc85 | f8ff 7f00 | 00ff d048 | 83c4 08e9 | 0c00 0000 
  0x000001a1075405a0: 48b8 00fc | 85f8 ff7f | 0000 ffd0 | 4883 c420 | ffe0 4983 | 7f08 000f | 8405 0000 | 00e9 fe08 
  0x000001a1075405c0: ffff 4c8b | 6dc0 4c8b | 75c8 4e8d | 74f5 00c3 | 488b 4318 | 4885 c00f | 8412 0000 | 008b 4808 
  0x000001a1075405e0: 83c1 0289 | 4808 2348 | 1c0f 84d4 | 0e00 0049 | 3ba7 e804 | 0000 0f87 | 4800 0000 | 8984 2400 
  0x000001a107540600: f0ff ff89 | 8424 00e0 | ffff 8984 | 2400 d0ff | ff89 8424 | 00c0 ffff | 8984 2400 | b0ff ff89 
  0x000001a107540620: 8424 00a0 | ffff 8984 | 2400 90ff | ff89 8424 | 0080 ffff | 493b a7e0 | 0400 0076 | 0749 89a7 
  0x000001a107540640: e804 0000 | 41c6 8771 | 0400 0000 | 418b 97e0 | 0500 0085 | d20f 8457 | 0100 00e8 | 0500 0000 
  0x000001a107540660: e94d 0100 | 0048 8d44 | 2408 4c89 | 6dc0 498b | cfc5 f877 | 4989 afb0 | 0300 0049 | 8987 a003 
  0x000001a107540680: 0000 4883 | ec20 40f6 | c40f 0f84 | 1900 0000 | 4883 ec08 | 48b8 e04b | 86f8 ff7f | 0000 ffd0 
  0x000001a1075406a0: 4883 c408 | e90c 0000 | 0048 b8e0 | 4b86 f8ff | 7f00 00ff | d048 83c4 | 2049 c787 | a003 0000 
  0x000001a1075406c0: 0000 0000 | 49c7 87b0 | 0300 0000 | 0000 0049 | c787 a803 | 0000 0000 | 0000 c5f8 | 7741 8b8f 
  0x000001a1075406e0: 2c05 0000 | f6c1 010f | 8442 0000 | 00f6 c102 | 0f85 3900 | 0000 4883 | ec20 40f6 | c40f 0f84 
  0x000001a107540700: 1900 0000 | 4883 ec08 | 48b8 10fc | 85f8 ff7f | 0000 ffd0 | 4883 c408 | e90c 0000 | 0048 b810 
  0x000001a107540720: fc85 f8ff | 7f00 00ff | d048 83c4 | 20ff e049 | 8b8f d805 | 0000 4885 | c90f 8455 | 0000 008b 
  0x000001a107540740: 899c 0000 | 0083 f901 | 0f85 4600 | 0000 498b | 8fd8 0500 | 008b 89a0 | 0000 0048 | 83ec 2040 
  0x000001a107540760: f6c4 0f0f | 8419 0000 | 0048 83ec | 0848 b800 | fc85 f8ff | 7f00 00ff | d048 83c4 | 08e9 0c00 
  0x000001a107540780: 0000 48b8 | 00fc 85f8 | ff7f 0000 | ffd0 4883 | c420 ffe0 | 4983 7f08 | 000f 8405 | 0000 00e9 
  0x000001a1075407a0: 1c07 ffff | 4c8b 6dc0 | 4c8b 75c8 | 4e8d 74f5 | 00c3 49ba | 41ad 0df9 | ff7f 0000 | 4180 3a00 
  0x000001a1075407c0: 0f84 3e00 | 0000 488b | 55e8 498b | cf48 83ec | 2040 f6c4 | 0f0f 8419 | 0000 0048 | 83ec 0848 
  0x000001a1075407e0: b810 eebd | f8ff 7f00 | 00ff d048 | 83c4 08e9 | 0c00 0000 | 48b8 10ee | bdf8 ff7f | 0000 ffd0 
  0x000001a107540800: 4883 c420 | 488b 5de8 | 4c8b 5b08 | 450f b75b | 2e41 c1e3 | 0349 2be3 | 4883 ec20 | 4883 e4f0 
  0x000001a107540820: 4c8b 5b60 | 4d85 db0f | 8562 0100 | 00e8 0500 | 0000 e950 | 0100 0048 | 8bd3 488d | 4424 084c 
  0x000001a107540840: 896d c049 | 8bcf c5f8 | 7749 89af | b003 0000 | 4989 87a0 | 0300 0048 | 83ec 2040 | f6c4 0f0f 
  0x000001a107540860: 8419 0000 | 0048 83ec | 0848 b8f0 | 4d86 f8ff | 7f00 00ff | d048 83c4 | 08e9 0c00 | 0000 48b8 
  0x000001a107540880: f04d 86f8 | ff7f 0000 | ffd0 4883 | c420 49c7 | 87a0 0300 | 0000 0000 | 0049 c787 | b003 0000 
  0x000001a1075408a0: 0000 0000 | 49c7 87a8 | 0300 0000 | 0000 00c5 | f877 418b | 8f2c 0500 | 00f6 c101 | 0f84 4200 
  0x000001a1075408c0: 0000 f6c1 | 020f 8539 | 0000 0048 | 83ec 2040 | f6c4 0f0f | 8419 0000 | 0048 83ec | 0848 b810 
  0x000001a1075408e0: fc85 f8ff | 7f00 00ff | d048 83c4 | 08e9 0c00 | 0000 48b8 | 10fc 85f8 | ff7f 0000 | ffd0 4883 
  0x000001a107540900: c420 ffe0 | 498b 8fd8 | 0500 0048 | 85c9 0f84 | 5500 0000 | 8b89 9c00 | 0000 83f9 | 010f 8546 
  0x000001a107540920: 0000 0049 | 8b8f d805 | 0000 8b89 | a000 0000 | 4883 ec20 | 40f6 c40f | 0f84 1900 | 0000 4883 
  0x000001a107540940: ec08 48b8 | 00fc 85f8 | ff7f 0000 | ffd0 4883 | c408 e90c | 0000 0048 | b800 fc85 | f8ff 7f00 
  0x000001a107540960: 00ff d048 | 83c4 20ff | e049 837f | 0800 0f84 | 0500 0000 | e947 05ff | ff4c 8b6d | c04c 8b75 
  0x000001a107540980: c84e 8d74 | f500 c348 | 8b5d e84c | 8b5b 6041 | ffd3 488b | 5de8 4889 | 4518 448b | 5b28 41f6 
  0x000001a1075409a0: c308 0f84 | 1b00 0000 | 4c8b 5b08 | 4d8b 5b08 | 4d8b 5b18 | 4d8b 5b70 | 4d8b 1b4c | 895d 1048 
  0x000001a1075409c0: 8d55 1048 | 8b43 5849 | ba60 3cbe | f8ff 7f00 | 0049 3bc2 | 0f85 6201 | 0000 e805 | 0000 00e9 
  0x000001a1075409e0: 5001 0000 | 488b d348 | 8d44 2408 | 4c89 6dc0 | 498b cfc5 | f877 4989 | afb0 0300 | 0049 8987 
  0x000001a107540a00: a003 0000 | 4883 ec20 | 40f6 c40f | 0f84 1900 | 0000 4883 | ec08 48b8 | f04d 86f8 | ff7f 0000 
  0x000001a107540a20: ffd0 4883 | c408 e90c | 0000 0048 | b8f0 4d86 | f8ff 7f00 | 00ff d048 | 83c4 2049 | c787 a003 
  0x000001a107540a40: 0000 0000 | 0000 49c7 | 87b0 0300 | 0000 0000 | 0049 c787 | a803 0000 | 0000 0000 | c5f8 7741 
  0x000001a107540a60: 8b8f 2c05 | 0000 f6c1 | 010f 8442 | 0000 00f6 | c102 0f85 | 3900 0000 | 4883 ec20 | 40f6 c40f 
  0x000001a107540a80: 0f84 1900 | 0000 4883 | ec08 48b8 | 10fc 85f8 | ff7f 0000 | ffd0 4883 | c408 e90c | 0000 0048 
  0x000001a107540aa0: b810 fc85 | f8ff 7f00 | 00ff d048 | 83c4 20ff | e049 8b8f | d805 0000 | 4885 c90f | 8455 0000 
  0x000001a107540ac0: 008b 899c | 0000 0083 | f901 0f85 | 4600 0000 | 498b 8fd8 | 0500 008b | 89a0 0000 | 0048 83ec 
  0x000001a107540ae0: 2040 f6c4 | 0f0f 8419 | 0000 0048 | 83ec 0848 | b800 fc85 | f8ff 7f00 | 00ff d048 | 83c4 08e9 
  0x000001a107540b00: 0c00 0000 | 48b8 00fc | 85f8 ff7f | 0000 ffd0 | 4883 c420 | ffe0 4983 | 7f08 000f | 8405 0000 
  0x000001a107540b20: 00e9 9a03 | ffff 4c8b | 6dc0 4c8b | 75c8 4e8d | 74f5 00c3 | 488b 5de8 | 488b 4358 | 498d 8fc0 
  0x000001a107540b40: 0300 00c5 | f877 4989 | afb0 0300 | 0049 ba43 | 0b54 07a1 | 0100 004d | 8997 a803 | 0000 4989 
  0x000001a107540b60: a7a0 0300 | 0041 c787 | 4404 0000 | 0400 0000 | ffd0 c5f8 | 7748 83ec | 10c5 fb11 | 0424 4883 
  0x000001a107540b80: ec10 4889 | 0424 48c7 | 4424 0800 | 0000 0041 | c787 4404 | 0000 0500 | 0000 f083 | 4424 c000 
  0x000001a107540ba0: 493b af48 | 0400 000f | 870e 0000 | 0041 83bf | 4004 0000 | 000f 8420 | 0000 0049 | 8bcf 4c8b 
  0x000001a107540bc0: e448 83ec | 2048 83e4 | f048 b890 | a987 f8ff | 7f00 00ff | d049 8be4 | 4d33 e441 | c787 4404 
  0x000001a107540be0: 0000 0800 | 0000 49c7 | 87a0 0300 | 0000 0000 | 0049 c787 | b003 0000 | 0000 0000 | 49c7 87a8 
  0x000001a107540c00: 0300 0000 | 0000 00c5 | f877 4d8b | 9f30 0400 | 0041 c783 | 0001 0000 | 0000 0000 | 49bb fac8 
  0x000001a107540c20: 5307 a101 | 0000 4c3b | 5d18 0f85 | 2402 0000 | 488b 0424 | 4883 c410 | 4885 c00f | 84fe 0100 
  0x000001a107540c40: 00a8 030f | 8508 0000 | 0048 8b00 | e9ee 0100 | 00a8 010f | 8509 0000 | 0048 8b40 | fee9 dd01 
  0x000001a107540c60: 0000 488b | 40ff 4180 | 7f38 000f | 84ce 0100 | 0048 83f8 | 000f 84c4 | 0100 004d | 8b5f 2849 
  0x000001a107540c80: 83fb 000f | 8414 0000 | 0049 83eb | 084d 895f | 284d 035f | 3049 8903 | e9a2 0100 | 0048 81ec 
  0x000001a107540ca0: d000 0000 | 4889 0424 | 4889 4c24 | 0848 8954 | 2410 4889 | 7424 1848 | 897c 2420 | 4c89 4424 
  0x000001a107540cc0: 284c 894c | 2430 4c89 | 5424 384c | 895c 2440 | c5fb 1144 | 2450 c5fb | 114c 2458 | c5fb 1154 
  0x000001a107540ce0: 2460 c5fb | 115c 2468 | c5fb 1164 | 2470 c5fb | 116c 2478 | c5fb 11b4 | 2480 0000 | 00c5 fb11 
  0x000001a107540d00: bc24 8800 | 0000 c57b | 1184 2490 | 0000 00c5 | 7b11 8c24 | 9800 0000 | c57b 1194 | 24a0 0000 
  0x000001a107540d20: 00c5 7b11 | 9c24 a800 | 0000 c57b | 11a4 24b0 | 0000 00c5 | 7b11 ac24 | b800 0000 | c57b 11b4 
  0x000001a107540d40: 24c0 0000 | 00c5 7b11 | bc24 c800 | 0000 498b | d748 8bc8 | 4883 ec20 | 40f6 c40f | 0f84 1900 
  0x000001a107540d60: 0000 4883 | ec08 48b8 | e007 7bf8 | ff7f 0000 | ffd0 4883 | c408 e90c | 0000 0048 | b8e0 077b 
  0x000001a107540d80: f8ff 7f00 | 00ff d048 | 83c4 20c5 | 7b10 bc24 | c800 0000 | c57b 10b4 | 24c0 0000 | 00c5 7b10 
  0x000001a107540da0: ac24 b800 | 0000 c57b | 10a4 24b0 | 0000 00c5 | 7b10 9c24 | a800 0000 | c57b 1094 | 24a0 0000 
  0x000001a107540dc0: 00c5 7b10 | 8c24 9800 | 0000 c57b | 1084 2490 | 0000 00c5 | fb10 bc24 | 8800 0000 | c5fb 10b4 
  0x000001a107540de0: 2480 0000 | 00c5 fb10 | 6c24 78c5 | fb10 6424 | 70c5 fb10 | 5c24 68c5 | fb10 5424 | 60c5 fb10 
  0x000001a107540e00: 4c24 58c5 | fb10 4424 | 504c 8b5c | 2440 4c8b | 5424 384c | 8b4c 2430 | 4c8b 4424 | 2848 8b7c 
  0x000001a107540e20: 2420 488b | 7424 1848 | 8b54 2410 | 488b 4c24 | 0848 8b04 | 2448 81c4 | d000 0000 | c5f8 7748 
  0x000001a107540e40: 8945 1048 | 83ec 1048 | 8904 2448 | c744 2408 | 0000 0000 | 4183 bfc8 | 0400 0002 | 0f85 bf00 
  0x000001a107540e60: 0000 4881 | ec80 0000 | 0048 8944 | 2478 4889 | 4c24 7048 | 8954 2468 | 4889 5c24 | 6048 896c 
  0x000001a107540e80: 2450 4889 | 7424 4848 | 897c 2440 | 4c89 4424 | 384c 894c | 2430 4c89 | 5424 284c | 895c 2420 
  0x000001a107540ea0: 4c89 6424 | 184c 896c | 2410 4c89 | 7424 084c | 893c 244c | 8be4 4883 | ec20 4883 | e4f0 48b8 
  0x000001a107540ec0: c022 bef8 | ff7f 0000 | ffd0 498b | e44c 8b3c | 244c 8b74 | 2408 4c8b | 6c24 104c | 8b64 2418 
  0x000001a107540ee0: 4c8b 5c24 | 204c 8b54 | 2428 4c8b | 4c24 304c | 8b44 2438 | 488b 7c24 | 4048 8b74 | 2448 488b 
  0x000001a107540f00: 6c24 5048 | 8b5c 2460 | 488b 5424 | 6848 8b4c | 2470 488b | 4424 7848 | 81c4 8000 | 0000 4d33 
  0x000001a107540f20: e448 8b5d | e84c 8b6b | 084d 8d6d | 3849 837f | 0800 0f84 | 7201 0000 | e805 0000 | 00e9 4d01 
  0x000001a107540f40: 0000 488d | 4424 084c | 896d c049 | 8bcf c5f8 | 7749 89af | b003 0000 | 4989 87a0 | 0300 0048 
  0x000001a107540f60: 83ec 2040 | f6c4 0f0f | 8419 0000 | 0048 83ec | 0848 b800 | 6c86 f8ff | 7f00 00ff | d048 83c4 
  0x000001a107540f80: 08e9 0c00 | 0000 48b8 | 006c 86f8 | ff7f 0000 | ffd0 4883 | c420 49c7 | 87a0 0300 | 0000 0000 
  0x000001a107540fa0: 0049 c787 | b003 0000 | 0000 0000 | 49c7 87a8 | 0300 0000 | 0000 00c5 | f877 418b | 8f2c 0500 
  0x000001a107540fc0: 00f6 c101 | 0f84 4200 | 0000 f6c1 | 020f 8539 | 0000 0048 | 83ec 2040 | f6c4 0f0f | 8419 0000 
  0x000001a107540fe0: 0048 83ec | 0848 b810 | fc85 f8ff | 7f00 00ff | d048 83c4 | 08e9 0c00 | 0000 48b8 | 10fc 85f8 
  0x000001a107541000: ff7f 0000 | ffd0 4883 | c420 ffe0 | 498b 8fd8 | 0500 0048 | 85c9 0f84 | 5500 0000 | 8b89 9c00 
  0x000001a107541020: 0000 83f9 | 010f 8546 | 0000 0049 | 8b8f d805 | 0000 8b89 | a000 0000 | 4883 ec20 | 40f6 c40f 
  0x000001a107541040: 0f84 1900 | 0000 4883 | ec08 48b8 | 00fc 85f8 | ff7f 0000 | ffd0 4883 | c408 e90c | 0000 0048 
  0x000001a107541060: b800 fc85 | f8ff 7f00 | 00ff d048 | 83c4 20ff | e049 837f | 0800 0f84 | 0500 0000 | e93f fefe 
  0x000001a107541080: ff4c 8b6d | c04c 8b75 | c84e 8d74 | f500 c348 | b930 d5e5 | f8ff 7f00 | 0048 83e4 | f048 b870 
  0x000001a1075410a0: 4aac f8ff | 7f00 00ff | d0f4 448b | 5b28 41f6 | c320 0f84 | 3002 0000 | 488d 55a8 | 4c8b 5a08 
  0x000001a1075410c0: 4d85 db0f | 8572 0100 | 00e8 0500 | 0000 e94d | 0100 0048 | 8d44 2408 | 4c89 6dc0 | 498b cfc5 
  0x000001a1075410e0: f877 4989 | afb0 0300 | 0049 8987 | a003 0000 | 4883 ec20 | 40f6 c40f | 0f84 1900 | 0000 4883 
  0x000001a107541100: ec08 48b8 | 306b 86f8 | ff7f 0000 | ffd0 4883 | c408 e90c | 0000 0048 | b830 6b86 | f8ff 7f00 
  0x000001a107541120: 00ff d048 | 83c4 2049 | c787 a003 | 0000 0000 | 0000 49c7 | 87b0 0300 | 0000 0000 | 0049 c787 
  0x000001a107541140: a803 0000 | 0000 0000 | c5f8 7741 | 8b8f 2c05 | 0000 f6c1 | 010f 8442 | 0000 00f6 | c102 0f85 
  0x000001a107541160: 3900 0000 | 4883 ec20 | 40f6 c40f | 0f84 1900 | 0000 4883 | ec08 48b8 | 10fc 85f8 | ff7f 0000 
  0x000001a107541180: ffd0 4883 | c408 e90c | 0000 0048 | b810 fc85 | f8ff 7f00 | 00ff d048 | 83c4 20ff | e049 8b8f 
  0x000001a1075411a0: d805 0000 | 4885 c90f | 8455 0000 | 008b 899c | 0000 0083 | f901 0f85 | 4600 0000 | 498b 8fd8 
  0x000001a1075411c0: 0500 008b | 89a0 0000 | 0048 83ec | 2040 f6c4 | 0f0f 8419 | 0000 0048 | 83ec 0848 | b800 fc85 
  0x000001a1075411e0: f8ff 7f00 | 00ff d048 | 83c4 08e9 | 0c00 0000 | 48b8 00fc | 85f8 ff7f | 0000 ffd0 | 4883 c420 
  0x000001a107541200: ffe0 4983 | 7f08 000f | 8405 0000 | 00e9 aefc | feff 4c8b | 6dc0 4c8b | 75c8 4e8d | 74f5 00c3 
  0x000001a107541220: 48b9 30d5 | e5f8 ff7f | 0000 4883 | e4f0 48b8 | 704a acf8 | ff7f 0000 | ffd0 f44c | 896d c04c 
  0x000001a107541240: 8b4a 0848 | c742 0800 | 0000 0045 | 8b87 1806 | 0000 4f3b | 4c07 f80f | 8549 0000 | 0041 83af 
  0x000001a107541260: 1806 0000 | 084f 3b4c | 07f0 0f84 | 2a00 0000 | 498b 01a8 | 020f 8512 | 0000 004c | 8bc0 4983 
  0x000001a107541280: c801 f04d | 0fb1 010f | 840d 0000 | 0041 8387 | 1806 0000 | 08e9 0c00 | 0000 49ff | 8f50 0500 
  0x000001a1075412a0: 00e9 3e00 | 0000 4c89 | 4a08 488b | ca48 83ec | 2040 f6c4 | 0f0f 8419 | 0000 0048 | 83ec 0848 
  0x000001a1075412c0: b8f0 3d86 | f8ff 7f00 | 00ff d048 | 83c4 08e9 | 0c00 0000 | 48b8 f03d | 86f8 ff7f | 0000 ffd0 
  0x000001a1075412e0: 4883 c420 | 4c8b 6dc0 | 418b 97e0 | 0500 0085 | d20f 8457 | 0100 00e8 | 0500 0000 | e94d 0100 
  0x000001a107541300: 0048 8d44 | 2408 4c89 | 6dc0 498b | cfc5 f877 | 4989 afb0 | 0300 0049 | 8987 a003 | 0000 4883 
  0x000001a107541320: ec20 40f6 | c40f 0f84 | 1900 0000 | 4883 ec08 | 48b8 204d | 86f8 ff7f | 0000 ffd0 | 4883 c408 
  0x000001a107541340: e90c 0000 | 0048 b820 | 4d86 f8ff | 7f00 00ff | d048 83c4 | 2049 c787 | a003 0000 | 0000 0000 
  0x000001a107541360: 49c7 87b0 | 0300 0000 | 0000 0049 | c787 a803 | 0000 0000 | 0000 c5f8 | 7741 8b8f | 2c05 0000 
  0x000001a107541380: f6c1 010f | 8442 0000 | 00f6 c102 | 0f85 3900 | 0000 4883 | ec20 40f6 | c40f 0f84 | 1900 0000 
  0x000001a1075413a0: 4883 ec08 | 48b8 10fc | 85f8 ff7f | 0000 ffd0 | 4883 c408 | e90c 0000 | 0048 b810 | fc85 f8ff 
  0x000001a1075413c0: 7f00 00ff | d048 83c4 | 20ff e049 | 8b8f d805 | 0000 4885 | c90f 8455 | 0000 008b | 899c 0000 
  0x000001a1075413e0: 0083 f901 | 0f85 4600 | 0000 498b | 8fd8 0500 | 008b 89a0 | 0000 0048 | 83ec 2040 | f6c4 0f0f 
  0x000001a107541400: 8419 0000 | 0048 83ec | 0848 b800 | fc85 f8ff | 7f00 00ff | d048 83c4 | 08e9 0c00 | 0000 48b8 
  0x000001a107541420: 00fc 85f8 | ff7f 0000 | ffd0 4883 | c420 ffe0 | 4983 7f08 | 000f 8405 | 0000 00e9 | 80fa feff 
  0x000001a107541440: 4c8b 6dc0 | 4c8b 75c8 | 4e8d 74f5 | 00c3 49ba | 41ad 0df9 | ff7f 0000 | 4180 3a00 | 0f84 3e00 
  0x000001a107541460: 0000 488b | 55e8 498b | cf48 83ec | 2040 f6c4 | 0f0f 8419 | 0000 0048 | 83ec 0848 | b810 eebd 
  0x000001a107541480: f8ff 7f00 | 00ff d048 | 83c4 08e9 | 0c00 0000 | 48b8 10ee | bdf8 ff7f | 0000 ffd0 | 4883 c420 
  0x000001a1075414a0: 488b 0424 | 4883 c410 | c5fb 1004 | 2448 83c4 | 104c 8b5d | 1841 ffd3 | 4c8b 5df8 | c95f 498b 
  0x000001a1075414c0: e3ff e7ba | 0000 0000 | e805 0000 | 00e9 4d01 | 0000 488d | 4424 084c | 896d c049 | 8bcf c5f8 
  0x000001a1075414e0: 7749 89af | b003 0000 | 4989 87a0 | 0300 0048 | 83ec 2040 | f6c4 0f0f | 8419 0000 | 0048 83ec 
  0x000001a107541500: 0848 b8a0 | 3186 f8ff | 7f00 00ff | d048 83c4 | 08e9 0c00 | 0000 48b8 | a031 86f8 | ff7f 0000 
  0x000001a107541520: ffd0 4883 | c420 49c7 | 87a0 0300 | 0000 0000 | 0049 c787 | b003 0000 | 0000 0000 | 49c7 87a8 
  0x000001a107541540: 0300 0000 | 0000 00c5 | f877 418b | 8f2c 0500 | 00f6 c101 | 0f84 4200 | 0000 f6c1 | 020f 8539 
  0x000001a107541560: 0000 0048 | 83ec 2040 | f6c4 0f0f | 8419 0000 | 0048 83ec | 0848 b810 | fc85 f8ff | 7f00 00ff 
  0x000001a107541580: d048 83c4 | 08e9 0c00 | 0000 48b8 | 10fc 85f8 | ff7f 0000 | ffd0 4883 | c420 ffe0 | 498b 8fd8 
  0x000001a1075415a0: 0500 0048 | 85c9 0f84 | 5500 0000 | 8b89 9c00 | 0000 83f9 | 010f 8546 | 0000 0049 | 8b8f d805 
  0x000001a1075415c0: 0000 8b89 | a000 0000 | 4883 ec20 | 40f6 c40f | 0f84 1900 | 0000 4883 | ec08 48b8 | 00fc 85f8 
  0x000001a1075415e0: ff7f 0000 | ffd0 4883 | c408 e90c | 0000 0048 | b800 fc85 | f8ff 7f00 | 00ff d048 | 83c4 20ff 
  0x000001a107541600: e049 837f | 0800 0f84 | 0500 0000 | e9af f8fe | ff4c 8b6d | c04c 8b75 | c84e 8d74 | f500 c348 
  0x000001a107541620: 8b5d e8e9 | c7ef ffff 
[/MachCode]

Compiled method (c1) 14933 4931   !   3       jdk.internal.reflect.DirectMethodHandleAccessor::invoke (92 bytes)
 total in heap  [0x000001a100710a08,0x000001a100712fa0] = 9624
 relocation     [0x000001a100710ae0,0x000001a100710df8] = 792
 main code      [0x000001a100710e00,0x000001a100712dd8] = 8152
 stub code      [0x000001a100712dd8,0x000001a100712f18] = 320
 oops           [0x000001a100712f18,0x000001a100712f38] = 32
 metadata       [0x000001a100712f38,0x000001a100712fa0] = 104
 immutable data [0x000001a1584426c0,0x000001a158444128] = 6760
 dependencies   [0x000001a1584426c0,0x000001a1584426e0] = 32
 nul chk table  [0x000001a1584426e0,0x000001a158442788] = 168
 handler table  [0x000001a158442788,0x000001a158442ed8] = 1872
 scopes pcs     [0x000001a158442ed8,0x000001a158443a68] = 2960
 scopes data    [0x000001a158443a68,0x000001a158444128] = 1728

[Constant Pool (empty)]

[MachCode]
[Instructions begin]
  0x000001a100710e00: 660f 1f84 | 0000 0000 | 0066 0f1f | 8400 0000 | 0000 448b | 5208 443b 

  0x000001a100710e18: ;   {runtime_call ic_miss_stub}
  0x000001a100710e18: 5008 0f85 | c0d6 e606 
[Verified Entry Point]
  0x000001a100710e20: 8984 2400 | 80ff ff55 | 4881 ec50 | 0100 0090 | 4181 7f20 | 0900 0000 

  0x000001a100710e38: ;   {runtime_call StubRoutines (final stubs)}
  0x000001a100710e38: 7405 e801 | 69e5 0648 | 8994 24a8 | 0000 004c | 8984 24b8 | 0000 004c | 898c 24b0 

  0x000001a100710e54: ;   {metadata(method data for {method} {0x000001a10f298240} 'invoke' '(Ljava/lang/Object;[Ljava/lang/Object;)Ljava/lang/Object;' in 'jdk/internal/reflect/DirectMethodHandleAccessor')}
  0x000001a100710e54: 0000 0048 | bef0 ecbf | 52a1 0100 | 008b becc | 0000 0083 | c702 89be | cc00 0000 | 81e7 fe07 
  0x000001a100710e74: 0000 85ff | 0f84 ce1a 

  0x000001a100710e7c: ;*aload_0 {reexecute=0 rethrow=0 return_oop=0}
                      ; - jdk.internal.reflect.DirectMethodHandleAccessor::invoke@0 (line 98)
  0x000001a100710e7c: 0000 488b 

  0x000001a100710e80: ;   {metadata(method data for {method} {0x000001a10f298240} 'invoke' '(Ljava/lang/Object;[Ljava/lang/Object;)Ljava/lang/Object;' in 'jdk/internal/reflect/DirectMethodHandleAccessor')}
  0x000001a100710e80: f248 bff0 | ecbf 52a1 | 0100 0048 | 8387 1801 

  0x000001a100710e90: ;   {metadata(method data for {method} {0x000001a10f43e4f8} 'isStatic' '()Z' in 'jdk/internal/reflect/DirectMethodHandleAccessor')}
  0x000001a100710e90: 0000 0148 | be28 f0bf | 52a1 0100 | 008b becc | 0000 0083 | c702 89be | cc00 0000 | 81e7 feff 
  0x000001a100710eb0: 1f00 85ff | 0f84 b31a | 0000 8b72 

  0x000001a100710ebc: ;*getfield flags {reexecute=0 rethrow=0 return_oop=0}
                      ; - jdk.internal.reflect.DirectMethodHandleAccessor::isStatic@1 (line 183)
                      ; - jdk.internal.reflect.DirectMethodHandleAccessor::invoke@1 (line 98)
  0x000001a100710ebc: 1081 e600 | 0200 0081 | fe00 0200 

  0x000001a100710ec8: ;   {metadata(method data for {method} {0x000001a10f43e4f8} 'isStatic' '()Z' in 'jdk/internal/reflect/DirectMethodHandleAccessor')}
  0x000001a100710ec8: 0048 be28 | f0bf 52a1 | 0100 00bf | 1801 0000 | 7505 bf28 | 0100 0048 | 8b1c 3e48 | 8d5b 0148 
  0x000001a100710ee8: 891c 3e0f | 851a 0000 

  0x000001a100710ef0: ;*if_icmpne {reexecute=0 rethrow=0 return_oop=0}
                      ; - jdk.internal.reflect.DirectMethodHandleAccessor::isStatic@11 (line 183)
                      ; - jdk.internal.reflect.DirectMethodHandleAccessor::invoke@1 (line 98)
                      ;   {metadata(method data for {method} {0x000001a10f43e4f8} 'isStatic' '()Z' in 'jdk/internal/reflect/DirectMethodHandleAccessor')}
  0x000001a100710ef0: 0048 be28 | f0bf 52a1 | 0100 00ff | 8638 0100 | 00be 0100 | 0000 e905 

  0x000001a100710f08: ;*goto {reexecute=0 rethrow=0 return_oop=0}
                      ; - jdk.internal.reflect.DirectMethodHandleAccessor::isStatic@15 (line 183)
                      ; - jdk.internal.reflect.DirectMethodHandleAccessor::invoke@1 (line 98)
  0x000001a100710f08: 0000 00be 

  0x000001a100710f0c: ;*ireturn {reexecute=0 rethrow=0 return_oop=0}
                      ; - jdk.internal.reflect.DirectMethodHandleAccessor::isStatic@19 (line 183)
                      ; - jdk.internal.reflect.DirectMethodHandleAccessor::invoke@1 (line 98)
  0x000001a100710f0c: 0000 0000 | 83e6 0185 

  0x000001a100710f14: ;   {metadata(method data for {method} {0x000001a10f298240} 'invoke' '(Ljava/lang/Object;[Ljava/lang/Object;)Ljava/lang/Object;' in 'jdk/internal/reflect/DirectMethodHandleAccessor')}
  0x000001a100710f14: f648 bef0 | ecbf 52a1 | 0100 00bf | 4801 0000 | 7505 bf58 | 0100 0048 | 8b1c 3e48 | 8d5b 0148 
  0x000001a100710f34: 891c 3e0f | 8537 0000 

  0x000001a100710f3c: ;*ifne {reexecute=0 rethrow=0 return_oop=0}
                      ; - jdk.internal.reflect.DirectMethodHandleAccessor::invoke@4 (line 98)
  0x000001a100710f3c: 0048 8bf2 

  0x000001a100710f40: ;   {metadata(method data for {method} {0x000001a10f298240} 'invoke' '(Ljava/lang/Object;[Ljava/lang/Object;)Ljava/lang/Object;' in 'jdk/internal/reflect/DirectMethodHandleAccessor')}
  0x000001a100710f40: 48bf f0ec | bf52 a101 | 0000 4883 | 8768 0100 | 0001 498b | f04c 8bc6 | 488b fa48 

  0x000001a100710f5c: ;*invokevirtual checkReceiver {reexecute=0 rethrow=0 return_oop=0}
                      ; - jdk.internal.reflect.DirectMethodHandleAccessor::invoke@9 (line 99)
                      ;   {optimized virtual_call}
  0x000001a100710f5c: 8bd7 90e8 

  0x000001a100710f60: ; ImmutableOopMap {[168]=Oop [176]=Oop [184]=Oop }
                      ;*invokevirtual checkReceiver {reexecute=0 rethrow=0 return_oop=0}
                      ; - jdk.internal.reflect.DirectMethodHandleAccessor::invoke@9 (line 99)
  0x000001a100710f60: fc19 3c00 

  0x000001a100710f64: ;   {other}
  0x000001a100710f64: 0f1f 8400 

  0x000001a100710f68: ;*invokevirtual checkReceiver {reexecute=0 rethrow=0 return_oop=0}
                      ; - jdk.internal.reflect.DirectMethodHandleAccessor::invoke@9 (line 99)
  0x000001a100710f68: 5c05 0000 | 488b 9424 | a800 0000 

  0x000001a100710f74: ;*getfield paramCount {reexecute=0 rethrow=0 return_oop=0}
                      ; - jdk.internal.reflect.DirectMethodHandleAccessor::invoke@13 (line 101)
  0x000001a100710f74: 448b 420c 

  0x000001a100710f78: ;   {metadata(method data for {method} {0x000001a10f298240} 'invoke' '(Ljava/lang/Object;[Ljava/lang/Object;)Ljava/lang/Object;' in 'jdk/internal/reflect/DirectMethodHandleAccessor')}
  0x000001a100710f78: 48be f0ec | bf52 a101 | 0000 4883 | 8698 0100 | 0001 498b | d04c 8b84 | 24b0 0000 

  0x000001a100710f94: ;*invokestatic checkArgumentCount {reexecute=0 rethrow=0 return_oop=0}
                      ; - jdk.internal.reflect.DirectMethodHandleAccessor::invoke@17 (line 101)
                      ;   {static_call}
  0x000001a100710f94: 0066 90e8 

  0x000001a100710f98: ; ImmutableOopMap {[168]=Oop [176]=Oop [184]=Oop }
                      ;*invokestatic checkArgumentCount {reexecute=0 rethrow=0 return_oop=0}
                      ; - jdk.internal.reflect.DirectMethodHandleAccessor::invoke@17 (line 101)
  0x000001a100710f98: c405 0100 

  0x000001a100710f9c: ;   {other}
  0x000001a100710f9c: 0f1f 8400 

  0x000001a100710fa0: ;*invokestatic checkArgumentCount {reexecute=0 rethrow=0 return_oop=0}
                      ; - jdk.internal.reflect.DirectMethodHandleAccessor::invoke@17 (line 101)
  0x000001a100710fa0: 9405 0001 | 488b 9424 | a800 0000 

  0x000001a100710fac: ;   {metadata(method data for {method} {0x000001a10f298240} 'invoke' '(Ljava/lang/Object;[Ljava/lang/Object;)Ljava/lang/Object;' in 'jdk/internal/reflect/DirectMethodHandleAccessor')}
  0x000001a100710fac: 4c8b c249 | b9f0 ecbf | 52a1 0100 | 0049 8381 | a801 0000 

  0x000001a100710fc0: ;   {metadata(method data for {method} {0x000001a10f43e290} 'invokeImpl' '(Ljava/lang/Object;[Ljava/lang/Object;)Ljava/lang/Object;' in 'jdk/internal/reflect/DirectMethodHandleAccessor')}
  0x000001a100710fc0: 0149 b8e8 | f7bf 52a1 | 0100 0045 | 8b88 cc00 | 0000 4183 | c102 4589 | 88cc 0000 | 0041 81e1 
  0x000001a100710fe0: feff 1f00 | 4585 c90f | 84a1 1900 | 0044 8b42 

  0x000001a100710ff0: ;*getfield paramCount {reexecute=0 rethrow=0 return_oop=0}
                      ; - jdk.internal.reflect.DirectMethodHandleAccessor::invokeImpl@1 (line 152)
                      ; - jdk.internal.reflect.DirectMethodHandleAccessor::invoke@23 (line 103)
                      ;   {metadata(method data for {method} {0x000001a10f43e290} 'invokeImpl' '(Ljava/lang/Object;[Ljava/lang/Object;)Ljava/lang/Object;' in 'jdk/internal/reflect/DirectMethodHandleAccessor')}
  0x000001a100710ff0: 0c49 b9e8 | f7bf 52a1 | 0100 00bf | 2001 0000 | 4585 c048 | 8bf7 bf30 | 0100 0048 | 0f45 fe41 
  0x000001a100711010: 83f8 0148 | 8bf7 bf40 | 0100 0048 | 0f45 fe41 | 83f8 0248 | 8bf7 bf50 | 0100 0048 | 0f45 fe41 
  0x000001a100711030: 83f8 0348 | 8bf7 bf60 | 0100 0048 | 0f45 fe49 | 8b34 3941 | ba01 0000 | 0049 03f2 | 4989 3439 
  0x000001a100711050: 4585 c00f | 8441 0f00 | 0041 83f8 | 010f 8437 | 0b00 0041 | 83f8 020f | 849d 0400 | 0041 83f8 
  0x000001a100711070: 030f 841d 

  0x000001a100711074: ;*tableswitch {reexecute=0 rethrow=0 return_oop=0}
                      ; - jdk.internal.reflect.DirectMethodHandleAccessor::invokeImpl@4 (line 152)
                      ; - jdk.internal.reflect.DirectMethodHandleAccessor::invoke@23 (line 103)
  0x000001a100711074: 0200 004c | 8b8c 24b0 | 0000 004c | 8b84 24b8 | 0000 008b | 7218 48c1 

  0x000001a10071108c: ;*getfield target {reexecute=0 rethrow=0 return_oop=0}
                      ; - jdk.internal.reflect.DirectMethodHandleAccessor::invokeImpl@99 (line 157)
                      ; - jdk.internal.reflect.DirectMethodHandleAccessor::invoke@23 (line 103)
  0x000001a10071108c: e603 6690 

  0x000001a100711090: ;   {oop(a 'java/lang/invoke/MethodType'{0x0000000724094e68} = (Ljava/lang/Object;[Ljava/lang/Object;)Ljava/lang/Object;)}
  0x000001a100711090: 48bf 684e | 0924 0700 | 0000 483b 

  0x000001a10071109c: ;   {metadata(method data for {method} {0x000001a10f43e290} 'invokeImpl' '(Ljava/lang/Object;[Ljava/lang/Object;)Ljava/lang/Object;' in 'jdk/internal/reflect/DirectMethodHandleAccessor')}
  0x000001a10071109c: 0648 bbe8 | f7bf 52a1 | 0100 0048 | 8d9b 7803 | 0000 4d85 | c075 0ef6 | 4308 0175 | 50f0 4883 
  0x000001a1007110bc: 4b08 01eb | 4841 8b40 | 0849 ba00 | 0000 0fa1 | 0100 0049 | 03c2 4c8b | d048 3343 | 0848 a9fc 
  0x000001a1007110dc: ffff ff74 | 28a8 0275 | 2448 f743 | 08fe ffff | ff74 1649 | 8bc2 4833 | 4308 48a9 | fcff ffff 
  0x000001a1007110fc: 740b 4883 | 4b08 02eb | 0448 8943 | 084d 85c9 | 750e f643 | 1801 7550 | f048 834b | 1801 eb48 
  0x000001a10071111c: 418b 4108 | 49ba 0000 | 000f a101 | 0000 4903 | c24c 8bd0 | 4833 4318 | 48a9 fcff | ffff 7428 
  0x000001a10071113c: a802 7524 | 48f7 4318 | feff ffff | 7416 498b | c248 3343 | 1848 a9fc | ffff ff74 | 0b48 834b 
  0x000001a10071115c: 1802 eb04 | 4889 4318 

  0x000001a100711164: ;   {metadata(method data for {method} {0x000001a10f43e290} 'invokeImpl' '(Ljava/lang/Object;[Ljava/lang/Object;)Ljava/lang/Object;' in 'jdk/internal/reflect/DirectMethodHandleAccessor')}
  0x000001a100711164: 488b de48 | b8e8 f7bf | 52a1 0100 | 008b 5b08 | 49ba 0000 | 000f a101 | 0000 4903 | da48 3b98 
  0x000001a100711184: 5003 0000 | 750d 4883 | 8058 0300 | 0001 e960 | 0000 0048 | 3b98 6003 | 0000 750d | 4883 8068 
  0x000001a1007111a4: 0300 0001 | e94a 0000 | 0048 83b8 | 5003 0000 | 0075 1748 | 8998 5003 | 0000 48c7 | 8058 0300 
  0x000001a1007111c4: 0001 0000 | 00e9 2900 | 0000 4883 | b860 0300 | 0000 7517 | 4889 9860 | 0300 0048 | c780 6803 
  0x000001a1007111e4: 0000 0100 | 0000 e908 | 0000 0048 | 8380 4803 | 0000 0149 | 8bd8 4c8b | c349 8bc1 | 4c8b c848 
  0x000001a100711204: ;*invokevirtual invokeExact {reexecute=0 rethrow=0 return_oop=0}
                      ; - jdk.internal.reflect.DirectMethodHandleAccessor::invokeImpl@104 (line 157)
                      ; - jdk.internal.reflect.DirectMethodHandleAccessor::invoke@23 (line 103)
                      ;   {optimized virtual_call}
  0x000001a100711204: 8bd6 90e8 

  0x000001a100711208: ; ImmutableOopMap {[168]=Oop [176]=Oop [184]=Oop }
                      ;*invokevirtual invokeExact {reexecute=0 rethrow=0 return_oop=0}
                      ; - jdk.internal.reflect.DirectMethodHandleAccessor::invokeImpl@104 (line 157)
                      ; - jdk.internal.reflect.DirectMethodHandleAccessor::invoke@23 (line 103)
  0x000001a100711208: d11b 0000 

  0x000001a10071120c: ;   {other}
  0x000001a10071120c: 0f1f 8400 

  0x000001a100711210: ;*invokevirtual invokeExact {reexecute=0 rethrow=0 return_oop=0}
                      ; - jdk.internal.reflect.DirectMethodHandleAccessor::invokeImpl@104 (line 157)
                      ; - jdk.internal.reflect.DirectMethodHandleAccessor::invoke@23 (line 103)
  0x000001a100711210: 0408 0002 

  0x000001a100711214: ;   {metadata(method data for {method} {0x000001a10f43e290} 'invokeImpl' '(Ljava/lang/Object;[Ljava/lang/Object;)Ljava/lang/Object;' in 'jdk/internal/reflect/DirectMethodHandleAccessor')}
  0x000001a100711214: 49b8 e8f7 | bf52 a101 | 0000 4d8d | 8098 0300 | 0048 85c0 | 750d 41f6 | 0001 754e | f049 8308 
  0x000001a100711234: 01eb 4744 | 8b48 0849 | ba00 0000 | 0fa1 0100 | 004d 03ca | 4d8b d14d | 3308 49f7 | c1fc ffff 
  0x000001a100711254: ff74 2741 | f6c1 0275 | 2149 f700 | feff ffff | 7415 4d8b | ca4d 3308 | 49f7 c1fc | ffff ff74 
  0x000001a100711274: 0949 8308 | 02eb 034d | 8908 4881 | c450 0100 

  0x000001a100711284: ;   {poll_return}
  0x000001a100711284: 005d 493b | a748 0400 | 000f 873a | 1700 00c3 | 4c8b 8c24 | b000 0000 | 4c8b 8424 | b800 0000 
  0x000001a1007112a4: 8b5a 1848 

  0x000001a1007112a8: ;*getfield target {reexecute=0 rethrow=0 return_oop=0}
                      ; - jdk.internal.reflect.DirectMethodHandleAccessor::invokeImpl@79 (line 156)
                      ; - jdk.internal.reflect.DirectMethodHandleAccessor::invoke@23 (line 103)
  0x000001a1007112a8: c1e3 0341 | 8379 0c00 | 0f86 3717 | 0000 418b | 7910 48c1 

  0x000001a1007112bc: ;*aaload {reexecute=0 rethrow=0 return_oop=0}
                      ; - jdk.internal.reflect.DirectMethodHandleAccessor::invokeImpl@85 (line 156)
                      ; - jdk.internal.reflect.DirectMethodHandleAccessor::invoke@23 (line 103)
  0x000001a1007112bc: e703 4183 | 790c 010f | 8636 1700 | 0041 8b71 | 1448 c1e6 

  0x000001a1007112d0: ;*aaload {reexecute=0 rethrow=0 return_oop=0}
                      ; - jdk.internal.reflect.DirectMethodHandleAccessor::invokeImpl@88 (line 156)
                      ; - jdk.internal.reflect.DirectMethodHandleAccessor::invoke@23 (line 103)
  0x000001a1007112d0: 0341 8379 | 0c02 0f86 | 3517 0000 | 418b 4918 

  0x000001a1007112e0: ;*aaload {reexecute=0 rethrow=0 return_oop=0}
                      ; - jdk.internal.reflect.DirectMethodHandleAccessor::invokeImpl@91 (line 156)
                      ; - jdk.internal.reflect.DirectMethodHandleAccessor::invoke@23 (line 103)
  0x000001a1007112e0: 48c1 e103 | 0f1f 4000 

  0x000001a1007112e8: ;   {oop(a 'java/lang/invoke/MethodType'{0x0000000722bedd90} = (Ljava/lang/Object;Ljava/lang/Object;Ljava/lang/Object;Ljava/lang/Object;)Ljava/lang/Object;)}
  0x000001a1007112e8: 48b8 90dd | be22 0700 | 0000 483b 

  0x000001a1007112f4: ;   {metadata(method data for {method} {0x000001a10f43e290} 'invokeImpl' '(Ljava/lang/Object;[Ljava/lang/Object;)Ljava/lang/Object;' in 'jdk/internal/reflect/DirectMethodHandleAccessor')}
  0x000001a1007112f4: 0349 bbe8 | f7bf 52a1 | 0100 004d | 8d9b 0003 | 0000 4d85 | c075 0f41 | f643 0801 | 7554 f049 
  0x000001a100711314: 834b 0801 | eb4c 458b | 6808 49ba | 0000 000f | a101 0000 | 4d03 ea4d | 8bd5 4d33 | 6b08 49f7 
  0x000001a100711334: c5fc ffff | ff74 2b41 | f6c5 0275 | 2549 f743 | 08fe ffff | ff74 174d | 8bea 4d33 | 6b08 49f7 
  0x000001a100711354: c5fc ffff | ff74 0b49 | 834b 0802 | eb04 4d89 | 6b08 4885 | ff75 0f41 | f643 1801 | 7554 f049 
  0x000001a100711374: 834b 1801 | eb4c 448b | 6f08 49ba | 0000 000f | a101 0000 | 4d03 ea4d | 8bd5 4d33 | 6b18 49f7 
  0x000001a100711394: c5fc ffff | ff74 2b41 | f6c5 0275 | 2549 f743 | 18fe ffff | ff74 174d | 8bea 4d33 | 6b18 49f7 
  0x000001a1007113b4: c5fc ffff | ff74 0b49 | 834b 1802 | eb04 4d89 | 6b18 4c8b 

  0x000001a1007113c8: ;   {metadata(method data for {method} {0x000001a10f43e290} 'invokeImpl' '(Ljava/lang/Object;[Ljava/lang/Object;)Ljava/lang/Object;' in 'jdk/internal/reflect/DirectMethodHandleAccessor')}
  0x000001a1007113c8: db49 bde8 | f7bf 52a1 | 0100 0045 | 8b5b 0849 | ba00 0000 | 0fa1 0100 | 004d 03da | 4d3b 9dd8 
  0x000001a1007113e8: 0200 0075 | 0d49 8385 | e002 0000 | 01e9 6000 | 0000 4d3b | 9de8 0200 | 0075 0d49 | 8385 f002 
  0x000001a100711408: 0000 01e9 | 4a00 0000 | 4983 bdd8 | 0200 0000 | 7517 4d89 | 9dd8 0200 | 0049 c785 | e002 0000 
  0x000001a100711428: 0100 0000 | e929 0000 | 0049 83bd | e802 0000 | 0075 174d | 899d e802 | 0000 49c7 | 85f0 0200 
  0x000001a100711448: 0001 0000 | 00e9 0800 | 0000 4983 | 85d0 0200 | 0001 4d8b | d84d 8bc3 | 4c8b cf48 | 8bfe 488b 
  0x000001a100711468: f148 8bc8 

  0x000001a10071146c: ;*invokevirtual invokeExact {reexecute=0 rethrow=0 return_oop=0}
                      ; - jdk.internal.reflect.DirectMethodHandleAccessor::invokeImpl@92 (line 156)
                      ; - jdk.internal.reflect.DirectMethodHandleAccessor::invoke@23 (line 103)
                      ;   {optimized virtual_call}
  0x000001a10071146c: 488b d3e8 

  0x000001a100711470: ; ImmutableOopMap {[168]=Oop [176]=Oop [184]=Oop }
                      ;*invokevirtual invokeExact {reexecute=0 rethrow=0 return_oop=0}
                      ; - jdk.internal.reflect.DirectMethodHandleAccessor::invokeImpl@92 (line 156)
                      ; - jdk.internal.reflect.DirectMethodHandleAccessor::invoke@23 (line 103)
  0x000001a100711470: 7919 0000 

  0x000001a100711474: ;   {other}
  0x000001a100711474: 0f1f 8400 

  0x000001a100711478: ;*invokevirtual invokeExact {reexecute=0 rethrow=0 return_oop=0}
                      ; - jdk.internal.reflect.DirectMethodHandleAccessor::invokeImpl@92 (line 156)
                      ; - jdk.internal.reflect.DirectMethodHandleAccessor::invoke@23 (line 103)
  0x000001a100711478: 6c0a 0003 

  0x000001a10071147c: ;   {metadata(method data for {method} {0x000001a10f43e290} 'invokeImpl' '(Ljava/lang/Object;[Ljava/lang/Object;)Ljava/lang/Object;' in 'jdk/internal/reflect/DirectMethodHandleAccessor')}
  0x000001a10071147c: 48ba e8f7 | bf52 a101 | 0000 488d | 9220 0300 | 0048 85c0 | 750c f602 | 0175 4df0 | 4883 0a01 
  0x000001a10071149c: eb46 8b70 | 0849 ba00 | 0000 0fa1 | 0100 0049 | 03f2 4c8b | d648 3332 | 48f7 c6fc | ffff ff74 
  0x000001a1007114bc: 2740 f6c6 | 0275 2148 | f702 feff | ffff 7415 | 498b f248 | 3332 48f7 | c6fc ffff | ff74 0948 
  0x000001a1007114dc: 830a 02eb | 0348 8932 

  0x000001a1007114e4: ;   {metadata(method data for {method} {0x000001a10f43e290} 'invokeImpl' '(Ljava/lang/Object;[Ljava/lang/Object;)Ljava/lang/Object;' in 'jdk/internal/reflect/DirectMethodHandleAccessor')}
  0x000001a1007114e4: 48ba e8f7 | bf52 a101 | 0000 ff82 

  0x000001a1007114f0: ;*goto {reexecute=0 rethrow=0 return_oop=0}
                      ; - jdk.internal.reflect.DirectMethodHandleAccessor::invokeImpl@95 (line 156)
                      ; - jdk.internal.reflect.DirectMethodHandleAccessor::invoke@23 (line 103)
  0x000001a1007114f0: 3003 0000 | 4881 c450 | 0100 005d 

  0x000001a1007114fc: ;   {poll_return}
  0x000001a1007114fc: 493b a748 | 0400 000f | 8738 1500 | 00c3 4c8b | 8c24 b000 | 0000 4c8b | 8424 b800 | 0000 8b72 
  0x000001a10071151c: 1848 c1e6 

  0x000001a100711520: ;*getfield target {reexecute=0 rethrow=0 return_oop=0}
                      ; - jdk.internal.reflect.DirectMethodHandleAccessor::invokeImpl@62 (line 155)
                      ; - jdk.internal.reflect.DirectMethodHandleAccessor::invoke@23 (line 103)
  0x000001a100711520: 0348 89b4 | 24c8 0000 | 0041 8379 | 0c00 0f86 | 2d15 0000 | 418b 7910 

  0x000001a100711538: ;*aaload {reexecute=0 rethrow=0 return_oop=0}
                      ; - jdk.internal.reflect.DirectMethodHandleAccessor::invokeImpl@68 (line 155)
                      ; - jdk.internal.reflect.DirectMethodHandleAccessor::invoke@23 (line 103)
  0x000001a100711538: 48c1 e703 | 4889 bc24 | c000 0000 | 4183 790c | 010f 8624 | 1500 0041 | 8b59 1448 

  0x000001a100711554: ;*aaload {reexecute=0 rethrow=0 return_oop=0}
                      ; - jdk.internal.reflect.DirectMethodHandleAccessor::invokeImpl@71 (line 155)
                      ; - jdk.internal.reflect.DirectMethodHandleAccessor::invoke@23 (line 103)
  0x000001a100711554: c1e3 0348 | 899c 24d0 

  0x000001a10071155c: ;   {metadata(method data for {method} {0x000001a10f43e290} 'invokeImpl' '(Ljava/lang/Object;[Ljava/lang/Object;)Ljava/lang/Object;' in 'jdk/internal/reflect/DirectMethodHandleAccessor')}
  0x000001a10071155c: 0000 0048 | b8e8 f7bf | 52a1 0100 | 0048 8d80 | 8802 0000 | 4d85 c075 | 0ef6 4008 | 0175 53f0 
  0x000001a10071157c: 4883 4808 | 01eb 4b41 | 8b48 0849 | ba00 0000 | 0fa1 0100 | 0049 03ca | 4c8b d148 | 3348 0848 
  0x000001a10071159c: f7c1 fcff | ffff 742a | f6c1 0275 | 2548 f740 | 08fe ffff | ff74 1749 | 8bca 4833 | 4808 48f7 
  0x000001a1007115bc: c1fc ffff | ff74 0b48 | 8348 0802 | eb04 4889 

  0x000001a1007115cc: ;   {metadata(method data for {method} {0x000001a151403ab8} 'invokeExact_MT' '(Ljava/lang/Object;Ljava/lang/Object;Ljava/lang/Object;Ljava/lang/Object;Ljava/lang/Object;)Ljava/lang/Object;' in 'java/lang/invoke/LambdaForm$MH+0x000001a110002000')}
  0x000001a1007115cc: 4808 48b8 | 083d 4051 | a101 0000 | 488d 80b0 | 0200 0048 | 85f6 750c | f600 0175 | 4cf0 4883 
  0x000001a1007115ec: 0801 eb45 | 8b4e 0849 | ba00 0000 | 0fa1 0100 | 0049 03ca | 4c8b d148 | 3308 48f7 | c1fc ffff 
  0x000001a10071160c: ff74 26f6 | c102 7521 | 48f7 00fe | ffff ff74 | 1549 8bca | 4833 0848 | f7c1 fcff | ffff 7409 
  0x000001a10071162c: 4883 0802 | eb03 4889 | 084d 85c0 | 750e f640 | 1001 7553 | f048 8348 | 1001 eb4b | 418b 4808 
  0x000001a10071164c: 49ba 0000 | 000f a101 | 0000 4903 | ca4c 8bd1 | 4833 4810 | 48f7 c1fc | ffff ff74 | 2af6 c102 
  0x000001a10071166c: 7525 48f7 | 4010 feff | ffff 7417 | 498b ca48 | 3348 1048 | f7c1 fcff | ffff 740b | 4883 4810 
  0x000001a10071168c: 02eb 0448 

  0x000001a100711690: ;   {metadata(method data for {method} {0x000001a10f43e290} 'invokeImpl' '(Ljava/lang/Object;[Ljava/lang/Object;)Ljava/lang/Object;' in 'jdk/internal/reflect/DirectMethodHandleAccessor')}
  0x000001a100711690: 8948 1048 | b8e8 f7bf | 52a1 0100 | 0048 8380 | 5802 0000 

  0x000001a1007116a4: ;   {metadata(method data for {method} {0x000001a151403ab8} 'invokeExact_MT' '(Ljava/lang/Object;Ljava/lang/Object;Ljava/lang/Object;Ljava/lang/Object;Ljava/lang/Object;)Ljava/lang/Object;' in 'java/lang/invoke/LambdaForm$MH+0x000001a110002000')}
  0x000001a1007116a4: 0148 b808 | 3d40 51a1 | 0100 008b | 88cc 0000 | 0083 c102 | 8988 cc00 | 0000 81e1 | feff 1f00 
  0x000001a1007116c4: 85c9 0f84 | b913 0000 

  0x000001a1007116cc: ;   {metadata(method data for {method} {0x000001a151403ab8} 'invokeExact_MT' '(Ljava/lang/Object;Ljava/lang/Object;Ljava/lang/Object;Ljava/lang/Object;Ljava/lang/Object;)Ljava/lang/Object;' in 'java/lang/invoke/LambdaForm$MH+0x000001a110002000')}
  0x000001a1007116cc: 48b8 083d | 4051 a101 | 0000 488d | 8088 0100 | 0048 85f6 | 750e f640 | 0801 7552 | f048 8348 
  0x000001a1007116ec: 0801 eb4a | 8b4e 0849 | ba00 0000 | 0fa1 0100 | 0049 03ca | 4c8b d148 | 3348 0848 | f7c1 fcff 
  0x000001a10071170c: ffff 742a | f6c1 0275 | 2548 f740 | 08fe ffff | ff74 1749 | 8bca 4833 | 4808 48f7 | c1fc ffff 
  0x000001a10071172c: ff74 0b48 | 8348 0802 | eb04 4889 

  0x000001a100711738: ;   {metadata(method data for {method} {0x000001a151403ab8} 'invokeExact_MT' '(Ljava/lang/Object;Ljava/lang/Object;Ljava/lang/Object;Ljava/lang/Object;Ljava/lang/Object;)Ljava/lang/Object;' in 'java/lang/invoke/LambdaForm$MH+0x000001a110002000')}
  0x000001a100711738: 4808 48b8 | 083d 4051 | a101 0000 | 4883 8078 | 0100 0001 

  0x000001a10071174c: ;   {metadata(method data for {method} {0x000001a10f4467a0} 'checkExactType' '(Ljava/lang/invoke/MethodHandle;Ljava/lang/invoke/MethodType;)V' in 'java/lang/invoke/Invokers')}
  0x000001a10071174c: 48b8 580a | 3f51 a101 | 0000 8b88 | cc00 0000 | 83c1 0289 | 88cc 0000 | 0081 e1fe | ff1f 0085 
  0x000001a10071176c: c90f 8433 | 1300 0048 

  0x000001a100711774: ;*invokevirtual type {reexecute=0 rethrow=0 return_oop=0}
                      ; - java.lang.invoke.Invokers::checkExactType@1 (line 528)
                      ; - java.lang.invoke.LambdaForm$MH/0x000001a110002000::invokeExact_MT@11
                      ; - jdk.internal.reflect.DirectMethodHandleAccessor::invokeImpl@72 (line 155)
                      ; - jdk.internal.reflect.DirectMethodHandleAccessor::invoke@23 (line 103)
  0x000001a100711774: 3b06 488b 

  0x000001a100711778: ;   {metadata(method data for {method} {0x000001a10f4467a0} 'checkExactType' '(Ljava/lang/invoke/MethodHandle;Ljava/lang/invoke/MethodType;)V' in 'java/lang/invoke/Invokers')}
  0x000001a100711778: c648 b958 | 0a3f 51a1 | 0100 008b | 4008 49ba | 0000 000f | a101 0000 | 4903 c248 | 3b81 2001 
  0x000001a100711798: 0000 750d | 4883 8128 | 0100 0001 | e960 0000 | 0048 3b81 | 3001 0000 | 750d 4883 | 8138 0100 
  0x000001a1007117b8: 0001 e94a | 0000 0048 | 83b9 2001 | 0000 0075 | 1748 8981 | 2001 0000 | 48c7 8128 | 0100 0001 
  0x000001a1007117d8: 0000 00e9 | 2900 0000 | 4883 b930 | 0100 0000 | 7517 4889 | 8130 0100 | 0048 c781 | 3801 0000 
  0x000001a1007117f8: 0100 0000 | e908 0000 | 0048 8381 | 1801 0000 | 018b 4610 

  0x000001a10071180c: ;*getfield type {reexecute=0 rethrow=0 return_oop=0}
                      ; - java.lang.invoke.MethodHandle::type@1 (line 468)
                      ; - java.lang.invoke.Invokers::checkExactType@1 (line 528)
                      ; - java.lang.invoke.LambdaForm$MH/0x000001a110002000::invokeExact_MT@11
                      ; - jdk.internal.reflect.DirectMethodHandleAccessor::invokeImpl@72 (line 155)
                      ; - jdk.internal.reflect.DirectMethodHandleAccessor::invoke@23 (line 103)
  0x000001a10071180c: 48c1 e003 

  0x000001a100711810: ;   {oop(a 'java/lang/invoke/MethodType'{0x0000000722bf5898} = (Ljava/lang/Object;Ljava/lang/Object;Ljava/lang/Object;)Ljava/lang/Object;)}
  0x000001a100711810: 48b9 9858 | bf22 0700 | 0000 483b 

  0x000001a10071181c: ;   {metadata(method data for {method} {0x000001a10f4467a0} 'checkExactType' '(Ljava/lang/invoke/MethodHandle;Ljava/lang/invoke/MethodType;)V' in 'java/lang/invoke/Invokers')}
  0x000001a10071181c: c148 b958 | 0a3f 51a1 | 0100 0041 | bb58 0100 | 0075 0641 | bb48 0100 | 004e 8b2c | 194d 8d6d 
  0x000001a10071183c: 014e 892c | 190f 8598 

  0x000001a100711844: ;*if_acmpeq {reexecute=0 rethrow=0 return_oop=0}
                      ; - java.lang.invoke.Invokers::checkExactType@7 (line 529)
                      ; - java.lang.invoke.LambdaForm$MH/0x000001a110002000::invokeExact_MT@11
                      ; - jdk.internal.reflect.DirectMethodHandleAccessor::invokeImpl@72 (line 155)
                      ; - jdk.internal.reflect.DirectMethodHandleAccessor::invoke@23 (line 103)
                      ;   {metadata(method data for {method} {0x000001a151403ab8} 'invokeExact_MT' '(Ljava/lang/Object;Ljava/lang/Object;Ljava/lang/Object;Ljava/lang/Object;Ljava/lang/Object;)Ljava/lang/Object;' in 'java/lang/invoke/LambdaForm$MH+0x000001a110002000')}
  0x000001a100711844: 0b00 0048 | b808 3d40 | 51a1 0100 | 0048 8d80 | c001 0000 | 8b4e 0849 | ba00 0000 | 0fa1 0100 
  0x000001a100711864: 0049 03ca | 4c8b d148 | 3348 0848 | f7c1 fcff | ffff 742a | f6c1 0275 | 2548 f740 | 08fe ffff 
  0x000001a100711884: ff74 1749 | 8bca 4833 | 4808 48f7 | c1fc ffff | ff74 0b48 | 8348 0802 | eb04 4889 

  0x000001a1007118a0: ;   {metadata(method data for {method} {0x000001a151403ab8} 'invokeExact_MT' '(Ljava/lang/Object;Ljava/lang/Object;Ljava/lang/Object;Ljava/lang/Object;Ljava/lang/Object;)Ljava/lang/Object;' in 'java/lang/invoke/LambdaForm$MH+0x000001a110002000')}
  0x000001a1007118a0: 4808 48b8 | 083d 4051 | a101 0000 | 4883 80b0 | 0100 0001 

  0x000001a1007118b4: ;   {metadata(method data for {method} {0x000001a10f446698} 'checkCustomized' '(Ljava/lang/invoke/MethodHandle;)V' in 'java/lang/invoke/Invokers')}
  0x000001a1007118b4: 48b8 880e | 3f51 a101 | 0000 8b88 | cc00 0000 | 83c1 0289 | 88cc 0000 | 0081 e1fe | ff1f 0085 
  0x000001a1007118d4: c90f 84f1 

  0x000001a1007118d8: ;   {metadata(method data for {method} {0x000001a10f446698} 'checkCustomized' '(Ljava/lang/invoke/MethodHandle;)V' in 'java/lang/invoke/Invokers')}
  0x000001a1007118d8: 1100 0048 | b888 0e3f | 51a1 0100 | 0048 8380 | 1801 0000 

  0x000001a1007118ec: ;   {metadata(method data for {method} {0x000001a10f1cfca8} 'isCompileConstant' '(Ljava/lang/Object;)Z' in 'java/lang/invoke/MethodHandleImpl')}
  0x000001a1007118ec: 0148 b840 | 103f 51a1 | 0100 008b | 88cc 0000 | 0083 c102 | 8988 cc00 | 0000 81e1 | feff 1f00 
  0x000001a10071190c: 85c9 0f84 | d911 0000 

  0x000001a100711914: ;   {metadata(method data for {method} {0x000001a10f446698} 'checkCustomized' '(Ljava/lang/invoke/MethodHandle;)V' in 'java/lang/invoke/Invokers')}
  0x000001a100711914: 48b8 880e | 3f51 a101 | 0000 ff80 

  0x000001a100711920: ;*ifeq {reexecute=0 rethrow=0 return_oop=0}
                      ; - java.lang.invoke.Invokers::checkCustomized@4 (line 622)
                      ; - java.lang.invoke.LambdaForm$MH/0x000001a110002000::invokeExact_MT@15
                      ; - jdk.internal.reflect.DirectMethodHandleAccessor::invokeImpl@72 (line 155)
                      ; - jdk.internal.reflect.DirectMethodHandleAccessor::invoke@23 (line 103)
  0x000001a100711920: 2801 0000 | 8b46 1448 

  0x000001a100711928: ;*getfield form {reexecute=0 rethrow=0 return_oop=0}
                      ; - java.lang.invoke.Invokers::checkCustomized@9 (line 625)
                      ; - java.lang.invoke.LambdaForm$MH/0x000001a110002000::invokeExact_MT@15
                      ; - jdk.internal.reflect.DirectMethodHandleAccessor::invokeImpl@72 (line 155)
                      ; - jdk.internal.reflect.DirectMethodHandleAccessor::invoke@23 (line 103)
  0x000001a100711928: c1e0 038b | 401c 48c1 

  0x000001a100711930: ;*getfield customized {reexecute=0 rethrow=0 return_oop=0}
                      ; - java.lang.invoke.Invokers::checkCustomized@12 (line 625)
                      ; - java.lang.invoke.LambdaForm$MH/0x000001a110002000::invokeExact_MT@15
                      ; - jdk.internal.reflect.DirectMethodHandleAccessor::invokeImpl@72 (line 155)
                      ; - jdk.internal.reflect.DirectMethodHandleAccessor::invoke@23 (line 103)
  0x000001a100711930: e003 4885 

  0x000001a100711934: ;   {metadata(method data for {method} {0x000001a10f446698} 'checkCustomized' '(Ljava/lang/invoke/MethodHandle;)V' in 'java/lang/invoke/Invokers')}
  0x000001a100711934: c048 b888 | 0e3f 51a1 | 0100 00b9 | 4801 0000 | 7505 b958 | 0100 004c | 8b1c 084d | 8d5b 014c 
  0x000001a100711954: 891c 080f | 8527 0000 

  0x000001a10071195c: ;*ifnonnull {reexecute=0 rethrow=0 return_oop=0}
                      ; - java.lang.invoke.Invokers::checkCustomized@15 (line 625)
                      ; - java.lang.invoke.LambdaForm$MH/0x000001a110002000::invokeExact_MT@15
                      ; - jdk.internal.reflect.DirectMethodHandleAccessor::invokeImpl@72 (line 155)
                      ; - jdk.internal.reflect.DirectMethodHandleAccessor::invoke@23 (line 103)
                      ;   {metadata(method data for {method} {0x000001a10f446698} 'checkCustomized' '(Ljava/lang/invoke/MethodHandle;)V' in 'java/lang/invoke/Invokers')}
  0x000001a10071195c: 0048 b888 | 0e3f 51a1 | 0100 0048 | 8380 6801 | 0000 0148 

  0x000001a100711970: ;*invokestatic maybeCustomize {reexecute=0 rethrow=0 return_oop=0}
                      ; - java.lang.invoke.Invokers::checkCustomized@19 (line 626)
                      ; - java.lang.invoke.LambdaForm$MH/0x000001a110002000::invokeExact_MT@15
                      ; - jdk.internal.reflect.DirectMethodHandleAccessor::invokeImpl@72 (line 155)
                      ; - jdk.internal.reflect.DirectMethodHandleAccessor::invoke@23 (line 103)
  0x000001a100711970: 8bd6 0f1f 

  0x000001a100711974: ;   {static_call}
  0x000001a100711974: 4400 00e8 

  0x000001a100711978: ; ImmutableOopMap {[168]=Oop [176]=Oop [184]=Oop [192]=Oop [200]=Oop [208]=Oop }
                      ;*invokestatic maybeCustomize {reexecute=0 rethrow=0 return_oop=0}
                      ; - java.lang.invoke.Invokers::checkCustomized@19 (line 626)
                      ; - java.lang.invoke.LambdaForm$MH/0x000001a110002000::invokeExact_MT@15
                      ; - jdk.internal.reflect.DirectMethodHandleAccessor::invokeImpl@72 (line 155)
                      ; - jdk.internal.reflect.DirectMethodHandleAccessor::invoke@23 (line 103)
  0x000001a100711978: 24c5 6107 

  0x000001a10071197c: ;   {other}
  0x000001a10071197c: 0f1f 8400 

  0x000001a100711980: ;*invokestatic maybeCustomize {reexecute=0 rethrow=0 return_oop=0}
                      ; - java.lang.invoke.Invokers::checkCustomized@19 (line 626)
                      ; - java.lang.invoke.LambdaForm$MH/0x000001a110002000::invokeExact_MT@15
                      ; - jdk.internal.reflect.DirectMethodHandleAccessor::invokeImpl@72 (line 155)
                      ; - jdk.internal.reflect.DirectMethodHandleAccessor::invoke@23 (line 103)
  0x000001a100711980: 740f 0004 | 488b bc24 | c000 0000 | 4c8b 8424 | b800 0000 

  0x000001a100711994: ;   {metadata(method data for {method} {0x000001a151403ab8} 'invokeExact_MT' '(Ljava/lang/Object;Ljava/lang/Object;Ljava/lang/Object;Ljava/lang/Object;Ljava/lang/Object;)Ljava/lang/Object;' in 'java/lang/invoke/LambdaForm$MH+0x000001a110002000')}
  0x000001a100711994: 49b9 083d | 4051 a101 | 0000 4d8d | 8908 0200 | 004d 85c0 | 750f 41f6 | 4108 0175 | 53f0 4983 
  0x000001a1007119b4: 4908 01eb | 4b41 8b50 | 0849 ba00 | 0000 0fa1 | 0100 0049 | 03d2 4c8b | d249 3351 | 0848 f7c2 
  0x000001a1007119d4: fcff ffff | 742a f6c2 | 0275 2549 | f741 08fe | ffff ff74 | 1749 8bd2 | 4933 5108 | 48f7 c2fc 
  0x000001a1007119f4: ffff ff74 | 0b49 8349 | 0802 eb04 | 4989 5108 | 4885 ff75 | 0f41 f641 | 1801 7552 | f049 8349 
  0x000001a100711a14: 1801 eb4a | 8b57 0849 | ba00 0000 | 0fa1 0100 | 0049 03d2 | 4c8b d249 | 3351 1848 | f7c2 fcff 
  0x000001a100711a34: ffff 742a | f6c2 0275 | 2549 f741 | 18fe ffff | ff74 1749 | 8bd2 4933 | 5118 48f7 | c2fc ffff 
  0x000001a100711a54: ff74 0b49 | 8349 1802 | eb04 4989 | 5118 488b | b424 c800 

  0x000001a100711a68: ;   {metadata(method data for {method} {0x000001a151403ab8} 'invokeExact_MT' '(Ljava/lang/Object;Ljava/lang/Object;Ljava/lang/Object;Ljava/lang/Object;Ljava/lang/Object;)Ljava/lang/Object;' in 'java/lang/invoke/LambdaForm$MH+0x000001a110002000')}
  0x000001a100711a68: 0000 49b9 | 083d 4051 | a101 0000 | 4983 81d8 | 0100 0001 | 498b f04c | 8bc6 4c8b | cf48 8bbc 
  0x000001a100711a88: 24d0 0000 | 0048 8b94 | 24c8 0000 

  0x000001a100711a94: ;*invokevirtual invokeBasic {reexecute=0 rethrow=0 return_oop=0}
                      ; - java.lang.invoke.LambdaForm$MH/0x000001a110002000::invokeExact_MT@22
                      ; - jdk.internal.reflect.DirectMethodHandleAccessor::invokeImpl@72 (line 155)
                      ; - jdk.internal.reflect.DirectMethodHandleAccessor::invoke@23 (line 103)
                      ;   {optimized virtual_call}
  0x000001a100711a94: 0066 90e8 

  0x000001a100711a98: ; ImmutableOopMap {[168]=Oop [176]=Oop [184]=Oop [192]=Oop [200]=Oop [208]=Oop }
                      ;*invokevirtual invokeBasic {reexecute=0 rethrow=0 return_oop=0}
                      ; - java.lang.invoke.LambdaForm$MH/0x000001a110002000::invokeExact_MT@22
                      ; - jdk.internal.reflect.DirectMethodHandleAccessor::invokeImpl@72 (line 155)
                      ; - jdk.internal.reflect.DirectMethodHandleAccessor::invoke@23 (line 103)
  0x000001a100711a98: e424 3c07 

  0x000001a100711a9c: ;   {other}
  0x000001a100711a9c: 0f1f 8400 

  0x000001a100711aa0: ;*invokevirtual invokeBasic {reexecute=0 rethrow=0 return_oop=0}
                      ; - java.lang.invoke.LambdaForm$MH/0x000001a110002000::invokeExact_MT@22
                      ; - jdk.internal.reflect.DirectMethodHandleAccessor::invokeImpl@72 (line 155)
                      ; - jdk.internal.reflect.DirectMethodHandleAccessor::invoke@23 (line 103)
  0x000001a100711aa0: 9410 0005 

  0x000001a100711aa4: ;   {metadata(method data for {method} {0x000001a151403ab8} 'invokeExact_MT' '(Ljava/lang/Object;Ljava/lang/Object;Ljava/lang/Object;Ljava/lang/Object;Ljava/lang/Object;)Ljava/lang/Object;' in 'java/lang/invoke/LambdaForm$MH+0x000001a110002000')}
  0x000001a100711aa4: 48ba 083d | 4051 a101 | 0000 488d | 9228 0200 | 0048 85c0 | 750c f602 | 0175 4df0 | 4883 0a01 
  0x000001a100711ac4: eb46 8b70 | 0849 ba00 | 0000 0fa1 | 0100 0049 | 03f2 4c8b | d648 3332 | 48f7 c6fc | ffff ff74 
  0x000001a100711ae4: 2740 f6c6 | 0275 2148 | f702 feff | ffff 7415 | 498b f248 | 3332 48f7 | c6fc ffff | ff74 0948 
  0x000001a100711b04: 830a 02eb | 0348 8932 

  0x000001a100711b0c: ;   {metadata(method data for {method} {0x000001a10f43e290} 'invokeImpl' '(Ljava/lang/Object;[Ljava/lang/Object;)Ljava/lang/Object;' in 'jdk/internal/reflect/DirectMethodHandleAccessor')}
  0x000001a100711b0c: 48ba e8f7 | bf52 a101 | 0000 488d | 92a8 0200 | 0048 85c0 | 750c f602 | 0175 4df0 | 4883 0a01 
  0x000001a100711b2c: eb46 8b70 | 0849 ba00 | 0000 0fa1 | 0100 0049 | 03f2 4c8b | d648 3332 | 48f7 c6fc | ffff ff74 
  0x000001a100711b4c: 2740 f6c6 | 0275 2148 | f702 feff | ffff 7415 | 498b f248 | 3332 48f7 | c6fc ffff | ff74 0948 
  0x000001a100711b6c: 830a 02eb | 0348 8932 

  0x000001a100711b74: ;   {metadata(method data for {method} {0x000001a10f43e290} 'invokeImpl' '(Ljava/lang/Object;[Ljava/lang/Object;)Ljava/lang/Object;' in 'jdk/internal/reflect/DirectMethodHandleAccessor')}
  0x000001a100711b74: 48ba e8f7 | bf52 a101 | 0000 ff82 

  0x000001a100711b80: ;*goto {reexecute=0 rethrow=0 return_oop=0}
                      ; - jdk.internal.reflect.DirectMethodHandleAccessor::invokeImpl@75 (line 155)
                      ; - jdk.internal.reflect.DirectMethodHandleAccessor::invoke@23 (line 103)
  0x000001a100711b80: b802 0000 | 4881 c450 | 0100 005d 

  0x000001a100711b8c: ;   {poll_return}
  0x000001a100711b8c: 493b a748 | 0400 000f | 877a 0f00 | 00c3 4c8b | 8c24 b000 | 0000 4c8b | 8424 b800 | 0000 8b72 
  0x000001a100711bac: 1848 c1e6 

  0x000001a100711bb0: ;*getfield target {reexecute=0 rethrow=0 return_oop=0}
                      ; - jdk.internal.reflect.DirectMethodHandleAccessor::invokeImpl@48 (line 154)
                      ; - jdk.internal.reflect.DirectMethodHandleAccessor::invoke@23 (line 103)
  0x000001a100711bb0: 0348 89b4 | 24e0 0000 | 0041 8379 | 0c00 0f86 | 6f0f 0000 | 418b 7910 

  0x000001a100711bc8: ;*aaload {reexecute=0 rethrow=0 return_oop=0}
                      ; - jdk.internal.reflect.DirectMethodHandleAccessor::invokeImpl@54 (line 154)
                      ; - jdk.internal.reflect.DirectMethodHandleAccessor::invoke@23 (line 103)
  0x000001a100711bc8: 48c1 e703 | 4889 bc24 | d800 0000 

  0x000001a100711bd4: ;   {metadata(method data for {method} {0x000001a10f43e290} 'invokeImpl' '(Ljava/lang/Object;[Ljava/lang/Object;)Ljava/lang/Object;' in 'jdk/internal/reflect/DirectMethodHandleAccessor')}
  0x000001a100711bd4: 48bb e8f7 | bf52 a101 | 0000 488d | 9b10 0200 | 004d 85c0 | 750e f643 | 0801 7550 | f048 834b 
  0x000001a100711bf4: 0801 eb48 | 418b 4008 | 49ba 0000 | 000f a101 | 0000 4903 | c24c 8bd0 | 4833 4308 | 48a9 fcff 
  0x000001a100711c14: ffff 7428 | a802 7524 | 48f7 4308 | feff ffff | 7416 498b | c248 3343 | 0848 a9fc | ffff ff74 
  0x000001a100711c34: 0b48 834b | 0802 eb04 | 4889 4308 

  0x000001a100711c40: ;   {metadata(method data for {method} {0x000001a10f1e0030} 'invokeExact_MT' '(Ljava/lang/Object;Ljava/lang/Object;Ljava/lang/Object;Ljava/lang/Object;)Ljava/lang/Object;' in 'java/lang/invoke/Invokers$Holder')}
  0x000001a100711c40: 48bb b0d8 | fb51 a101 | 0000 488d | 9ba8 0200 | 0048 85f6 | 750a f603 | 0175 05f0 | 4883 0b01 
  0x000001a100711c60: ;   {metadata(method data for {method} {0x000001a10f43e290} 'invokeImpl' '(Ljava/lang/Object;[Ljava/lang/Object;)Ljava/lang/Object;' in 'jdk/internal/reflect/DirectMethodHandleAccessor')}
  0x000001a100711c60: 48bb e8f7 | bf52 a101 | 0000 4883 | 83e0 0100 

  0x000001a100711c70: ;   {metadata(method data for {method} {0x000001a10f1e0030} 'invokeExact_MT' '(Ljava/lang/Object;Ljava/lang/Object;Ljava/lang/Object;Ljava/lang/Object;)Ljava/lang/Object;' in 'java/lang/invoke/Invokers$Holder')}
  0x000001a100711c70: 0001 48bb | b0d8 fb51 | a101 0000 | 8b83 cc00 | 0000 83c0 | 0289 83cc | 0000 0025 | feff 1f00 
  0x000001a100711c90: 85c0 0f84 | ad0e 0000 

  0x000001a100711c98: ;   {metadata(method data for {method} {0x000001a10f1e0030} 'invokeExact_MT' '(Ljava/lang/Object;Ljava/lang/Object;Ljava/lang/Object;Ljava/lang/Object;)Ljava/lang/Object;' in 'java/lang/invoke/Invokers$Holder')}
  0x000001a100711c98: 48bb b0d8 | fb51 a101 | 0000 488d | 9b88 0100 | 0048 85f6 | 750c f643 | 0801 7506 | f048 834b 
  0x000001a100711cb8: ;   {metadata(method data for {method} {0x000001a10f1e0030} 'invokeExact_MT' '(Ljava/lang/Object;Ljava/lang/Object;Ljava/lang/Object;Ljava/lang/Object;)Ljava/lang/Object;' in 'java/lang/invoke/Invokers$Holder')}
  0x000001a100711cb8: 0801 48bb | b0d8 fb51 | a101 0000 | 4883 8378 | 0100 0001 

  0x000001a100711ccc: ;   {metadata(method data for {method} {0x000001a10f4467a0} 'checkExactType' '(Ljava/lang/invoke/MethodHandle;Ljava/lang/invoke/MethodType;)V' in 'java/lang/invoke/Invokers')}
  0x000001a100711ccc: 48bb 580a | 3f51 a101 | 0000 8b83 | cc00 0000 | 83c0 0289 | 83cc 0000 | 0025 feff | 1f00 85c0 
  0x000001a100711cec: 0f84 740e | 0000 483b 

  0x000001a100711cf4: ;*invokevirtual type {reexecute=0 rethrow=0 return_oop=0}
                      ; - java.lang.invoke.Invokers::checkExactType@1 (line 528)
                      ; - java.lang.invoke.Invokers$Holder::invokeExact_MT@10
                      ; - jdk.internal.reflect.DirectMethodHandleAccessor::invokeImpl@55 (line 154)
                      ; - jdk.internal.reflect.DirectMethodHandleAccessor::invoke@23 (line 103)
  0x000001a100711cf4: 0648 8bde 

  0x000001a100711cf8: ;   {metadata(method data for {method} {0x000001a10f4467a0} 'checkExactType' '(Ljava/lang/invoke/MethodHandle;Ljava/lang/invoke/MethodType;)V' in 'java/lang/invoke/Invokers')}
  0x000001a100711cf8: 48b8 580a | 3f51 a101 | 0000 8b5b | 0849 ba00 | 0000 0fa1 | 0100 0049 | 03da 483b | 9820 0100 
  0x000001a100711d18: 0075 0d48 | 8380 2801 | 0000 01e9 | 6000 0000 | 483b 9830 | 0100 0075 | 0d48 8380 | 3801 0000 
  0x000001a100711d38: 01e9 4a00 | 0000 4883 | b820 0100 | 0000 7517 | 4889 9820 | 0100 0048 | c780 2801 | 0000 0100 
  0x000001a100711d58: 0000 e929 | 0000 0048 | 83b8 3001 | 0000 0075 | 1748 8998 | 3001 0000 | 48c7 8038 | 0100 0001 
  0x000001a100711d78: 0000 00e9 | 0800 0000 | 4883 8018 | 0100 0001 | 8b5e 1048 

  0x000001a100711d8c: ;*getfield type {reexecute=0 rethrow=0 return_oop=0}
                      ; - java.lang.invoke.MethodHandle::type@1 (line 468)
                      ; - java.lang.invoke.Invokers::checkExactType@1 (line 528)
                      ; - java.lang.invoke.Invokers$Holder::invokeExact_MT@10
                      ; - jdk.internal.reflect.DirectMethodHandleAccessor::invokeImpl@55 (line 154)
                      ; - jdk.internal.reflect.DirectMethodHandleAccessor::invoke@23 (line 103)
                      ;   {oop(a 'java/lang/invoke/MethodType'{0x0000000722bf57e0} = (Ljava/lang/Object;Ljava/lang/Object;)Ljava/lang/Object;)}
  0x000001a100711d8c: c1e3 0348 | b8e0 57bf | 2207 0000 | 0048 3bd8 

  0x000001a100711d9c: ;   {metadata(method data for {method} {0x000001a10f4467a0} 'checkExactType' '(Ljava/lang/invoke/MethodHandle;Ljava/lang/invoke/MethodType;)V' in 'java/lang/invoke/Invokers')}
  0x000001a100711d9c: 48b8 580a | 3f51 a101 | 0000 b958 | 0100 0075 | 05b9 4801 | 0000 4c8b | 1c08 4d8d | 5b01 4c89 
  0x000001a100711dbc: 1c08 0f85 

  0x000001a100711dc0: ;*if_acmpeq {reexecute=0 rethrow=0 return_oop=0}
                      ; - java.lang.invoke.Invokers::checkExactType@7 (line 529)
                      ; - java.lang.invoke.Invokers$Holder::invokeExact_MT@10
                      ; - jdk.internal.reflect.DirectMethodHandleAccessor::invokeImpl@55 (line 154)
                      ; - jdk.internal.reflect.DirectMethodHandleAccessor::invoke@23 (line 103)
  0x000001a100711dc0: d305 0000 

  0x000001a100711dc4: ;   {metadata(method data for {method} {0x000001a10f1e0030} 'invokeExact_MT' '(Ljava/lang/Object;Ljava/lang/Object;Ljava/lang/Object;Ljava/lang/Object;)Ljava/lang/Object;' in 'java/lang/invoke/Invokers$Holder')}
  0x000001a100711dc4: 48bb b0d8 | fb51 a101 | 0000 4883 | 83b0 0100 

  0x000001a100711dd4: ;   {metadata(method data for {method} {0x000001a10f446698} 'checkCustomized' '(Ljava/lang/invoke/MethodHandle;)V' in 'java/lang/invoke/Invokers')}
  0x000001a100711dd4: 0001 48bb | 880e 3f51 | a101 0000 | 8b83 cc00 | 0000 83c0 | 0289 83cc | 0000 0025 | feff 1f00 
  0x000001a100711df4: 85c0 0f84 | 900d 0000 

  0x000001a100711dfc: ;   {metadata(method data for {method} {0x000001a10f446698} 'checkCustomized' '(Ljava/lang/invoke/MethodHandle;)V' in 'java/lang/invoke/Invokers')}
  0x000001a100711dfc: 48bb 880e | 3f51 a101 | 0000 4883 | 8318 0100 

  0x000001a100711e0c: ;   {metadata(method data for {method} {0x000001a10f1cfca8} 'isCompileConstant' '(Ljava/lang/Object;)Z' in 'java/lang/invoke/MethodHandleImpl')}
  0x000001a100711e0c: 0001 48bb | 4010 3f51 | a101 0000 | 8b83 cc00 | 0000 83c0 | 0289 83cc | 0000 0025 | feff 1f00 
  0x000001a100711e2c: 85c0 0f84 | 790d 0000 

  0x000001a100711e34: ;   {metadata(method data for {method} {0x000001a10f446698} 'checkCustomized' '(Ljava/lang/invoke/MethodHandle;)V' in 'java/lang/invoke/Invokers')}
  0x000001a100711e34: 48bb 880e | 3f51 a101 | 0000 ff83 

  0x000001a100711e40: ;*ifeq {reexecute=0 rethrow=0 return_oop=0}
                      ; - java.lang.invoke.Invokers::checkCustomized@4 (line 622)
                      ; - java.lang.invoke.Invokers$Holder::invokeExact_MT@14
                      ; - jdk.internal.reflect.DirectMethodHandleAccessor::invokeImpl@55 (line 154)
                      ; - jdk.internal.reflect.DirectMethodHandleAccessor::invoke@23 (line 103)
  0x000001a100711e40: 2801 0000 | 8b5e 1448 

  0x000001a100711e48: ;*getfield form {reexecute=0 rethrow=0 return_oop=0}
                      ; - java.lang.invoke.Invokers::checkCustomized@9 (line 625)
                      ; - java.lang.invoke.Invokers$Holder::invokeExact_MT@14
                      ; - jdk.internal.reflect.DirectMethodHandleAccessor::invokeImpl@55 (line 154)
                      ; - jdk.internal.reflect.DirectMethodHandleAccessor::invoke@23 (line 103)
  0x000001a100711e48: c1e3 038b | 5b1c 48c1 

  0x000001a100711e50: ;*getfield customized {reexecute=0 rethrow=0 return_oop=0}
                      ; - java.lang.invoke.Invokers::checkCustomized@12 (line 625)
                      ; - java.lang.invoke.Invokers$Holder::invokeExact_MT@14
                      ; - jdk.internal.reflect.DirectMethodHandleAccessor::invokeImpl@55 (line 154)
                      ; - jdk.internal.reflect.DirectMethodHandleAccessor::invoke@23 (line 103)
  0x000001a100711e50: e303 4885 

  0x000001a100711e54: ;   {metadata(method data for {method} {0x000001a10f446698} 'checkCustomized' '(Ljava/lang/invoke/MethodHandle;)V' in 'java/lang/invoke/Invokers')}
  0x000001a100711e54: db48 bb88 | 0e3f 51a1 | 0100 00b8 | 4801 0000 | 7505 b858 | 0100 0048 | 8b0c 0348 | 8d49 0148 
  0x000001a100711e74: 890c 030f | 8527 0000 

  0x000001a100711e7c: ;*ifnonnull {reexecute=0 rethrow=0 return_oop=0}
                      ; - java.lang.invoke.Invokers::checkCustomized@15 (line 625)
                      ; - java.lang.invoke.Invokers$Holder::invokeExact_MT@14
                      ; - jdk.internal.reflect.DirectMethodHandleAccessor::invokeImpl@55 (line 154)
                      ; - jdk.internal.reflect.DirectMethodHandleAccessor::invoke@23 (line 103)
                      ;   {metadata(method data for {method} {0x000001a10f446698} 'checkCustomized' '(Ljava/lang/invoke/MethodHandle;)V' in 'java/lang/invoke/Invokers')}
  0x000001a100711e7c: 0048 bb88 | 0e3f 51a1 | 0100 0048 | 8383 6801 | 0000 0148 

  0x000001a100711e90: ;*invokestatic maybeCustomize {reexecute=0 rethrow=0 return_oop=0}
                      ; - java.lang.invoke.Invokers::checkCustomized@19 (line 626)
                      ; - java.lang.invoke.Invokers$Holder::invokeExact_MT@14
                      ; - jdk.internal.reflect.DirectMethodHandleAccessor::invokeImpl@55 (line 154)
                      ; - jdk.internal.reflect.DirectMethodHandleAccessor::invoke@23 (line 103)
  0x000001a100711e90: 8bd6 0f1f 

  0x000001a100711e94: ;   {static_call}
  0x000001a100711e94: 4400 00e8 

  0x000001a100711e98: ; ImmutableOopMap {[168]=Oop [176]=Oop [184]=Oop [216]=Oop [224]=Oop }
                      ;*invokestatic maybeCustomize {reexecute=0 rethrow=0 return_oop=0}
                      ; - java.lang.invoke.Invokers::checkCustomized@19 (line 626)
                      ; - java.lang.invoke.Invokers$Holder::invokeExact_MT@14
                      ; - jdk.internal.reflect.DirectMethodHandleAccessor::invokeImpl@55 (line 154)
                      ; - jdk.internal.reflect.DirectMethodHandleAccessor::invoke@23 (line 103)
  0x000001a100711e98: 04c0 6107 

  0x000001a100711e9c: ;   {other}
  0x000001a100711e9c: 0f1f 8400 

  0x000001a100711ea0: ;*invokestatic maybeCustomize {reexecute=0 rethrow=0 return_oop=0}
                      ; - java.lang.invoke.Invokers::checkCustomized@19 (line 626)
                      ; - java.lang.invoke.Invokers$Holder::invokeExact_MT@14
                      ; - jdk.internal.reflect.DirectMethodHandleAccessor::invokeImpl@55 (line 154)
                      ; - jdk.internal.reflect.DirectMethodHandleAccessor::invoke@23 (line 103)
  0x000001a100711ea0: 9414 0006 | 488b bc24 | d800 0000 

  0x000001a100711eac: ;   {metadata(method data for {method} {0x000001a10f1e0030} 'invokeExact_MT' '(Ljava/lang/Object;Ljava/lang/Object;Ljava/lang/Object;Ljava/lang/Object;)Ljava/lang/Object;' in 'java/lang/invoke/Invokers$Holder')}
  0x000001a100711eac: 49b8 b0d8 | fb51 a101 | 0000 4d8d | 8008 0200 | 0048 85ff | 750d 41f6 | 4018 0175 | 06f0 4983 
  0x000001a100711ecc: 4818 0148 | 8bb4 24e0 

  0x000001a100711ed4: ;   {metadata(method data for {method} {0x000001a10f1e0030} 'invokeExact_MT' '(Ljava/lang/Object;Ljava/lang/Object;Ljava/lang/Object;Ljava/lang/Object;)Ljava/lang/Object;' in 'java/lang/invoke/Invokers$Holder')}
  0x000001a100711ed4: 0000 0049 | b8b0 d8fb | 51a1 0100 | 0049 8380 | d801 0000 | 014c 8b84 | 24b8 0000 | 004c 8bcf 
  0x000001a100711ef4: 488b 9424 

  0x000001a100711ef8: ;*invokevirtual invokeBasic {reexecute=0 rethrow=0 return_oop=0}
                      ; - java.lang.invoke.Invokers$Holder::invokeExact_MT@20
                      ; - jdk.internal.reflect.DirectMethodHandleAccessor::invokeImpl@55 (line 154)
                      ; - jdk.internal.reflect.DirectMethodHandleAccessor::invoke@23 (line 103)
  0x000001a100711ef8: e000 0000 

  0x000001a100711efc: ;   {optimized virtual_call}
  0x000001a100711efc: 6666 90e8 

  0x000001a100711f00: ; ImmutableOopMap {[168]=Oop [176]=Oop [184]=Oop [216]=Oop [224]=Oop }
                      ;*invokevirtual invokeBasic {reexecute=0 rethrow=0 return_oop=0}
                      ; - java.lang.invoke.Invokers$Holder::invokeExact_MT@20
                      ; - jdk.internal.reflect.DirectMethodHandleAccessor::invokeImpl@55 (line 154)
                      ; - jdk.internal.reflect.DirectMethodHandleAccessor::invoke@23 (line 103)
  0x000001a100711f00: 7c0e 3c07 

  0x000001a100711f04: ;   {other}
  0x000001a100711f04: 0f1f 8400 

  0x000001a100711f08: ;*invokevirtual invokeBasic {reexecute=0 rethrow=0 return_oop=0}
                      ; - java.lang.invoke.Invokers$Holder::invokeExact_MT@20
                      ; - jdk.internal.reflect.DirectMethodHandleAccessor::invokeImpl@55 (line 154)
                      ; - jdk.internal.reflect.DirectMethodHandleAccessor::invoke@23 (line 103)
  0x000001a100711f08: fc14 0007 

  0x000001a100711f0c: ;   {metadata(method data for {method} {0x000001a10f43e290} 'invokeImpl' '(Ljava/lang/Object;[Ljava/lang/Object;)Ljava/lang/Object;' in 'jdk/internal/reflect/DirectMethodHandleAccessor')}
  0x000001a100711f0c: 48ba e8f7 | bf52 a101 | 0000 488d | 9230 0200 | 0048 85c0 | 750c f602 | 0175 4df0 | 4883 0a01 
  0x000001a100711f2c: eb46 8b70 | 0849 ba00 | 0000 0fa1 | 0100 0049 | 03f2 4c8b | d648 3332 | 48f7 c6fc | ffff ff74 
  0x000001a100711f4c: 2740 f6c6 | 0275 2148 | f702 feff | ffff 7415 | 498b f248 | 3332 48f7 | c6fc ffff | ff74 0948 
  0x000001a100711f6c: 830a 02eb | 0348 8932 

  0x000001a100711f74: ;   {metadata(method data for {method} {0x000001a10f43e290} 'invokeImpl' '(Ljava/lang/Object;[Ljava/lang/Object;)Ljava/lang/Object;' in 'jdk/internal/reflect/DirectMethodHandleAccessor')}
  0x000001a100711f74: 48ba e8f7 | bf52 a101 | 0000 ff82 

  0x000001a100711f80: ;*goto {reexecute=0 rethrow=0 return_oop=0}
                      ; - jdk.internal.reflect.DirectMethodHandleAccessor::invokeImpl@58 (line 154)
                      ; - jdk.internal.reflect.DirectMethodHandleAccessor::invoke@23 (line 103)
  0x000001a100711f80: 4002 0000 | 4881 c450 | 0100 005d 

  0x000001a100711f8c: ;   {poll_return}
  0x000001a100711f8c: 493b a748 | 0400 000f | 873a 0c00 | 00c3 4c8b | 8424 b800 | 0000 8b72 | 1848 c1e6 

  0x000001a100711fa8: ;*getfield target {reexecute=0 rethrow=0 return_oop=0}
                      ; - jdk.internal.reflect.DirectMethodHandleAccessor::invokeImpl@37 (line 153)
                      ; - jdk.internal.reflect.DirectMethodHandleAccessor::invoke@23 (line 103)
  0x000001a100711fa8: 0348 89b4 | 24e8 0000 

  0x000001a100711fb0: ;   {metadata(method data for {method} {0x000001a10f43e290} 'invokeImpl' '(Ljava/lang/Object;[Ljava/lang/Object;)Ljava/lang/Object;' in 'jdk/internal/reflect/DirectMethodHandleAccessor')}
  0x000001a100711fb0: 0048 bfe8 | f7bf 52a1 | 0100 0048 | 8dbf a801 | 0000 4d85 | c075 0ef6 | 4708 0175 | 53f0 4883 
  0x000001a100711fd0: 4f08 01eb | 4b41 8b58 | 0849 ba00 | 0000 0fa1 | 0100 0049 | 03da 4c8b | d348 335f | 0848 f7c3 
  0x000001a100711ff0: fcff ffff | 742a f6c3 | 0275 2548 | f747 08fe | ffff ff74 | 1749 8bda | 4833 5f08 | 48f7 c3fc 
  0x000001a100712010: ffff ff74 | 0b48 834f | 0802 eb04 | 4889 5f08 

  0x000001a100712020: ;   {metadata(method data for {method} {0x000001a10f1e0190} 'invokeExact_MT' '(Ljava/lang/Object;Ljava/lang/Object;Ljava/lang/Object;)Ljava/lang/Object;' in 'java/lang/invoke/Invokers$Holder')}
  0x000001a100712020: 48bf 08d6 | fb51 a101 | 0000 488d | bf90 0200 | 0048 85f6 | 750a f607 | 0175 05f0 | 4883 0f01 
  0x000001a100712040: ;   {metadata(method data for {method} {0x000001a10f43e290} 'invokeImpl' '(Ljava/lang/Object;[Ljava/lang/Object;)Ljava/lang/Object;' in 'jdk/internal/reflect/DirectMethodHandleAccessor')}
  0x000001a100712040: 48bf e8f7 | bf52 a101 | 0000 4883 | 8778 0100 

  0x000001a100712050: ;   {metadata(method data for {method} {0x000001a10f1e0190} 'invokeExact_MT' '(Ljava/lang/Object;Ljava/lang/Object;Ljava/lang/Object;)Ljava/lang/Object;' in 'java/lang/invoke/Invokers$Holder')}
  0x000001a100712050: 0001 48bf | 08d6 fb51 | a101 0000 | 8b9f cc00 | 0000 83c3 | 0289 9fcc | 0000 0081 | e3fe ff1f 
  0x000001a100712070: 0085 db0f | 8470 0b00 

  0x000001a100712078: ;   {metadata(method data for {method} {0x000001a10f1e0190} 'invokeExact_MT' '(Ljava/lang/Object;Ljava/lang/Object;Ljava/lang/Object;)Ljava/lang/Object;' in 'java/lang/invoke/Invokers$Holder')}
  0x000001a100712078: 0048 bf08 | d6fb 51a1 | 0100 0048 | 8dbf 8801 | 0000 4885 | f675 0cf6 | 4708 0175 | 06f0 4883 
  0x000001a100712098: ;   {metadata(method data for {method} {0x000001a10f1e0190} 'invokeExact_MT' '(Ljava/lang/Object;Ljava/lang/Object;Ljava/lang/Object;)Ljava/lang/Object;' in 'java/lang/invoke/Invokers$Holder')}
  0x000001a100712098: 4f08 0148 | bf08 d6fb | 51a1 0100 | 0048 8387 | 7801 0000 

  0x000001a1007120ac: ;   {metadata(method data for {method} {0x000001a10f4467a0} 'checkExactType' '(Ljava/lang/invoke/MethodHandle;Ljava/lang/invoke/MethodType;)V' in 'java/lang/invoke/Invokers')}
  0x000001a1007120ac: 0148 bf58 | 0a3f 51a1 | 0100 008b | 9fcc 0000 | 0083 c302 | 899f cc00 | 0000 81e3 | feff 1f00 
  0x000001a1007120cc: 85db 0f84 | 360b 0000 

  0x000001a1007120d4: ; implicit exception: dispatches to 0x000001a100712c2b
                      ;*invokevirtual type {reexecute=0 rethrow=0 return_oop=0}
                      ; - java.lang.invoke.Invokers::checkExactType@1 (line 528)
                      ; - java.lang.invoke.Invokers$Holder::invokeExact_MT@10
                      ; - jdk.internal.reflect.DirectMethodHandleAccessor::invokeImpl@41 (line 153)
                      ; - jdk.internal.reflect.DirectMethodHandleAccessor::invoke@23 (line 103)
  0x000001a1007120d4: 483b 0648 

  0x000001a1007120d8: ;   {metadata(method data for {method} {0x000001a10f4467a0} 'checkExactType' '(Ljava/lang/invoke/MethodHandle;Ljava/lang/invoke/MethodType;)V' in 'java/lang/invoke/Invokers')}
  0x000001a1007120d8: 8bfe 48bb | 580a 3f51 | a101 0000 | 8b7f 0849 | ba00 0000 | 0fa1 0100 | 0049 03fa | 483b bb20 
  0x000001a1007120f8: 0100 0075 | 0d48 8383 | 2801 0000 | 01e9 6000 | 0000 483b | bb30 0100 | 0075 0d48 | 8383 3801 
  0x000001a100712118: 0000 01e9 | 4a00 0000 | 4883 bb20 | 0100 0000 | 7517 4889 | bb20 0100 | 0048 c783 | 2801 0000 
  0x000001a100712138: 0100 0000 | e929 0000 | 0048 83bb | 3001 0000 | 0075 1748 | 89bb 3001 | 0000 48c7 | 8338 0100 
  0x000001a100712158: 0001 0000 | 00e9 0800 | 0000 4883 | 8318 0100 | 0001 8b7e | 1048 c1e7 

  0x000001a100712170: ;*getfield type {reexecute=0 rethrow=0 return_oop=0}
                      ; - java.lang.invoke.MethodHandle::type@1 (line 468)
                      ; - java.lang.invoke.Invokers::checkExactType@1 (line 528)
                      ; - java.lang.invoke.Invokers$Holder::invokeExact_MT@10
                      ; - jdk.internal.reflect.DirectMethodHandleAccessor::invokeImpl@41 (line 153)
                      ; - jdk.internal.reflect.DirectMethodHandleAccessor::invoke@23 (line 103)
                      ;   {oop(a 'java/lang/invoke/MethodType'{0x0000000722bf56c8} = (Ljava/lang/Object;)Ljava/lang/Object;)}
  0x000001a100712170: 0348 bbc8 | 56bf 2207 | 0000 0048 

  0x000001a10071217c: ;   {metadata(method data for {method} {0x000001a10f4467a0} 'checkExactType' '(Ljava/lang/invoke/MethodHandle;Ljava/lang/invoke/MethodType;)V' in 'java/lang/invoke/Invokers')}
  0x000001a10071217c: 3bfb 48bb | 580a 3f51 | a101 0000 | b858 0100 | 0075 05b8 | 4801 0000 | 488b 0c03 | 488d 4901 
  0x000001a10071219c: 4889 0c03 | 0f85 a501 

  0x000001a1007121a4: ;*if_acmpeq {reexecute=0 rethrow=0 return_oop=0}
                      ; - java.lang.invoke.Invokers::checkExactType@7 (line 529)
                      ; - java.lang.invoke.Invokers$Holder::invokeExact_MT@10
                      ; - jdk.internal.reflect.DirectMethodHandleAccessor::invokeImpl@41 (line 153)
                      ; - jdk.internal.reflect.DirectMethodHandleAccessor::invoke@23 (line 103)
                      ;   {metadata(method data for {method} {0x000001a10f1e0190} 'invokeExact_MT' '(Ljava/lang/Object;Ljava/lang/Object;Ljava/lang/Object;)Ljava/lang/Object;' in 'java/lang/invoke/Invokers$Holder')}
  0x000001a1007121a4: 0000 48bf | 08d6 fb51 | a101 0000 | 4883 87b0 | 0100 0001 

  0x000001a1007121b8: ;   {metadata(method data for {method} {0x000001a10f446698} 'checkCustomized' '(Ljava/lang/invoke/MethodHandle;)V' in 'java/lang/invoke/Invokers')}
  0x000001a1007121b8: 48bf 880e | 3f51 a101 | 0000 8b9f | cc00 0000 | 83c3 0289 | 9fcc 0000 | 0081 e3fe | ff1f 0085 
  0x000001a1007121d8: db0f 8451 

  0x000001a1007121dc: ;   {metadata(method data for {method} {0x000001a10f446698} 'checkCustomized' '(Ljava/lang/invoke/MethodHandle;)V' in 'java/lang/invoke/Invokers')}
  0x000001a1007121dc: 0a00 0048 | bf88 0e3f | 51a1 0100 | 0048 8387 | 1801 0000 

  0x000001a1007121f0: ;   {metadata(method data for {method} {0x000001a10f1cfca8} 'isCompileConstant' '(Ljava/lang/Object;)Z' in 'java/lang/invoke/MethodHandleImpl')}
  0x000001a1007121f0: 0148 bf40 | 103f 51a1 | 0100 008b | 9fcc 0000 | 0083 c302 | 899f cc00 | 0000 81e3 | feff 1f00 
  0x000001a100712210: 85db 0f84 | 390a 0000 

  0x000001a100712218: ;   {metadata(method data for {method} {0x000001a10f446698} 'checkCustomized' '(Ljava/lang/invoke/MethodHandle;)V' in 'java/lang/invoke/Invokers')}
  0x000001a100712218: 48bf 880e | 3f51 a101 | 0000 ff87 

  0x000001a100712224: ;*ifeq {reexecute=0 rethrow=0 return_oop=0}
                      ; - java.lang.invoke.Invokers::checkCustomized@4 (line 622)
                      ; - java.lang.invoke.Invokers$Holder::invokeExact_MT@14
                      ; - jdk.internal.reflect.DirectMethodHandleAccessor::invokeImpl@41 (line 153)
                      ; - jdk.internal.reflect.DirectMethodHandleAccessor::invoke@23 (line 103)
  0x000001a100712224: 2801 0000 | 8b7e 1448 

  0x000001a10071222c: ;*getfield form {reexecute=0 rethrow=0 return_oop=0}
                      ; - java.lang.invoke.Invokers::checkCustomized@9 (line 625)
                      ; - java.lang.invoke.Invokers$Holder::invokeExact_MT@14
                      ; - jdk.internal.reflect.DirectMethodHandleAccessor::invokeImpl@41 (line 153)
                      ; - jdk.internal.reflect.DirectMethodHandleAccessor::invoke@23 (line 103)
  0x000001a10071222c: c1e7 038b | 7f1c 48c1 

  0x000001a100712234: ;*getfield customized {reexecute=0 rethrow=0 return_oop=0}
                      ; - java.lang.invoke.Invokers::checkCustomized@12 (line 625)
                      ; - java.lang.invoke.Invokers$Holder::invokeExact_MT@14
                      ; - jdk.internal.reflect.DirectMethodHandleAccessor::invokeImpl@41 (line 153)
                      ; - jdk.internal.reflect.DirectMethodHandleAccessor::invoke@23 (line 103)
  0x000001a100712234: e703 4885 

  0x000001a100712238: ;   {metadata(method data for {method} {0x000001a10f446698} 'checkCustomized' '(Ljava/lang/invoke/MethodHandle;)V' in 'java/lang/invoke/Invokers')}
  0x000001a100712238: ff48 bf88 | 0e3f 51a1 | 0100 00bb | 4801 0000 | 7505 bb58 | 0100 0048 | 8b04 1f48 | 8d40 0148 
  0x000001a100712258: 8904 1f0f | 8523 0000 

  0x000001a100712260: ;*ifnonnull {reexecute=0 rethrow=0 return_oop=0}
                      ; - java.lang.invoke.Invokers::checkCustomized@15 (line 625)
                      ; - java.lang.invoke.Invokers$Holder::invokeExact_MT@14
                      ; - jdk.internal.reflect.DirectMethodHandleAccessor::invokeImpl@41 (line 153)
                      ; - jdk.internal.reflect.DirectMethodHandleAccessor::invoke@23 (line 103)
                      ;   {metadata(method data for {method} {0x000001a10f446698} 'checkCustomized' '(Ljava/lang/invoke/MethodHandle;)V' in 'java/lang/invoke/Invokers')}
  0x000001a100712260: 0048 bf88 | 0e3f 51a1 | 0100 0048 | 8387 6801 | 0000 0148 

  0x000001a100712274: ;*invokestatic maybeCustomize {reexecute=0 rethrow=0 return_oop=0}
                      ; - java.lang.invoke.Invokers::checkCustomized@19 (line 626)
                      ; - java.lang.invoke.Invokers$Holder::invokeExact_MT@14
                      ; - jdk.internal.reflect.DirectMethodHandleAccessor::invokeImpl@41 (line 153)
                      ; - jdk.internal.reflect.DirectMethodHandleAccessor::invoke@23 (line 103)
                      ;   {static_call}
  0x000001a100712274: 8bd6 90e8 

  0x000001a100712278: ; ImmutableOopMap {[168]=Oop [176]=Oop [184]=Oop [232]=Oop }
                      ;*invokestatic maybeCustomize {reexecute=0 rethrow=0 return_oop=0}
                      ; - java.lang.invoke.Invokers::checkCustomized@19 (line 626)
                      ; - java.lang.invoke.Invokers$Holder::invokeExact_MT@14
                      ; - jdk.internal.reflect.DirectMethodHandleAccessor::invokeImpl@41 (line 153)
                      ; - jdk.internal.reflect.DirectMethodHandleAccessor::invoke@23 (line 103)
  0x000001a100712278: 24bc 6107 

  0x000001a10071227c: ;   {other}
  0x000001a10071227c: 0f1f 8400 

  0x000001a100712280: ;*invokestatic maybeCustomize {reexecute=0 rethrow=0 return_oop=0}
                      ; - java.lang.invoke.Invokers::checkCustomized@19 (line 626)
                      ; - java.lang.invoke.Invokers$Holder::invokeExact_MT@14
                      ; - jdk.internal.reflect.DirectMethodHandleAccessor::invokeImpl@41 (line 153)
                      ; - jdk.internal.reflect.DirectMethodHandleAccessor::invoke@23 (line 103)
  0x000001a100712280: 7418 0008 | 488b b424 | e800 0000 

  0x000001a10071228c: ;   {metadata(method data for {method} {0x000001a10f1e0190} 'invokeExact_MT' '(Ljava/lang/Object;Ljava/lang/Object;Ljava/lang/Object;)Ljava/lang/Object;' in 'java/lang/invoke/Invokers$Holder')}
  0x000001a10071228c: 49b8 08d6 | fb51 a101 | 0000 4983 | 80d8 0100 | 0001 4c8b | 8424 b800 | 0000 488b | 9424 e800 
  0x000001a1007122ac: ;*invokevirtual invokeBasic {reexecute=0 rethrow=0 return_oop=0}
                      ; - java.lang.invoke.Invokers$Holder::invokeExact_MT@19
                      ; - jdk.internal.reflect.DirectMethodHandleAccessor::invokeImpl@41 (line 153)
                      ; - jdk.internal.reflect.DirectMethodHandleAccessor::invoke@23 (line 103)
                      ;   {optimized virtual_call}
  0x000001a1007122ac: 0000 90e8 

  0x000001a1007122b0: ; ImmutableOopMap {[168]=Oop [176]=Oop [184]=Oop [232]=Oop }
                      ;*invokevirtual invokeBasic {reexecute=0 rethrow=0 return_oop=0}
                      ; - java.lang.invoke.Invokers$Holder::invokeExact_MT@19
                      ; - jdk.internal.reflect.DirectMethodHandleAccessor::invokeImpl@41 (line 153)
                      ; - jdk.internal.reflect.DirectMethodHandleAccessor::invoke@23 (line 103)
  0x000001a1007122b0: 4c4b 3b07 

  0x000001a1007122b4: ;   {other}
  0x000001a1007122b4: 0f1f 8400 

  0x000001a1007122b8: ;*invokevirtual invokeBasic {reexecute=0 rethrow=0 return_oop=0}
                      ; - java.lang.invoke.Invokers$Holder::invokeExact_MT@19
                      ; - jdk.internal.reflect.DirectMethodHandleAccessor::invokeImpl@41 (line 153)
                      ; - jdk.internal.reflect.DirectMethodHandleAccessor::invoke@23 (line 103)
  0x000001a1007122b8: ac18 0009 

  0x000001a1007122bc: ;   {metadata(method data for {method} {0x000001a10f43e290} 'invokeImpl' '(Ljava/lang/Object;[Ljava/lang/Object;)Ljava/lang/Object;' in 'jdk/internal/reflect/DirectMethodHandleAccessor')}
  0x000001a1007122bc: 48ba e8f7 | bf52 a101 | 0000 488d | 92b8 0100 | 0048 85c0 | 750c f602 | 0175 4ef0 | 4883 0a01 
  0x000001a1007122dc: eb47 448b | 4008 49ba | 0000 000f | a101 0000 | 4d03 c24d | 8bd0 4c33 | 0249 f7c0 | fcff ffff 
  0x000001a1007122fc: 7427 41f6 | c002 7521 | 48f7 02fe | ffff ff74 | 154d 8bc2 | 4c33 0249 | f7c0 fcff | ffff 7409 
  0x000001a10071231c: 4883 0a02 | eb03 4c89 

  0x000001a100712324: ;   {metadata(method data for {method} {0x000001a10f43e290} 'invokeImpl' '(Ljava/lang/Object;[Ljava/lang/Object;)Ljava/lang/Object;' in 'jdk/internal/reflect/DirectMethodHandleAccessor')}
  0x000001a100712324: 0248 bae8 | f7bf 52a1 | 0100 00ff | 82c8 0100 

  0x000001a100712334: ;*goto {reexecute=0 rethrow=0 return_oop=0}
                      ; - jdk.internal.reflect.DirectMethodHandleAccessor::invokeImpl@44 (line 153)
                      ; - jdk.internal.reflect.DirectMethodHandleAccessor::invoke@23 (line 103)
  0x000001a100712334: 0048 81c4 | 5001 0000 

  0x000001a10071233c: ;   {poll_return}
  0x000001a10071233c: 5d49 3ba7 | 4804 0000 | 0f87 2d09 

  0x000001a100712348: ;*areturn {reexecute=0 rethrow=0 return_oop=0}
                      ; - jdk.internal.reflect.DirectMethodHandleAccessor::invoke@26 (line 103)
                      ;   {metadata(method data for {method} {0x000001a10f4467a0} 'checkExactType' '(Ljava/lang/invoke/MethodHandle;Ljava/lang/invoke/MethodType;)V' in 'java/lang/invoke/Invokers')}
  0x000001a100712348: 0000 c348 | ba58 0a3f | 51a1 0100 | 0048 8382 | 6801 0000 

  0x000001a10071235c: ;   {oop(a 'java/lang/invoke/MethodType'{0x0000000722bf56c8} = (Ljava/lang/Object;)Ljava/lang/Object;)}
  0x000001a10071235c: 0149 b8c8 | 56bf 2207 | 0000 0048 

  0x000001a100712368: ;*invokestatic newWrongMethodTypeException {reexecute=0 rethrow=0 return_oop=0}
                      ; - java.lang.invoke.Invokers::checkExactType@12 (line 530)
                      ; - java.lang.invoke.Invokers$Holder::invokeExact_MT@10
                      ; - jdk.internal.reflect.DirectMethodHandleAccessor::invokeImpl@41 (line 153)
                      ; - jdk.internal.reflect.DirectMethodHandleAccessor::invoke@23 (line 103)
  0x000001a100712368: 8bd7 4889 | bc24 f000 | 0000 0f1f 

  0x000001a100712374: ;   {static_call}
  0x000001a100712374: 4400 00e8 

  0x000001a100712378: ; ImmutableOopMap {[168]=Oop [176]=Oop [184]=Oop [232]=Oop [240]=Oop }
                      ;*invokestatic newWrongMethodTypeException {reexecute=0 rethrow=0 return_oop=0}
                      ; - java.lang.invoke.Invokers::checkExactType@12 (line 530)
                      ; - java.lang.invoke.Invokers$Holder::invokeExact_MT@10
                      ; - jdk.internal.reflect.DirectMethodHandleAccessor::invokeImpl@41 (line 153)
                      ; - jdk.internal.reflect.DirectMethodHandleAccessor::invoke@23 (line 103)
  0x000001a100712378: 64ca e606 

  0x000001a10071237c: ;   {other}
  0x000001a10071237c: 0f1f 8400 

  0x000001a100712380: ;*invokestatic newWrongMethodTypeException {reexecute=0 rethrow=0 return_oop=0}
                      ; - java.lang.invoke.Invokers::checkExactType@12 (line 530)
                      ; - java.lang.invoke.Invokers$Holder::invokeExact_MT@10
                      ; - jdk.internal.reflect.DirectMethodHandleAccessor::invokeImpl@41 (line 153)
                      ; - jdk.internal.reflect.DirectMethodHandleAccessor::invoke@23 (line 103)
  0x000001a100712380: 7419 000a 

  0x000001a100712384: ; implicit exception: dispatches to 0x000001a100712c8d
                      ; ImmutableOopMap {rax=Oop [168]=Oop [176]=Oop [184]=Oop [232]=Oop [240]=Oop }
                      ;*athrow {reexecute=1 rethrow=0 return_oop=0}
                      ; - (reexecute) java.lang.invoke.Invokers::checkExactType@15 (line 530)
                      ; - java.lang.invoke.Invokers$Holder::invokeExact_MT@10
                      ; - jdk.internal.reflect.DirectMethodHandleAccessor::invokeImpl@41 (line 153)
                      ; - jdk.internal.reflect.DirectMethodHandleAccessor::invoke@23 (line 103)
                      ;   {section_word}
  0x000001a100712384: 483b 0048 | ba87 2371 | 00a1 0100 

  0x000001a100712390: ;   {runtime_call handle_exception_nofpu Runtime1 stub}
  0x000001a100712390: 00e8 ca10 

  0x000001a100712394: ;*athrow {reexecute=0 rethrow=0 return_oop=0}
                      ; - java.lang.invoke.Invokers::checkExactType@15 (line 530)
                      ; - java.lang.invoke.Invokers$Holder::invokeExact_MT@10
                      ; - jdk.internal.reflect.DirectMethodHandleAccessor::invokeImpl@41 (line 153)
                      ; - jdk.internal.reflect.DirectMethodHandleAccessor::invoke@23 (line 103)
                      ;   {metadata(method data for {method} {0x000001a10f4467a0} 'checkExactType' '(Ljava/lang/invoke/MethodHandle;Ljava/lang/invoke/MethodType;)V' in 'java/lang/invoke/Invokers')}
  0x000001a100712394: f406 9048 | ba58 0a3f | 51a1 0100 | 0048 8382 | 6801 0000 

  0x000001a1007123a8: ;   {oop(a 'java/lang/invoke/MethodType'{0x0000000722bf57e0} = (Ljava/lang/Object;Ljava/lang/Object;)Ljava/lang/Object;)}
  0x000001a1007123a8: 0149 b8e0 | 57bf 2207 | 0000 0048 

  0x000001a1007123b4: ;*invokestatic newWrongMethodTypeException {reexecute=0 rethrow=0 return_oop=0}
                      ; - java.lang.invoke.Invokers::checkExactType@12 (line 530)
                      ; - java.lang.invoke.Invokers$Holder::invokeExact_MT@10
                      ; - jdk.internal.reflect.DirectMethodHandleAccessor::invokeImpl@55 (line 154)
                      ; - jdk.internal.reflect.DirectMethodHandleAccessor::invoke@23 (line 103)
  0x000001a1007123b4: 8bd3 4889 | 9c24 f800 

  0x000001a1007123bc: ;   {static_call}
  0x000001a1007123bc: 0000 90e8 

  0x000001a1007123c0: ; ImmutableOopMap {[168]=Oop [176]=Oop [184]=Oop [216]=Oop [224]=Oop [248]=Oop }
                      ;*invokestatic newWrongMethodTypeException {reexecute=0 rethrow=0 return_oop=0}
                      ; - java.lang.invoke.Invokers::checkExactType@12 (line 530)
                      ; - java.lang.invoke.Invokers$Holder::invokeExact_MT@10
                      ; - jdk.internal.reflect.DirectMethodHandleAccessor::invokeImpl@55 (line 154)
                      ; - jdk.internal.reflect.DirectMethodHandleAccessor::invoke@23 (line 103)
  0x000001a1007123c0: 1cca e606 

  0x000001a1007123c4: ;   {other}
  0x000001a1007123c4: 0f1f 8400 

  0x000001a1007123c8: ;*invokestatic newWrongMethodTypeException {reexecute=0 rethrow=0 return_oop=0}
                      ; - java.lang.invoke.Invokers::checkExactType@12 (line 530)
                      ; - java.lang.invoke.Invokers$Holder::invokeExact_MT@10
                      ; - jdk.internal.reflect.DirectMethodHandleAccessor::invokeImpl@55 (line 154)
                      ; - jdk.internal.reflect.DirectMethodHandleAccessor::invoke@23 (line 103)
  0x000001a1007123c8: bc19 000c 

  0x000001a1007123cc: ; implicit exception: dispatches to 0x000001a100712c92
                      ; ImmutableOopMap {rax=Oop [168]=Oop [176]=Oop [184]=Oop [216]=Oop [224]=Oop [248]=Oop }
                      ;*athrow {reexecute=1 rethrow=0 return_oop=0}
                      ; - (reexecute) java.lang.invoke.Invokers::checkExactType@15 (line 530)
                      ; - java.lang.invoke.Invokers$Holder::invokeExact_MT@10
                      ; - jdk.internal.reflect.DirectMethodHandleAccessor::invokeImpl@55 (line 154)
                      ; - jdk.internal.reflect.DirectMethodHandleAccessor::invoke@23 (line 103)
                      ;   {section_word}
  0x000001a1007123cc: 483b 0048 | bacf 2371 | 00a1 0100 

  0x000001a1007123d8: ;   {runtime_call handle_exception_nofpu Runtime1 stub}
  0x000001a1007123d8: 00e8 8210 

  0x000001a1007123dc: ;*athrow {reexecute=0 rethrow=0 return_oop=0}
                      ; - java.lang.invoke.Invokers::checkExactType@15 (line 530)
                      ; - java.lang.invoke.Invokers$Holder::invokeExact_MT@10
                      ; - jdk.internal.reflect.DirectMethodHandleAccessor::invokeImpl@55 (line 154)
                      ; - jdk.internal.reflect.DirectMethodHandleAccessor::invoke@23 (line 103)
                      ;   {metadata(method data for {method} {0x000001a10f4467a0} 'checkExactType' '(Ljava/lang/invoke/MethodHandle;Ljava/lang/invoke/MethodType;)V' in 'java/lang/invoke/Invokers')}
  0x000001a1007123dc: f406 9048 | ba58 0a3f | 51a1 0100 | 0048 8382 | 6801 0000 

  0x000001a1007123f0: ;   {oop(a 'java/lang/invoke/MethodType'{0x0000000722bf5898} = (Ljava/lang/Object;Ljava/lang/Object;Ljava/lang/Object;)Ljava/lang/Object;)}
  0x000001a1007123f0: 0149 b898 | 58bf 2207 | 0000 0048 

  0x000001a1007123fc: ;*invokestatic newWrongMethodTypeException {reexecute=0 rethrow=0 return_oop=0}
                      ; - java.lang.invoke.Invokers::checkExactType@12 (line 530)
                      ; - java.lang.invoke.LambdaForm$MH/0x000001a110002000::invokeExact_MT@11
                      ; - jdk.internal.reflect.DirectMethodHandleAccessor::invokeImpl@72 (line 155)
                      ; - jdk.internal.reflect.DirectMethodHandleAccessor::invoke@23 (line 103)
  0x000001a1007123fc: 8bd0 4889 | 8424 0001 

  0x000001a100712404: ;   {static_call}
  0x000001a100712404: 0000 90e8 

  0x000001a100712408: ; ImmutableOopMap {[168]=Oop [176]=Oop [184]=Oop [192]=Oop [200]=Oop [208]=Oop [256]=Oop }
                      ;*invokestatic newWrongMethodTypeException {reexecute=0 rethrow=0 return_oop=0}
                      ; - java.lang.invoke.Invokers::checkExactType@12 (line 530)
                      ; - java.lang.invoke.LambdaForm$MH/0x000001a110002000::invokeExact_MT@11
                      ; - jdk.internal.reflect.DirectMethodHandleAccessor::invokeImpl@72 (line 155)
                      ; - jdk.internal.reflect.DirectMethodHandleAccessor::invoke@23 (line 103)
  0x000001a100712408: d4c9 e606 

  0x000001a10071240c: ;   {other}
  0x000001a10071240c: 0f1f 8400 

  0x000001a100712410: ;*invokestatic newWrongMethodTypeException {reexecute=0 rethrow=0 return_oop=0}
                      ; - java.lang.invoke.Invokers::checkExactType@12 (line 530)
                      ; - java.lang.invoke.LambdaForm$MH/0x000001a110002000::invokeExact_MT@11
                      ; - jdk.internal.reflect.DirectMethodHandleAccessor::invokeImpl@72 (line 155)
                      ; - jdk.internal.reflect.DirectMethodHandleAccessor::invoke@23 (line 103)
  0x000001a100712410: 041a 000e 

  0x000001a100712414: ; implicit exception: dispatches to 0x000001a100712c97
                      ; ImmutableOopMap {rax=Oop [168]=Oop [176]=Oop [184]=Oop [192]=Oop [200]=Oop [208]=Oop [256]=Oop }
                      ;*athrow {reexecute=1 rethrow=0 return_oop=0}
                      ; - (reexecute) java.lang.invoke.Invokers::checkExactType@15 (line 530)
                      ; - java.lang.invoke.LambdaForm$MH/0x000001a110002000::invokeExact_MT@11
                      ; - jdk.internal.reflect.DirectMethodHandleAccessor::invokeImpl@72 (line 155)
                      ; - jdk.internal.reflect.DirectMethodHandleAccessor::invoke@23 (line 103)
                      ;   {section_word}
  0x000001a100712414: 483b 0048 | ba17 2471 | 00a1 0100 

  0x000001a100712420: ;   {runtime_call handle_exception_nofpu Runtime1 stub}
  0x000001a100712420: 00e8 3a10 

  0x000001a100712424: ;*athrow {reexecute=0 rethrow=0 return_oop=0}
                      ; - java.lang.invoke.Invokers::checkExactType@15 (line 530)
                      ; - java.lang.invoke.LambdaForm$MH/0x000001a110002000::invokeExact_MT@11
                      ; - jdk.internal.reflect.DirectMethodHandleAccessor::invokeImpl@72 (line 155)
                      ; - jdk.internal.reflect.DirectMethodHandleAccessor::invoke@23 (line 103)
  0x000001a100712424: f406 9049 | 8b87 0005 | 0000 4d33 | d24d 8997 | 0005 0000 | 4d33 d24d | 8997 0805 | 0000 4889 
  0x000001a100712444: 8424 0801 | 0000 488b | 9424 a800 

  0x000001a100712450: ;   {metadata(method data for {method} {0x000001a10f298240} 'invoke' '(Ljava/lang/Object;[Ljava/lang/Object;)Ljava/lang/Object;' in 'jdk/internal/reflect/DirectMethodHandleAccessor')}
  0x000001a100712450: 0000 49b8 | f0ec bf52 | a101 0000 | 4983 8048 | 0200 0001 

  0x000001a100712464: ;   {metadata(method data for {method} {0x000001a10f43e238} 'isIllegalArgument' '(Ljava/lang/RuntimeException;)Z' in 'jdk/internal/reflect/DirectMethodHandleAccessor')}
  0x000001a100712464: 48ba e0fb | bf52 a101 | 0000 448b | 82cc 0000 | 0041 83c0 | 0244 8982 | cc00 0000 | 4181 e0fe 
  0x000001a100712484: ff1f 0045 | 85c0 0f84 | 0c08 0000 

  0x000001a100712490: ;   {oop(a 'java/lang/Class'{0x0000000722baaad0} = 'jdk/internal/reflect/DirectMethodHandleAccessor')}
  0x000001a100712490: 48ba d0aa | ba22 0700 | 0000 4c8b 

  0x000001a10071249c: ;*invokestatic isIllegalArgument {reexecute=0 rethrow=0 return_oop=0}
                      ; - jdk.internal.reflect.DirectMethodHandleAccessor::isIllegalArgument@3 (line 191)
                      ; - jdk.internal.reflect.DirectMethodHandleAccessor::invoke@58 (line 112)
                      ;   {static_call}
  0x000001a10071249c: c066 90e8 

  0x000001a1007124a0: ; ImmutableOopMap {[168]=Oop [176]=Oop [184]=Oop [264]=Oop }
                      ;*invokestatic isIllegalArgument {reexecute=0 rethrow=0 return_oop=0}
                      ; - jdk.internal.reflect.DirectMethodHandleAccessor::isIllegalArgument@3 (line 191)
                      ; - jdk.internal.reflect.DirectMethodHandleAccessor::invoke@58 (line 112)
  0x000001a1007124a0: 3cc9 e606 

  0x000001a1007124a4: ;   {other}
  0x000001a1007124a4: 0f1f 8400 

  0x000001a1007124a8: ;*invokestatic isIllegalArgument {reexecute=0 rethrow=0 return_oop=0}
                      ; - jdk.internal.reflect.DirectMethodHandleAccessor::isIllegalArgument@3 (line 191)
                      ; - jdk.internal.reflect.DirectMethodHandleAccessor::invoke@58 (line 112)
  0x000001a1007124a8: 9c1a 0010 | 83e0 0185 

  0x000001a1007124b0: ;   {metadata(method data for {method} {0x000001a10f298240} 'invoke' '(Ljava/lang/Object;[Ljava/lang/Object;)Ljava/lang/Object;' in 'jdk/internal/reflect/DirectMethodHandleAccessor')}
  0x000001a1007124b0: c048 b8f0 | ecbf 52a1 | 0100 00ba | 7802 0000 | 7405 ba88 | 0200 004c | 8b04 104d | 8d40 014c 
  0x000001a1007124d0: 8904 100f | 84db 0200 | 00e9 2602 

  0x000001a1007124dc: ;*ifeq {reexecute=0 rethrow=0 return_oop=0}
                      ; - jdk.internal.reflect.DirectMethodHandleAccessor::invoke@61 (line 112)
  0x000001a1007124dc: 0000 498b | 8700 0500 | 004d 33d2 | 4d89 9700 | 0500 004d | 33d2 4d89 | 9708 0500 | 0048 8984 
  0x000001a1007124fc: 2410 0100 | 0048 8b94 | 24a8 0000 

  0x000001a100712508: ;   {metadata(method data for {method} {0x000001a10f298240} 'invoke' '(Ljava/lang/Object;[Ljava/lang/Object;)Ljava/lang/Object;' in 'jdk/internal/reflect/DirectMethodHandleAccessor')}
  0x000001a100712508: 0049 b8f0 | ecbf 52a1 | 0100 0049 | 8380 d801 

  0x000001a100712518: ;   {metadata(method data for {method} {0x000001a10f43e238} 'isIllegalArgument' '(Ljava/lang/RuntimeException;)Z' in 'jdk/internal/reflect/DirectMethodHandleAccessor')}
  0x000001a100712518: 0000 0148 | bae0 fbbf | 52a1 0100 | 0044 8b82 | cc00 0000 | 4183 c002 | 4489 82cc | 0000 0041 
  0x000001a100712538: 81e0 feff | 1f00 4585 | c00f 8476 

  0x000001a100712544: ;   {oop(a 'java/lang/Class'{0x0000000722baaad0} = 'jdk/internal/reflect/DirectMethodHandleAccessor')}
  0x000001a100712544: 0700 0048 | bad0 aaba | 2207 0000 

  0x000001a100712550: ;*invokestatic isIllegalArgument {reexecute=0 rethrow=0 return_oop=0}
                      ; - jdk.internal.reflect.DirectMethodHandleAccessor::isIllegalArgument@3 (line 191)
                      ; - jdk.internal.reflect.DirectMethodHandleAccessor::invoke@30 (line 105)
  0x000001a100712550: 004c 8bc0 

  0x000001a100712554: ;   {static_call}
  0x000001a100712554: 6666 90e8 

  0x000001a100712558: ; ImmutableOopMap {[168]=Oop [176]=Oop [184]=Oop [272]=Oop }
                      ;*invokestatic isIllegalArgument {reexecute=0 rethrow=0 return_oop=0}
                      ; - jdk.internal.reflect.DirectMethodHandleAccessor::isIllegalArgument@3 (line 191)
                      ; - jdk.internal.reflect.DirectMethodHandleAccessor::invoke@30 (line 105)
  0x000001a100712558: 84c8 e606 

  0x000001a10071255c: ;   {other}
  0x000001a10071255c: 0f1f 8400 

  0x000001a100712560: ;*invokestatic isIllegalArgument {reexecute=0 rethrow=0 return_oop=0}
                      ; - jdk.internal.reflect.DirectMethodHandleAccessor::isIllegalArgument@3 (line 191)
                      ; - jdk.internal.reflect.DirectMethodHandleAccessor::invoke@30 (line 105)
  0x000001a100712560: 541b 0011 | 83e0 0185 

  0x000001a100712568: ;   {metadata(method data for {method} {0x000001a10f298240} 'invoke' '(Ljava/lang/Object;[Ljava/lang/Object;)Ljava/lang/Object;' in 'jdk/internal/reflect/DirectMethodHandleAccessor')}
  0x000001a100712568: c048 baf0 | ecbf 52a1 | 0100 00be | 0802 0000 | 7405 be18 | 0200 0048 | 8b3c 3248 | 8d7f 0148 
  0x000001a100712588: 893c 320f | 84b3 0000 

  0x000001a100712590: ;*ifeq {reexecute=0 rethrow=0 return_oop=0}
                      ; - jdk.internal.reflect.DirectMethodHandleAccessor::invoke@33 (line 105)
  0x000001a100712590: 000f 1f80 | 0000 0000 

  0x000001a100712598: ;   {no_reloc}
  0x000001a100712598: e950 0700 | 0000 0000 | 0000 498b | 87b8 0100 | 0048 8d78 | 2849 3bbf | c801 0000 | 0f87 3d07 
  0x000001a1007125b8: 0000 4989 | bfb8 0100 | 0048 c700 | 0100 0000 | 488b ca49 | ba00 0000 | 0fa1 0100 | 0049 2bca 
  0x000001a1007125d8: 8948 0848 | 33c9 8948 | 0c48 33c9 | 4889 4810 | 4889 4818 

  0x000001a1007125ec: ;*new {reexecute=0 rethrow=0 return_oop=0}
                      ; - jdk.internal.reflect.DirectMethodHandleAccessor::invoke@36 (line 107)
  0x000001a1007125ec: 4889 4820 

  0x000001a1007125f0: ;   {metadata(method data for {method} {0x000001a10f298240} 'invoke' '(Ljava/lang/Object;[Ljava/lang/Object;)Ljava/lang/Object;' in 'jdk/internal/reflect/DirectMethodHandleAccessor')}
  0x000001a1007125f0: 4c8b c048 | baf0 ecbf | 52a1 0100 | 0048 8382 | 2802 0000 

  0x000001a100712604: ;   {oop("argument type mismatch"{0x000000072331d918})}
  0x000001a100712604: 0149 b818 | d931 2307 | 0000 0048 

  0x000001a100712610: ;*invokespecial <init> {reexecute=0 rethrow=0 return_oop=0}
                      ; - jdk.internal.reflect.DirectMethodHandleAccessor::invoke@42 (line 107)
  0x000001a100712610: 8bd0 4889 | 8424 1801 | 0000 0f1f 

  0x000001a10071261c: ;   {optimized virtual_call}
  0x000001a10071261c: 4400 00e8 

  0x000001a100712620: ; ImmutableOopMap {[168]=Oop [176]=Oop [184]=Oop [272]=Oop [280]=Oop }
                      ;*invokespecial <init> {reexecute=0 rethrow=0 return_oop=0}
                      ; - jdk.internal.reflect.DirectMethodHandleAccessor::invoke@42 (line 107)
  0x000001a100712620: bcc1 e606 

  0x000001a100712624: ;   {other}
  0x000001a100712624: 0f1f 8400 

  0x000001a100712628: ;*invokespecial <init> {reexecute=0 rethrow=0 return_oop=0}
                      ; - jdk.internal.reflect.DirectMethodHandleAccessor::invoke@42 (line 107)
  0x000001a100712628: 1c1c 0012 | 488b 8424 

  0x000001a100712630: ; ImmutableOopMap {rax=Oop [168]=Oop [176]=Oop [184]=Oop [272]=Oop }
                      ;*athrow {reexecute=1 rethrow=0 return_oop=0}
                      ; - (reexecute) jdk.internal.reflect.DirectMethodHandleAccessor::invoke@45 (line 107)
  0x000001a100712630: 1801 0000 

  0x000001a100712634: ;   {section_word}
  0x000001a100712634: 48ba 3426 | 7100 a101 

  0x000001a10071263c: ;   {runtime_call handle_exception_nofpu Runtime1 stub}
  0x000001a10071263c: 0000 e81d 

  0x000001a100712640: ;*athrow {reexecute=0 rethrow=0 return_oop=0}
                      ; - jdk.internal.reflect.DirectMethodHandleAccessor::invoke@45 (line 107)
  0x000001a100712640: 0ef4 0690 | 488b 8424 | 1001 0000 | 0f1f 4000 

  0x000001a100712650: ;   {no_reloc}
  0x000001a100712650: e9be 0600 | 0000 0000 | 0000 488b | d880 ba31 | 0100 0004 | 0f85 b806 | 0000 498b | 87b8 0100 
  0x000001a100712670: 0048 8d78 | 2849 3bbf | c801 0000 | 0f87 a006 | 0000 4989 | bfb8 0100 | 0048 c700 | 0100 0000 
  0x000001a100712690: 488b ca49 | ba00 0000 | 0fa1 0100 | 0049 2bca | 8948 0848 | 33c9 8948 | 0c48 33c9 | 4889 4810 
  0x000001a1007126b0: 4889 4818 

  0x000001a1007126b4: ;*new {reexecute=0 rethrow=0 return_oop=0}
                      ; - jdk.internal.reflect.DirectMethodHandleAccessor::invoke@46 (line 109)
  0x000001a1007126b4: 4889 4820 

  0x000001a1007126b8: ;   {metadata(method data for {method} {0x000001a10f298240} 'invoke' '(Ljava/lang/Object;[Ljava/lang/Object;)Ljava/lang/Object;' in 'jdk/internal/reflect/DirectMethodHandleAccessor')}
  0x000001a1007126b8: 4c8b c048 | baf0 ecbf | 52a1 0100 | 0048 8382 | 3802 0000 | 014c 8bc3 

  0x000001a1007126d0: ;*invokespecial <init> {reexecute=0 rethrow=0 return_oop=0}
                      ; - jdk.internal.reflect.DirectMethodHandleAccessor::invoke@51 (line 109)
  0x000001a1007126d0: 488b d048 | 8984 2420 | 0100 000f 

  0x000001a1007126dc: ;   {optimized virtual_call}
  0x000001a1007126dc: 1f40 00e8 

  0x000001a1007126e0: ; ImmutableOopMap {[168]=Oop [176]=Oop [184]=Oop [272]=Oop [288]=Oop }
                      ;*invokespecial <init> {reexecute=0 rethrow=0 return_oop=0}
                      ; - jdk.internal.reflect.DirectMethodHandleAccessor::invoke@51 (line 109)
  0x000001a1007126e0: fcc0 e606 

  0x000001a1007126e4: ;   {other}
  0x000001a1007126e4: 0f1f 8400 

  0x000001a1007126e8: ;*invokespecial <init> {reexecute=0 rethrow=0 return_oop=0}
                      ; - jdk.internal.reflect.DirectMethodHandleAccessor::invoke@51 (line 109)
  0x000001a1007126e8: dc1c 0014 | 488b 8424 

  0x000001a1007126f0: ; ImmutableOopMap {rax=Oop [168]=Oop [176]=Oop [184]=Oop [272]=Oop }
                      ;*athrow {reexecute=1 rethrow=0 return_oop=0}
                      ; - (reexecute) jdk.internal.reflect.DirectMethodHandleAccessor::invoke@54 (line 109)
  0x000001a1007126f0: 2001 0000 

  0x000001a1007126f4: ;   {section_word}
  0x000001a1007126f4: 48ba f426 | 7100 a101 

  0x000001a1007126fc: ;   {runtime_call handle_exception_nofpu Runtime1 stub}
  0x000001a1007126fc: 0000 e85d 

  0x000001a100712700: ;*athrow {reexecute=0 rethrow=0 return_oop=0}
                      ; - jdk.internal.reflect.DirectMethodHandleAccessor::invoke@54 (line 109)
  0x000001a100712700: 0df4 0690 | 0f1f 4000 

  0x000001a100712708: ;   {no_reloc}
  0x000001a100712708: e931 0600 | 0000 0000 | 0000 498b | 87b8 0100 | 0048 8d78 | 2849 3bbf | c801 0000 | 0f87 1e06 
  0x000001a100712728: 0000 4989 | bfb8 0100 | 0048 c700 | 0100 0000 | 488b ca49 | ba00 0000 | 0fa1 0100 | 0049 2bca 
  0x000001a100712748: 8948 0848 | 33c9 8948 | 0c48 33c9 | 4889 4810 | 4889 4818 

  0x000001a10071275c: ;*new {reexecute=0 rethrow=0 return_oop=0}
                      ; - jdk.internal.reflect.DirectMethodHandleAccessor::invoke@64 (line 113)
  0x000001a10071275c: 4889 4820 

  0x000001a100712760: ;   {metadata(method data for {method} {0x000001a10f298240} 'invoke' '(Ljava/lang/Object;[Ljava/lang/Object;)Ljava/lang/Object;' in 'jdk/internal/reflect/DirectMethodHandleAccessor')}
  0x000001a100712760: 4c8b c048 | baf0 ecbf | 52a1 0100 | 0048 8382 | 9802 0000 | 014c 8b84 | 2408 0100 

  0x000001a10071277c: ;*invokespecial <init> {reexecute=0 rethrow=0 return_oop=0}
                      ; - jdk.internal.reflect.DirectMethodHandleAccessor::invoke@69 (line 113)
  0x000001a10071277c: 0048 8bd0 | 4889 8424 | 2801 0000 | 0f1f 8000 

  0x000001a10071278c: ;   {optimized virtual_call}
  0x000001a10071278c: 0000 00e8 

  0x000001a100712790: ; ImmutableOopMap {[168]=Oop [176]=Oop [184]=Oop [264]=Oop [296]=Oop }
                      ;*invokespecial <init> {reexecute=0 rethrow=0 return_oop=0}
                      ; - jdk.internal.reflect.DirectMethodHandleAccessor::invoke@69 (line 113)
  0x000001a100712790: 4cc0 e606 

  0x000001a100712794: ;   {other}
  0x000001a100712794: 0f1f 8400 

  0x000001a100712798: ;*invokespecial <init> {reexecute=0 rethrow=0 return_oop=0}
                      ; - jdk.internal.reflect.DirectMethodHandleAccessor::invoke@69 (line 113)
  0x000001a100712798: 8c1d 0016 | 488b 8424 

  0x000001a1007127a0: ; ImmutableOopMap {rax=Oop [168]=Oop [176]=Oop [184]=Oop [264]=Oop }
                      ;*athrow {reexecute=1 rethrow=0 return_oop=0}
                      ; - (reexecute) jdk.internal.reflect.DirectMethodHandleAccessor::invoke@72 (line 113)
  0x000001a1007127a0: 2801 0000 

  0x000001a1007127a4: ;   {section_word}
  0x000001a1007127a4: 48ba a427 | 7100 a101 

  0x000001a1007127ac: ;   {runtime_call handle_exception_nofpu Runtime1 stub}
  0x000001a1007127ac: 0000 e8ad 

  0x000001a1007127b0: ;*athrow {reexecute=0 rethrow=0 return_oop=0}
                      ; - jdk.internal.reflect.DirectMethodHandleAccessor::invoke@72 (line 113)
  0x000001a1007127b0: 0cf4 0690 | 488b 8424 | 0801 0000 | 0f1f 4000 

  0x000001a1007127c0: ;   {no_reloc}
  0x000001a1007127c0: e99f 0500 | 0000 0000 | 0000 488b | d880 ba31 | 0100 0004 | 0f85 9905 | 0000 498b | 87b8 0100 
  0x000001a1007127e0: 0048 8d78 | 2849 3bbf | c801 0000 | 0f87 8105 | 0000 4989 | bfb8 0100 | 0048 c700 | 0100 0000 
  0x000001a100712800: 488b ca49 | ba00 0000 | 0fa1 0100 | 0049 2bca | 8948 0848 | 33c9 8948 | 0c48 33c9 | 4889 4810 
  0x000001a100712820: 4889 4818 

  0x000001a100712824: ;*new {reexecute=0 rethrow=0 return_oop=0}
                      ; - jdk.internal.reflect.DirectMethodHandleAccessor::invoke@73 (line 115)
  0x000001a100712824: 4889 4820 

  0x000001a100712828: ;   {metadata(method data for {method} {0x000001a10f298240} 'invoke' '(Ljava/lang/Object;[Ljava/lang/Object;)Ljava/lang/Object;' in 'jdk/internal/reflect/DirectMethodHandleAccessor')}
  0x000001a100712828: 4c8b c048 | baf0 ecbf | 52a1 0100 | 0048 8382 | a802 0000 | 014c 8bc3 

  0x000001a100712840: ;*invokespecial <init> {reexecute=0 rethrow=0 return_oop=0}
                      ; - jdk.internal.reflect.DirectMethodHandleAccessor::invoke@78 (line 115)
  0x000001a100712840: 488b d048 | 8984 2430 | 0100 000f 

  0x000001a10071284c: ;   {optimized virtual_call}
  0x000001a10071284c: 1f40 00e8 

  0x000001a100712850: ; ImmutableOopMap {[168]=Oop [176]=Oop [184]=Oop [264]=Oop [304]=Oop }
                      ;*invokespecial <init> {reexecute=0 rethrow=0 return_oop=0}
                      ; - jdk.internal.reflect.DirectMethodHandleAccessor::invoke@78 (line 115)
  0x000001a100712850: 8cbf e606 

  0x000001a100712854: ;   {other}
  0x000001a100712854: 0f1f 8400 

  0x000001a100712858: ;*invokespecial <init> {reexecute=0 rethrow=0 return_oop=0}
                      ; - jdk.internal.reflect.DirectMethodHandleAccessor::invoke@78 (line 115)
  0x000001a100712858: 4c1e 0018 | 488b 8424 

  0x000001a100712860: ; ImmutableOopMap {rax=Oop [168]=Oop [176]=Oop [184]=Oop [264]=Oop }
                      ;*athrow {reexecute=1 rethrow=0 return_oop=0}
                      ; - (reexecute) jdk.internal.reflect.DirectMethodHandleAccessor::invoke@81 (line 115)
  0x000001a100712860: 3001 0000 

  0x000001a100712864: ;   {section_word}
  0x000001a100712864: 48ba 6428 | 7100 a101 

  0x000001a10071286c: ;   {runtime_call handle_exception_nofpu Runtime1 stub}
  0x000001a10071286c: 0000 e8ed 

  0x000001a100712870: ;*athrow {reexecute=0 rethrow=0 return_oop=0}
                      ; - jdk.internal.reflect.DirectMethodHandleAccessor::invoke@81 (line 115)
  0x000001a100712870: 0bf4 0690 | 498b 8700 | 0500 004d | 33d2 4d89 | 9700 0500 | 004d 33d2 | 4d89 9708 | 0500 0090 
  0x000001a100712890: ;   {no_reloc}
  0x000001a100712890: e9fa 0400 | 0000 0000 | 0000 4c8b | d880 ba31 | 0100 0004 | 0f85 f404 | 0000 498b | 87b8 0100 
  0x000001a1007128b0: 0048 8d78 | 2849 3bbf | c801 0000 | 0f87 dc04 | 0000 4989 | bfb8 0100 | 0048 c700 | 0100 0000 
  0x000001a1007128d0: 488b ca49 | ba00 0000 | 0fa1 0100 | 0049 2bca | 8948 0848 | 33c9 8948 | 0c48 33c9 | 4889 4810 
  0x000001a1007128f0: 4889 4818 

  0x000001a1007128f4: ;*new {reexecute=0 rethrow=0 return_oop=0}
                      ; - jdk.internal.reflect.DirectMethodHandleAccessor::invoke@83 (line 118)
  0x000001a1007128f4: 4889 4820 

  0x000001a1007128f8: ;   {metadata(method data for {method} {0x000001a10f298240} 'invoke' '(Ljava/lang/Object;[Ljava/lang/Object;)Ljava/lang/Object;' in 'jdk/internal/reflect/DirectMethodHandleAccessor')}
  0x000001a1007128f8: 488b d048 | bef0 ecbf | 52a1 0100 | 0048 8386 | b802 0000 | 014d 8bc3 

  0x000001a100712910: ;*invokespecial <init> {reexecute=0 rethrow=0 return_oop=0}
                      ; - jdk.internal.reflect.DirectMethodHandleAccessor::invoke@88 (line 118)
  0x000001a100712910: 488b d04c | 899c 2440 | 0100 0048 | 8984 2438 | 0100 000f 

  0x000001a100712924: ;   {optimized virtual_call}
  0x000001a100712924: 1f40 00e8 

  0x000001a100712928: ; ImmutableOopMap {[168]=Oop [176]=Oop [184]=Oop [312]=Oop [320]=Oop }
                      ;*invokespecial <init> {reexecute=0 rethrow=0 return_oop=0}
                      ; - jdk.internal.reflect.DirectMethodHandleAccessor::invoke@88 (line 118)
  0x000001a100712928: b4be e606 

  0x000001a10071292c: ;   {other}
  0x000001a10071292c: 0f1f 8400 

  0x000001a100712930: ;*invokespecial <init> {reexecute=0 rethrow=0 return_oop=0}
                      ; - jdk.internal.reflect.DirectMethodHandleAccessor::invoke@88 (line 118)
  0x000001a100712930: 241f 001a | 488b 8424 

  0x000001a100712938: ; ImmutableOopMap {rax=Oop [168]=Oop [176]=Oop [184]=Oop [320]=Oop }
                      ;*athrow {reexecute=1 rethrow=0 return_oop=0}
                      ; - (reexecute) jdk.internal.reflect.DirectMethodHandleAccessor::invoke@91 (line 118)
  0x000001a100712938: 3801 0000 

  0x000001a10071293c: ;   {section_word}
  0x000001a10071293c: 48ba 3c29 | 7100 a101 

  0x000001a100712944: ;   {runtime_call handle_exception_nofpu Runtime1 stub}
  0x000001a100712944: 0000 e815 | 0bf4 0690 

  0x000001a10071294c: ;   {metadata({method} {0x000001a10f298240} 'invoke' '(Ljava/lang/Object;[Ljava/lang/Object;)Ljava/lang/Object;' in 'jdk/internal/reflect/DirectMethodHandleAccessor')}
  0x000001a10071294c: 49ba 3882 | 290f a101 | 0000 4c89 | 5424 0848 | c704 24ff 

  0x000001a100712960: ;   {runtime_call counter_overflow Runtime1 stub}
  0x000001a100712960: ffff ffe8 

  0x000001a100712964: ; ImmutableOopMap {rdx=Oop r8=Oop r9=Oop [168]=Oop [176]=Oop [184]=Oop }
                      ;*synchronization entry
                      ; - jdk.internal.reflect.DirectMethodHandleAccessor::invoke@-1 (line 98)
  0x000001a100712964: f84c f406 | e911 e5ff 

  0x000001a10071296c: ;   {metadata({method} {0x000001a10f43e4f8} 'isStatic' '()Z' in 'jdk/internal/reflect/DirectMethodHandleAccessor')}
  0x000001a10071296c: ff49 baf0 | e443 0fa1 | 0100 004c | 8954 2408 | 48c7 0424 | ffff ffff 

  0x000001a100712984: ;   {runtime_call counter_overflow Runtime1 stub}
  0x000001a100712984: e8d7 4cf4 

  0x000001a100712988: ; ImmutableOopMap {rdx=Oop r8=Oop r9=Oop [168]=Oop [176]=Oop [184]=Oop }
                      ;*synchronization entry
                      ; - jdk.internal.reflect.DirectMethodHandleAccessor::isStatic@-1 (line 183)
                      ; - jdk.internal.reflect.DirectMethodHandleAccessor::invoke@1 (line 98)
  0x000001a100712988: 06e9 2ce5 

  0x000001a10071298c: ;   {metadata({method} {0x000001a10f43e290} 'invokeImpl' '(Ljava/lang/Object;[Ljava/lang/Object;)Ljava/lang/Object;' in 'jdk/internal/reflect/DirectMethodHandleAccessor')}
  0x000001a10071298c: ffff 49ba | 88e2 430f | a101 0000 | 4c89 5424 | 0848 c704 | 24ff ffff 

  0x000001a1007129a4: ;   {runtime_call counter_overflow Runtime1 stub}
  0x000001a1007129a4: ffe8 b64c 

  0x000001a1007129a8: ; ImmutableOopMap {rdx=Oop [168]=Oop [176]=Oop [184]=Oop }
                      ;*synchronization entry
                      ; - jdk.internal.reflect.DirectMethodHandleAccessor::invokeImpl@-1 (line 152)
                      ; - jdk.internal.reflect.DirectMethodHandleAccessor::invoke@23 (line 103)
  0x000001a1007129a8: f406 e93e | e6ff ff48 | bf48 0107 | 3007 0000 | 00b8 000f 

  0x000001a1007129bc: ;   {runtime_call load_appendix_patching Runtime1 stub}
  0x000001a1007129bc: 050a e81d 

  0x000001a1007129c0: ; ImmutableOopMap {rdx=Oop r8=Oop r9=Oop rsi=Oop [168]=Oop [176]=Oop [184]=Oop }
                      ;*invokevirtual invokeExact {reexecute=1 rethrow=0 return_oop=0}
                      ; - (reexecute) jdk.internal.reflect.DirectMethodHandleAccessor::invokeImpl@104 (line 157)
                      ; - jdk.internal.reflect.DirectMethodHandleAccessor::invoke@23 (line 103)
  0x000001a1007129c0: 45f4 06e9 | c8e6 ffff 

  0x000001a1007129c8: ;   {runtime_call throw_null_pointer_exception Runtime1 stub}
  0x000001a1007129c8: e813 d3f3 

  0x000001a1007129cc: ; ImmutableOopMap {rdx=Oop r8=Oop r9=Oop rsi=Oop rdi=Oop [168]=Oop [176]=Oop [184]=Oop }
                      ;*invokevirtual invokeExact {reexecute=0 rethrow=0 return_oop=0}
                      ; - jdk.internal.reflect.DirectMethodHandleAccessor::invokeImpl@104 (line 157)
                      ; - jdk.internal.reflect.DirectMethodHandleAccessor::invoke@23 (line 103)
                      ;   {internal_word}
  0x000001a1007129cc: 0649 ba86 | 1271 00a1 | 0100 004d | 8997 6004 

  0x000001a1007129dc: ;   {runtime_call SafepointBlob}
  0x000001a1007129dc: 0000 e9fd 

  0x000001a1007129e0: ;   {runtime_call throw_null_pointer_exception Runtime1 stub}
  0x000001a1007129e0: 29e7 06e8 

  0x000001a1007129e4: ; ImmutableOopMap {r8=Oop r9=Oop rdx=Oop rbx=Oop [168]=Oop [176]=Oop [184]=Oop }
                      ;*aaload {reexecute=0 rethrow=0 return_oop=0}
                      ; - jdk.internal.reflect.DirectMethodHandleAccessor::invokeImpl@85 (line 156)
                      ; - jdk.internal.reflect.DirectMethodHandleAccessor::invoke@23 (line 103)
  0x000001a1007129e4: f8d2 f306 

  0x000001a1007129e8: ;   {runtime_call throw_null_pointer_exception Runtime1 stub}
  0x000001a1007129e8: e8f3 d2f3 

  0x000001a1007129ec: ; ImmutableOopMap {r8=Oop r9=Oop rdx=Oop rbx=Oop [168]=Oop [176]=Oop [184]=Oop }
                      ;*aaload {reexecute=0 rethrow=0 return_oop=0}
                      ; - jdk.internal.reflect.DirectMethodHandleAccessor::invokeImpl@85 (line 156)
                      ; - jdk.internal.reflect.DirectMethodHandleAccessor::invoke@23 (line 103)
  0x000001a1007129ec: 0648 c704 | 2400 0000 | 004c 894c 

  0x000001a1007129f8: ;   {runtime_call throw_range_check_failed Runtime1 stub}
  0x000001a1007129f8: 2408 e8e1 

  0x000001a1007129fc: ; ImmutableOopMap {r8=Oop r9=Oop rdx=Oop rbx=Oop [168]=Oop [176]=Oop [184]=Oop }
                      ;*aaload {reexecute=0 rethrow=0 return_oop=0}
                      ; - jdk.internal.reflect.DirectMethodHandleAccessor::invokeImpl@85 (line 156)
                      ; - jdk.internal.reflect.DirectMethodHandleAccessor::invoke@23 (line 103)
  0x000001a1007129fc: c9f3 0648 | c704 2401 | 0000 004c | 894c 2408 

  0x000001a100712a0c: ;   {runtime_call throw_range_check_failed Runtime1 stub}
  0x000001a100712a0c: e8cf c9f3 

  0x000001a100712a10: ; ImmutableOopMap {r8=Oop r9=Oop rdx=Oop rbx=Oop rdi=Oop [168]=Oop [176]=Oop [184]=Oop }
                      ;*aaload {reexecute=0 rethrow=0 return_oop=0}
                      ; - jdk.internal.reflect.DirectMethodHandleAccessor::invokeImpl@88 (line 156)
                      ; - jdk.internal.reflect.DirectMethodHandleAccessor::invoke@23 (line 103)
  0x000001a100712a10: 0648 c704 | 2402 0000 | 004c 894c 

  0x000001a100712a1c: ;   {runtime_call throw_range_check_failed Runtime1 stub}
  0x000001a100712a1c: 2408 e8bd 

  0x000001a100712a20: ; ImmutableOopMap {r8=Oop r9=Oop rdx=Oop rbx=Oop rdi=Oop rsi=Oop [168]=Oop [176]=Oop [184]=Oop }
                      ;*aaload {reexecute=0 rethrow=0 return_oop=0}
                      ; - jdk.internal.reflect.DirectMethodHandleAccessor::invokeImpl@91 (line 156)
                      ; - jdk.internal.reflect.DirectMethodHandleAccessor::invoke@23 (line 103)
  0x000001a100712a20: c9f3 0648 | b890 ddbe | 2207 0000 | 00b8 000f 

  0x000001a100712a30: ;   {runtime_call load_appendix_patching Runtime1 stub}
  0x000001a100712a30: 050a e8a9 

  0x000001a100712a34: ; ImmutableOopMap {r8=Oop r9=Oop rdx=Oop rbx=Oop rdi=Oop rsi=Oop rcx=Oop [168]=Oop [176]=Oop [184]=Oop }
                      ;*invokevirtual invokeExact {reexecute=1 rethrow=0 return_oop=0}
                      ; - (reexecute) jdk.internal.reflect.DirectMethodHandleAccessor::invokeImpl@92 (line 156)
                      ; - jdk.internal.reflect.DirectMethodHandleAccessor::invoke@23 (line 103)
  0x000001a100712a34: 44f4 06e9 | ace8 ffff 

  0x000001a100712a3c: ;   {runtime_call throw_null_pointer_exception Runtime1 stub}
  0x000001a100712a3c: e89f d2f3 

  0x000001a100712a40: ; ImmutableOopMap {r8=Oop r9=Oop rdx=Oop rbx=Oop rdi=Oop rsi=Oop rcx=Oop rax=Oop [168]=Oop [176]=Oop [184]=Oop }
                      ;*invokevirtual invokeExact {reexecute=0 rethrow=0 return_oop=0}
                      ; - jdk.internal.reflect.DirectMethodHandleAccessor::invokeImpl@92 (line 156)
                      ; - jdk.internal.reflect.DirectMethodHandleAccessor::invoke@23 (line 103)
                      ;   {internal_word}
  0x000001a100712a40: 0649 bafc | 1471 00a1 | 0100 004d | 8997 6004 

  0x000001a100712a50: ;   {runtime_call SafepointBlob}
  0x000001a100712a50: 0000 e989 

  0x000001a100712a54: ;   {runtime_call throw_null_pointer_exception Runtime1 stub}
  0x000001a100712a54: 29e7 06e8 

  0x000001a100712a58: ; ImmutableOopMap {rdx=Oop r8=Oop r9=Oop rsi=Oop [168]=Oop [176]=Oop [184]=Oop [200]=Oop }
                      ;*aaload {reexecute=0 rethrow=0 return_oop=0}
                      ; - jdk.internal.reflect.DirectMethodHandleAccessor::invokeImpl@68 (line 155)
                      ; - jdk.internal.reflect.DirectMethodHandleAccessor::invoke@23 (line 103)
  0x000001a100712a58: 84d2 f306 

  0x000001a100712a5c: ;   {runtime_call throw_null_pointer_exception Runtime1 stub}
  0x000001a100712a5c: e87f d2f3 

  0x000001a100712a60: ; ImmutableOopMap {rdx=Oop r8=Oop r9=Oop rsi=Oop [168]=Oop [176]=Oop [184]=Oop [200]=Oop }
                      ;*aaload {reexecute=0 rethrow=0 return_oop=0}
                      ; - jdk.internal.reflect.DirectMethodHandleAccessor::invokeImpl@68 (line 155)
                      ; - jdk.internal.reflect.DirectMethodHandleAccessor::invoke@23 (line 103)
  0x000001a100712a60: 0648 c704 | 2400 0000 | 004c 894c 

  0x000001a100712a6c: ;   {runtime_call throw_range_check_failed Runtime1 stub}
  0x000001a100712a6c: 2408 e86d 

  0x000001a100712a70: ; ImmutableOopMap {rdx=Oop r8=Oop r9=Oop rsi=Oop [168]=Oop [176]=Oop [184]=Oop [200]=Oop }
                      ;*aaload {reexecute=0 rethrow=0 return_oop=0}
                      ; - jdk.internal.reflect.DirectMethodHandleAccessor::invokeImpl@68 (line 155)
                      ; - jdk.internal.reflect.DirectMethodHandleAccessor::invoke@23 (line 103)
  0x000001a100712a70: c9f3 0648 | c704 2401 | 0000 004c | 894c 2408 

  0x000001a100712a80: ;   {runtime_call throw_range_check_failed Runtime1 stub}
  0x000001a100712a80: e85b c9f3 

  0x000001a100712a84: ; ImmutableOopMap {rdx=Oop r8=Oop r9=Oop rsi=Oop rdi=Oop [168]=Oop [176]=Oop [184]=Oop [192]=Oop [200]=Oop }
                      ;*aaload {reexecute=0 rethrow=0 return_oop=0}
                      ; - jdk.internal.reflect.DirectMethodHandleAccessor::invokeImpl@71 (line 155)
                      ; - jdk.internal.reflect.DirectMethodHandleAccessor::invoke@23 (line 103)
                      ;   {metadata({method} {0x000001a151403ab8} 'invokeExact_MT' '(Ljava/lang/Object;Ljava/lang/Object;Ljava/lang/Object;Ljava/lang/Object;Ljava/lang/Object;)Ljava/lang/Object;' in 'java/lang/invoke/LambdaForm$MH+0x000001a110002000')}
  0x000001a100712a84: 0649 bab0 | 3a40 51a1 | 0100 004c | 8954 2408 | 48c7 0424 | ffff ffff 

  0x000001a100712a9c: ;   {runtime_call counter_overflow Runtime1 stub}
  0x000001a100712a9c: e8bf 4bf4 

  0x000001a100712aa0: ; ImmutableOopMap {rdx=Oop r8=Oop r9=Oop rsi=Oop rdi=Oop rbx=Oop [168]=Oop [176]=Oop [184]=Oop [192]=Oop [200]=Oop [208]=Oop }
                      ;*synchronization entry
                      ; - java.lang.invoke.LambdaForm$MH/0x000001a110002000::invokeExact_MT@-1
                      ; - jdk.internal.reflect.DirectMethodHandleAccessor::invokeImpl@72 (line 155)
                      ; - jdk.internal.reflect.DirectMethodHandleAccessor::invoke@23 (line 103)
  0x000001a100712aa0: 06e9 26ec 

  0x000001a100712aa4: ;   {metadata({method} {0x000001a10f4467a0} 'checkExactType' '(Ljava/lang/invoke/MethodHandle;Ljava/lang/invoke/MethodType;)V' in 'java/lang/invoke/Invokers')}
  0x000001a100712aa4: ffff 49ba | 9867 440f | a101 0000 | 4c89 5424 | 0848 c704 | 24ff ffff 

  0x000001a100712abc: ;   {runtime_call counter_overflow Runtime1 stub}
  0x000001a100712abc: ffe8 9e4b 

  0x000001a100712ac0: ; ImmutableOopMap {rdx=Oop r8=Oop r9=Oop rsi=Oop rdi=Oop rbx=Oop [168]=Oop [176]=Oop [184]=Oop [192]=Oop [200]=Oop [208]=Oop }
                      ;*synchronization entry
                      ; - java.lang.invoke.Invokers::checkExactType@-1 (line 528)
                      ; - java.lang.invoke.LambdaForm$MH/0x000001a110002000::invokeExact_MT@11
                      ; - jdk.internal.reflect.DirectMethodHandleAccessor::invokeImpl@72 (line 155)
                      ; - jdk.internal.reflect.DirectMethodHandleAccessor::invoke@23 (line 103)
  0x000001a100712ac0: f406 e9ac 

  0x000001a100712ac4: ;   {runtime_call throw_null_pointer_exception Runtime1 stub}
  0x000001a100712ac4: ecff ffe8 

  0x000001a100712ac8: ; ImmutableOopMap {rdx=Oop r8=Oop r9=Oop rsi=Oop rdi=Oop rbx=Oop [168]=Oop [176]=Oop [184]=Oop [192]=Oop [200]=Oop [208]=Oop }
                      ;*invokevirtual type {reexecute=0 rethrow=0 return_oop=0}
                      ; - java.lang.invoke.Invokers::checkExactType@1 (line 528)
                      ; - java.lang.invoke.LambdaForm$MH/0x000001a110002000::invokeExact_MT@11
                      ; - jdk.internal.reflect.DirectMethodHandleAccessor::invokeImpl@72 (line 155)
                      ; - jdk.internal.reflect.DirectMethodHandleAccessor::invoke@23 (line 103)
  0x000001a100712ac8: 14d2 f306 

  0x000001a100712acc: ;   {metadata({method} {0x000001a10f446698} 'checkCustomized' '(Ljava/lang/invoke/MethodHandle;)V' in 'java/lang/invoke/Invokers')}
  0x000001a100712acc: 49ba 9066 | 440f a101 | 0000 4c89 | 5424 0848 | c704 24ff 

  0x000001a100712ae0: ;   {runtime_call counter_overflow Runtime1 stub}
  0x000001a100712ae0: ffff ffe8 

  0x000001a100712ae4: ; ImmutableOopMap {rdx=Oop r8=Oop r9=Oop rsi=Oop rdi=Oop rbx=Oop [168]=Oop [176]=Oop [184]=Oop [192]=Oop [200]=Oop [208]=Oop }
                      ;*synchronization entry
                      ; - java.lang.invoke.Invokers::checkCustomized@-1 (line 622)
                      ; - java.lang.invoke.LambdaForm$MH/0x000001a110002000::invokeExact_MT@15
                      ; - jdk.internal.reflect.DirectMethodHandleAccessor::invokeImpl@72 (line 155)
                      ; - jdk.internal.reflect.DirectMethodHandleAccessor::invoke@23 (line 103)
  0x000001a100712ae4: 784b f406 | e9ee edff 

  0x000001a100712aec: ;   {metadata({method} {0x000001a10f1cfca8} 'isCompileConstant' '(Ljava/lang/Object;)Z' in 'java/lang/invoke/MethodHandleImpl')}
  0x000001a100712aec: ff49 baa0 | fc1c 0fa1 | 0100 004c | 8954 2408 | 48c7 0424 | ffff ffff 

  0x000001a100712b04: ;   {runtime_call counter_overflow Runtime1 stub}
  0x000001a100712b04: e857 4bf4 

  0x000001a100712b08: ; ImmutableOopMap {rdx=Oop r8=Oop r9=Oop rsi=Oop rdi=Oop rbx=Oop [168]=Oop [176]=Oop [184]=Oop [192]=Oop [200]=Oop [208]=Oop }
                      ;*synchronization entry
                      ; - java.lang.invoke.MethodHandleImpl::isCompileConstant@-1 (line 620)
                      ; - java.lang.invoke.Invokers::checkCustomized@1 (line 622)
                      ; - java.lang.invoke.LambdaForm$MH/0x000001a110002000::invokeExact_MT@15
                      ; - jdk.internal.reflect.DirectMethodHandleAccessor::invokeImpl@72 (line 155)
                      ; - jdk.internal.reflect.DirectMethodHandleAccessor::invoke@23 (line 103)
  0x000001a100712b08: 06e9 06ee 

  0x000001a100712b0c: ;   {runtime_call throw_null_pointer_exception Runtime1 stub}
  0x000001a100712b0c: ffff e8cd 

  0x000001a100712b10: ; ImmutableOopMap {rdx=Oop r8=Oop r9=Oop rsi=Oop rdi=Oop rbx=Oop [168]=Oop [176]=Oop [184]=Oop [192]=Oop [200]=Oop [208]=Oop }
                      ;*getfield customized {reexecute=1 rethrow=0 return_oop=0}
                      ; - (reexecute) java.lang.invoke.Invokers::checkCustomized@12 (line 625)
                      ; - java.lang.invoke.LambdaForm$MH/0x000001a110002000::invokeExact_MT@15
                      ; - jdk.internal.reflect.DirectMethodHandleAccessor::invokeImpl@72 (line 155)
                      ; - jdk.internal.reflect.DirectMethodHandleAccessor::invoke@23 (line 103)
                      ;   {internal_word}
  0x000001a100712b10: d1f3 0649 | ba8c 1b71 | 00a1 0100 | 004d 8997 | 6004 0000 

  0x000001a100712b24: ;   {runtime_call SafepointBlob}
  0x000001a100712b24: e9b7 28e7 

  0x000001a100712b28: ;   {runtime_call throw_null_pointer_exception Runtime1 stub}
  0x000001a100712b28: 06e8 b2d1 

  0x000001a100712b2c: ; ImmutableOopMap {r8=Oop rdx=Oop r9=Oop rsi=Oop [168]=Oop [176]=Oop [184]=Oop [224]=Oop }
                      ;*aaload {reexecute=0 rethrow=0 return_oop=0}
                      ; - jdk.internal.reflect.DirectMethodHandleAccessor::invokeImpl@54 (line 154)
                      ; - jdk.internal.reflect.DirectMethodHandleAccessor::invoke@23 (line 103)
                      ;   {runtime_call throw_null_pointer_exception Runtime1 stub}
  0x000001a100712b2c: f306 e8ad 

  0x000001a100712b30: ; ImmutableOopMap {r8=Oop rdx=Oop r9=Oop rsi=Oop [168]=Oop [176]=Oop [184]=Oop [224]=Oop }
                      ;*aaload {reexecute=0 rethrow=0 return_oop=0}
                      ; - jdk.internal.reflect.DirectMethodHandleAccessor::invokeImpl@54 (line 154)
                      ; - jdk.internal.reflect.DirectMethodHandleAccessor::invoke@23 (line 103)
  0x000001a100712b30: d1f3 0648 | c704 2400 | 0000 004c | 894c 2408 

  0x000001a100712b40: ;   {runtime_call throw_range_check_failed Runtime1 stub}
  0x000001a100712b40: e89b c8f3 

  0x000001a100712b44: ; ImmutableOopMap {r8=Oop rdx=Oop r9=Oop rsi=Oop [168]=Oop [176]=Oop [184]=Oop [224]=Oop }
                      ;*aaload {reexecute=0 rethrow=0 return_oop=0}
                      ; - jdk.internal.reflect.DirectMethodHandleAccessor::invokeImpl@54 (line 154)
                      ; - jdk.internal.reflect.DirectMethodHandleAccessor::invoke@23 (line 103)
                      ;   {metadata({method} {0x000001a10f1e0030} 'invokeExact_MT' '(Ljava/lang/Object;Ljava/lang/Object;Ljava/lang/Object;Ljava/lang/Object;)Ljava/lang/Object;' in 'java/lang/invoke/Invokers$Holder')}
  0x000001a100712b44: 0649 ba28 | 001e 0fa1 | 0100 004c | 8954 2408 | 48c7 0424 | ffff ffff 

  0x000001a100712b5c: ;   {runtime_call counter_overflow Runtime1 stub}
  0x000001a100712b5c: e8ff 4af4 

  0x000001a100712b60: ; ImmutableOopMap {r8=Oop rdx=Oop r9=Oop rsi=Oop rdi=Oop [168]=Oop [176]=Oop [184]=Oop [216]=Oop [224]=Oop }
                      ;*synchronization entry
                      ; - java.lang.invoke.Invokers$Holder::invokeExact_MT@-1
                      ; - jdk.internal.reflect.DirectMethodHandleAccessor::invokeImpl@55 (line 154)
                      ; - jdk.internal.reflect.DirectMethodHandleAccessor::invoke@23 (line 103)
  0x000001a100712b60: 06e9 32f1 

  0x000001a100712b64: ;   {metadata({method} {0x000001a10f4467a0} 'checkExactType' '(Ljava/lang/invoke/MethodHandle;Ljava/lang/invoke/MethodType;)V' in 'java/lang/invoke/Invokers')}
  0x000001a100712b64: ffff 49ba | 9867 440f | a101 0000 | 4c89 5424 | 0848 c704 | 24ff ffff 

  0x000001a100712b7c: ;   {runtime_call counter_overflow Runtime1 stub}
  0x000001a100712b7c: ffe8 de4a 

  0x000001a100712b80: ; ImmutableOopMap {r8=Oop rdx=Oop r9=Oop rsi=Oop rdi=Oop [168]=Oop [176]=Oop [184]=Oop [216]=Oop [224]=Oop }
                      ;*synchronization entry
                      ; - java.lang.invoke.Invokers::checkExactType@-1 (line 528)
                      ; - java.lang.invoke.Invokers$Holder::invokeExact_MT@10
                      ; - jdk.internal.reflect.DirectMethodHandleAccessor::invokeImpl@55 (line 154)
                      ; - jdk.internal.reflect.DirectMethodHandleAccessor::invoke@23 (line 103)
  0x000001a100712b80: f406 e96b 

  0x000001a100712b84: ;   {runtime_call throw_null_pointer_exception Runtime1 stub}
  0x000001a100712b84: f1ff ffe8 

  0x000001a100712b88: ; ImmutableOopMap {r8=Oop rdx=Oop r9=Oop rsi=Oop rdi=Oop [168]=Oop [176]=Oop [184]=Oop [216]=Oop [224]=Oop }
                      ;*invokevirtual type {reexecute=0 rethrow=0 return_oop=0}
                      ; - java.lang.invoke.Invokers::checkExactType@1 (line 528)
                      ; - java.lang.invoke.Invokers$Holder::invokeExact_MT@10
                      ; - jdk.internal.reflect.DirectMethodHandleAccessor::invokeImpl@55 (line 154)
                      ; - jdk.internal.reflect.DirectMethodHandleAccessor::invoke@23 (line 103)
  0x000001a100712b88: 54d1 f306 

  0x000001a100712b8c: ;   {metadata({method} {0x000001a10f446698} 'checkCustomized' '(Ljava/lang/invoke/MethodHandle;)V' in 'java/lang/invoke/Invokers')}
  0x000001a100712b8c: 49ba 9066 | 440f a101 | 0000 4c89 | 5424 0848 | c704 24ff 

  0x000001a100712ba0: ;   {runtime_call counter_overflow Runtime1 stub}
  0x000001a100712ba0: ffff ffe8 

  0x000001a100712ba4: ; ImmutableOopMap {r8=Oop rdx=Oop r9=Oop rsi=Oop rdi=Oop [168]=Oop [176]=Oop [184]=Oop [216]=Oop [224]=Oop }
                      ;*synchronization entry
                      ; - java.lang.invoke.Invokers::checkCustomized@-1 (line 622)
                      ; - java.lang.invoke.Invokers$Holder::invokeExact_MT@14
                      ; - jdk.internal.reflect.DirectMethodHandleAccessor::invokeImpl@55 (line 154)
                      ; - jdk.internal.reflect.DirectMethodHandleAccessor::invoke@23 (line 103)
  0x000001a100712ba4: b84a f406 | e94f f2ff 

  0x000001a100712bac: ;   {metadata({method} {0x000001a10f1cfca8} 'isCompileConstant' '(Ljava/lang/Object;)Z' in 'java/lang/invoke/MethodHandleImpl')}
  0x000001a100712bac: ff49 baa0 | fc1c 0fa1 | 0100 004c | 8954 2408 | 48c7 0424 | ffff ffff 

  0x000001a100712bc4: ;   {runtime_call counter_overflow Runtime1 stub}
  0x000001a100712bc4: e897 4af4 

  0x000001a100712bc8: ; ImmutableOopMap {r8=Oop rdx=Oop r9=Oop rsi=Oop rdi=Oop [168]=Oop [176]=Oop [184]=Oop [216]=Oop [224]=Oop }
                      ;*synchronization entry
                      ; - java.lang.invoke.MethodHandleImpl::isCompileConstant@-1 (line 620)
                      ; - java.lang.invoke.Invokers::checkCustomized@1 (line 622)
                      ; - java.lang.invoke.Invokers$Holder::invokeExact_MT@14
                      ; - jdk.internal.reflect.DirectMethodHandleAccessor::invokeImpl@55 (line 154)
                      ; - jdk.internal.reflect.DirectMethodHandleAccessor::invoke@23 (line 103)
  0x000001a100712bc8: 06e9 66f2 

  0x000001a100712bcc: ;   {runtime_call throw_null_pointer_exception Runtime1 stub}
  0x000001a100712bcc: ffff e80d 

  0x000001a100712bd0: ; ImmutableOopMap {r8=Oop rdx=Oop r9=Oop rsi=Oop rdi=Oop [168]=Oop [176]=Oop [184]=Oop [216]=Oop [224]=Oop }
                      ;*getfield customized {reexecute=1 rethrow=0 return_oop=0}
                      ; - (reexecute) java.lang.invoke.Invokers::checkCustomized@12 (line 625)
                      ; - java.lang.invoke.Invokers$Holder::invokeExact_MT@14
                      ; - jdk.internal.reflect.DirectMethodHandleAccessor::invokeImpl@55 (line 154)
                      ; - jdk.internal.reflect.DirectMethodHandleAccessor::invoke@23 (line 103)
                      ;   {internal_word}
  0x000001a100712bd0: d1f3 0649 | ba8c 1f71 | 00a1 0100 | 004d 8997 | 6004 0000 

  0x000001a100712be4: ;   {runtime_call SafepointBlob}
  0x000001a100712be4: e9f7 27e7 

  0x000001a100712be8: ;   {metadata({method} {0x000001a10f1e0190} 'invokeExact_MT' '(Ljava/lang/Object;Ljava/lang/Object;Ljava/lang/Object;)Ljava/lang/Object;' in 'java/lang/invoke/Invokers$Holder')}
  0x000001a100712be8: 0649 ba88 | 011e 0fa1 | 0100 004c | 8954 2408 | 48c7 0424 | ffff ffff 

  0x000001a100712c00: ;   {runtime_call counter_overflow Runtime1 stub}
  0x000001a100712c00: e85b 4af4 

  0x000001a100712c04: ; ImmutableOopMap {rdx=Oop r8=Oop rsi=Oop [168]=Oop [176]=Oop [184]=Oop [232]=Oop }
                      ;*synchronization entry
                      ; - java.lang.invoke.Invokers$Holder::invokeExact_MT@-1
                      ; - jdk.internal.reflect.DirectMethodHandleAccessor::invokeImpl@41 (line 153)
                      ; - jdk.internal.reflect.DirectMethodHandleAccessor::invoke@23 (line 103)
  0x000001a100712c04: 06e9 6ff4 

  0x000001a100712c08: ;   {metadata({method} {0x000001a10f4467a0} 'checkExactType' '(Ljava/lang/invoke/MethodHandle;Ljava/lang/invoke/MethodType;)V' in 'java/lang/invoke/Invokers')}
  0x000001a100712c08: ffff 49ba | 9867 440f | a101 0000 | 4c89 5424 | 0848 c704 | 24ff ffff 

  0x000001a100712c20: ;   {runtime_call counter_overflow Runtime1 stub}
  0x000001a100712c20: ffe8 3a4a 

  0x000001a100712c24: ; ImmutableOopMap {rdx=Oop r8=Oop rsi=Oop [168]=Oop [176]=Oop [184]=Oop [232]=Oop }
                      ;*synchronization entry
                      ; - java.lang.invoke.Invokers::checkExactType@-1 (line 528)
                      ; - java.lang.invoke.Invokers$Holder::invokeExact_MT@10
                      ; - jdk.internal.reflect.DirectMethodHandleAccessor::invokeImpl@41 (line 153)
                      ; - jdk.internal.reflect.DirectMethodHandleAccessor::invoke@23 (line 103)
  0x000001a100712c24: f406 e9a9 

  0x000001a100712c28: ;   {runtime_call throw_null_pointer_exception Runtime1 stub}
  0x000001a100712c28: f4ff ffe8 

  0x000001a100712c2c: ; ImmutableOopMap {rdx=Oop r8=Oop rsi=Oop [168]=Oop [176]=Oop [184]=Oop [232]=Oop }
                      ;*invokevirtual type {reexecute=0 rethrow=0 return_oop=0}
                      ; - java.lang.invoke.Invokers::checkExactType@1 (line 528)
                      ; - java.lang.invoke.Invokers$Holder::invokeExact_MT@10
                      ; - jdk.internal.reflect.DirectMethodHandleAccessor::invokeImpl@41 (line 153)
                      ; - jdk.internal.reflect.DirectMethodHandleAccessor::invoke@23 (line 103)
  0x000001a100712c2c: b0d0 f306 

  0x000001a100712c30: ;   {metadata({method} {0x000001a10f446698} 'checkCustomized' '(Ljava/lang/invoke/MethodHandle;)V' in 'java/lang/invoke/Invokers')}
  0x000001a100712c30: 49ba 9066 | 440f a101 | 0000 4c89 | 5424 0848 | c704 24ff 

  0x000001a100712c44: ;   {runtime_call counter_overflow Runtime1 stub}
  0x000001a100712c44: ffff ffe8 

  0x000001a100712c48: ; ImmutableOopMap {rdx=Oop r8=Oop rsi=Oop [168]=Oop [176]=Oop [184]=Oop [232]=Oop }
                      ;*synchronization entry
                      ; - java.lang.invoke.Invokers::checkCustomized@-1 (line 622)
                      ; - java.lang.invoke.Invokers$Holder::invokeExact_MT@14
                      ; - jdk.internal.reflect.DirectMethodHandleAccessor::invokeImpl@41 (line 153)
                      ; - jdk.internal.reflect.DirectMethodHandleAccessor::invoke@23 (line 103)
  0x000001a100712c48: 144a f406 | e98e f5ff 

  0x000001a100712c50: ;   {metadata({method} {0x000001a10f1cfca8} 'isCompileConstant' '(Ljava/lang/Object;)Z' in 'java/lang/invoke/MethodHandleImpl')}
  0x000001a100712c50: ff49 baa0 | fc1c 0fa1 | 0100 004c | 8954 2408 | 48c7 0424 | ffff ffff 

  0x000001a100712c68: ;   {runtime_call counter_overflow Runtime1 stub}
  0x000001a100712c68: e8f3 49f4 

  0x000001a100712c6c: ; ImmutableOopMap {rdx=Oop r8=Oop rsi=Oop [168]=Oop [176]=Oop [184]=Oop [232]=Oop }
                      ;*synchronization entry
                      ; - java.lang.invoke.MethodHandleImpl::isCompileConstant@-1 (line 620)
                      ; - java.lang.invoke.Invokers::checkCustomized@1 (line 622)
                      ; - java.lang.invoke.Invokers$Holder::invokeExact_MT@14
                      ; - jdk.internal.reflect.DirectMethodHandleAccessor::invokeImpl@41 (line 153)
                      ; - jdk.internal.reflect.DirectMethodHandleAccessor::invoke@23 (line 103)
  0x000001a100712c6c: 06e9 a6f5 

  0x000001a100712c70: ;   {runtime_call throw_null_pointer_exception Runtime1 stub}
  0x000001a100712c70: ffff e869 

  0x000001a100712c74: ; ImmutableOopMap {rdx=Oop r8=Oop rsi=Oop [168]=Oop [176]=Oop [184]=Oop [232]=Oop }
                      ;*getfield customized {reexecute=1 rethrow=0 return_oop=0}
                      ; - (reexecute) java.lang.invoke.Invokers::checkCustomized@12 (line 625)
                      ; - java.lang.invoke.Invokers$Holder::invokeExact_MT@14
                      ; - jdk.internal.reflect.DirectMethodHandleAccessor::invokeImpl@41 (line 153)
                      ; - jdk.internal.reflect.DirectMethodHandleAccessor::invoke@23 (line 103)
                      ;   {internal_word}
  0x000001a100712c74: d0f3 0649 | ba3d 2371 | 00a1 0100 | 004d 8997 | 6004 0000 

  0x000001a100712c88: ;   {runtime_call SafepointBlob}
  0x000001a100712c88: e953 27e7 

  0x000001a100712c8c: ;   {runtime_call throw_null_pointer_exception Runtime1 stub}
  0x000001a100712c8c: 06e8 4ed0 

  0x000001a100712c90: ; ImmutableOopMap {rax=Oop [168]=Oop [176]=Oop [184]=Oop [232]=Oop [240]=Oop }
                      ;*athrow {reexecute=1 rethrow=0 return_oop=0}
                      ; - (reexecute) java.lang.invoke.Invokers::checkExactType@15 (line 530)
                      ; - java.lang.invoke.Invokers$Holder::invokeExact_MT@10
                      ; - jdk.internal.reflect.DirectMethodHandleAccessor::invokeImpl@41 (line 153)
                      ; - jdk.internal.reflect.DirectMethodHandleAccessor::invoke@23 (line 103)
                      ;   {runtime_call throw_null_pointer_exception Runtime1 stub}
  0x000001a100712c90: f306 e849 

  0x000001a100712c94: ; ImmutableOopMap {rax=Oop [168]=Oop [176]=Oop [184]=Oop [216]=Oop [224]=Oop [248]=Oop }
                      ;*athrow {reexecute=1 rethrow=0 return_oop=0}
                      ; - (reexecute) java.lang.invoke.Invokers::checkExactType@15 (line 530)
                      ; - java.lang.invoke.Invokers$Holder::invokeExact_MT@10
                      ; - jdk.internal.reflect.DirectMethodHandleAccessor::invokeImpl@55 (line 154)
                      ; - jdk.internal.reflect.DirectMethodHandleAccessor::invoke@23 (line 103)
                      ;   {runtime_call throw_null_pointer_exception Runtime1 stub}
  0x000001a100712c94: d0f3 06e8 

  0x000001a100712c98: ; ImmutableOopMap {rax=Oop [168]=Oop [176]=Oop [184]=Oop [192]=Oop [200]=Oop [208]=Oop [256]=Oop }
                      ;*athrow {reexecute=1 rethrow=0 return_oop=0}
                      ; - (reexecute) java.lang.invoke.Invokers::checkExactType@15 (line 530)
                      ; - java.lang.invoke.LambdaForm$MH/0x000001a110002000::invokeExact_MT@11
                      ; - jdk.internal.reflect.DirectMethodHandleAccessor::invokeImpl@72 (line 155)
                      ; - jdk.internal.reflect.DirectMethodHandleAccessor::invoke@23 (line 103)
  0x000001a100712c98: 44d0 f306 

  0x000001a100712c9c: ;   {metadata({method} {0x000001a10f43e238} 'isIllegalArgument' '(Ljava/lang/RuntimeException;)Z' in 'jdk/internal/reflect/DirectMethodHandleAccessor')}
  0x000001a100712c9c: 49ba 30e2 | 430f a101 | 0000 4c89 | 5424 0848 | c704 24ff 

  0x000001a100712cb0: ;   {runtime_call counter_overflow Runtime1 stub}
  0x000001a100712cb0: ffff ffe8 

  0x000001a100712cb4: ; ImmutableOopMap {rax=Oop [168]=Oop [176]=Oop [184]=Oop [264]=Oop }
                      ;*synchronization entry
                      ; - jdk.internal.reflect.DirectMethodHandleAccessor::isIllegalArgument@-1 (line 191)
                      ; - jdk.internal.reflect.DirectMethodHandleAccessor::invoke@58 (line 112)
  0x000001a100712cb4: a849 f406 | e9d3 f7ff 

  0x000001a100712cbc: ;   {metadata({method} {0x000001a10f43e238} 'isIllegalArgument' '(Ljava/lang/RuntimeException;)Z' in 'jdk/internal/reflect/DirectMethodHandleAccessor')}
  0x000001a100712cbc: ff49 ba30 | e243 0fa1 | 0100 004c | 8954 2408 | 48c7 0424 | ffff ffff 

  0x000001a100712cd4: ;   {runtime_call counter_overflow Runtime1 stub}
  0x000001a100712cd4: e887 49f4 

  0x000001a100712cd8: ; ImmutableOopMap {rax=Oop [168]=Oop [176]=Oop [184]=Oop [272]=Oop }
                      ;*synchronization entry
                      ; - jdk.internal.reflect.DirectMethodHandleAccessor::isIllegalArgument@-1 (line 191)
                      ; - jdk.internal.reflect.DirectMethodHandleAccessor::invoke@30 (line 105)
  0x000001a100712cd8: 06e9 69f8 

  0x000001a100712cdc: ;   {metadata(nullptr)}
  0x000001a100712cdc: ffff 48ba | 0000 0000 | 0000 0000 | b800 0f05 

  0x000001a100712cec: ;   {runtime_call load_klass_patching Runtime1 stub}
  0x000001a100712cec: 0ae8 ee38 

  0x000001a100712cf0: ; ImmutableOopMap {[168]=Oop [176]=Oop [184]=Oop [272]=Oop }
                      ;*new {reexecute=1 rethrow=0 return_oop=0}
                      ; - (reexecute) jdk.internal.reflect.DirectMethodHandleAccessor::invoke@36 (line 107)
  0x000001a100712cf0: f406 e9a1 | f8ff ff48 

  0x000001a100712cf8: ;   {runtime_call fast_new_instance Runtime1 stub}
  0x000001a100712cf8: 8bd2 e861 

  0x000001a100712cfc: ; ImmutableOopMap {[168]=Oop [176]=Oop [184]=Oop [272]=Oop }
                      ;*new {reexecute=0 rethrow=0 return_oop=0}
                      ; - jdk.internal.reflect.DirectMethodHandleAccessor::invoke@36 (line 107)
  0x000001a100712cfc: eff3 06e9 | ecf8 ffff 

  0x000001a100712d04: ;   {metadata(nullptr)}
  0x000001a100712d04: 48ba 0000 | 0000 0000 | 0000 b800 

  0x000001a100712d10: ;   {runtime_call load_klass_patching Runtime1 stub}
  0x000001a100712d10: 0f05 0ae8 

  0x000001a100712d14: ; ImmutableOopMap {rax=Oop [168]=Oop [176]=Oop [184]=Oop [272]=Oop }
                      ;*new {reexecute=1 rethrow=0 return_oop=0}
                      ; - (reexecute) jdk.internal.reflect.DirectMethodHandleAccessor::invoke@46 (line 109)
  0x000001a100712d14: c838 f406 | e933 f9ff 

  0x000001a100712d1c: ;   {runtime_call throw_null_pointer_exception Runtime1 stub}
  0x000001a100712d1c: ffe8 becf 

  0x000001a100712d20: ; ImmutableOopMap {rbx=Oop [168]=Oop [176]=Oop [184]=Oop [272]=Oop }
                      ;*new {reexecute=0 rethrow=0 return_oop=0}
                      ; - jdk.internal.reflect.DirectMethodHandleAccessor::invoke@46 (line 109)
  0x000001a100712d20: f306 488b 

  0x000001a100712d24: ;   {runtime_call fast_new_instance_init_check Runtime1 stub}
  0x000001a100712d24: d2e8 b6f6 

  0x000001a100712d28: ; ImmutableOopMap {rbx=Oop [168]=Oop [176]=Oop [184]=Oop [272]=Oop }
                      ;*new {reexecute=0 rethrow=0 return_oop=0}
                      ; - jdk.internal.reflect.DirectMethodHandleAccessor::invoke@46 (line 109)
  0x000001a100712d28: f306 e989 

  0x000001a100712d2c: ;   {metadata(nullptr)}
  0x000001a100712d2c: f9ff ff48 | ba00 0000 | 0000 0000 | 00b8 000f 

  0x000001a100712d3c: ;   {runtime_call load_klass_patching Runtime1 stub}
  0x000001a100712d3c: 050a e89d 

  0x000001a100712d40: ; ImmutableOopMap {[168]=Oop [176]=Oop [184]=Oop [264]=Oop }
                      ;*new {reexecute=1 rethrow=0 return_oop=0}
                      ; - (reexecute) jdk.internal.reflect.DirectMethodHandleAccessor::invoke@64 (line 113)
  0x000001a100712d40: 38f4 06e9 | c0f9 ffff 

  0x000001a100712d48: ;   {runtime_call fast_new_instance Runtime1 stub}
  0x000001a100712d48: 488b d2e8 

  0x000001a100712d4c: ; ImmutableOopMap {[168]=Oop [176]=Oop [184]=Oop [264]=Oop }
                      ;*new {reexecute=0 rethrow=0 return_oop=0}
                      ; - jdk.internal.reflect.DirectMethodHandleAccessor::invoke@64 (line 113)
  0x000001a100712d4c: 10ef f306 | e90b faff 

  0x000001a100712d54: ;   {metadata(nullptr)}
  0x000001a100712d54: ff48 ba00 | 0000 0000 | 0000 00b8 | 000f 050a 

  0x000001a100712d64: ;   {runtime_call load_klass_patching Runtime1 stub}
  0x000001a100712d64: e877 38f4 

  0x000001a100712d68: ; ImmutableOopMap {rax=Oop [168]=Oop [176]=Oop [184]=Oop [264]=Oop }
                      ;*new {reexecute=1 rethrow=0 return_oop=0}
                      ; - (reexecute) jdk.internal.reflect.DirectMethodHandleAccessor::invoke@73 (line 115)
  0x000001a100712d68: 06e9 52fa 

  0x000001a100712d6c: ;   {runtime_call throw_null_pointer_exception Runtime1 stub}
  0x000001a100712d6c: ffff e86d 

  0x000001a100712d70: ; ImmutableOopMap {rbx=Oop [168]=Oop [176]=Oop [184]=Oop [264]=Oop }
                      ;*new {reexecute=0 rethrow=0 return_oop=0}
                      ; - jdk.internal.reflect.DirectMethodHandleAccessor::invoke@73 (line 115)
  0x000001a100712d70: cff3 0648 

  0x000001a100712d74: ;   {runtime_call fast_new_instance_init_check Runtime1 stub}
  0x000001a100712d74: 8bd2 e865 

  0x000001a100712d78: ; ImmutableOopMap {rbx=Oop [168]=Oop [176]=Oop [184]=Oop [264]=Oop }
                      ;*new {reexecute=0 rethrow=0 return_oop=0}
                      ; - jdk.internal.reflect.DirectMethodHandleAccessor::invoke@73 (line 115)
  0x000001a100712d78: f6f3 06e9 | a8fa ffff 

  0x000001a100712d80: ;   {metadata(nullptr)}
  0x000001a100712d80: 48ba 0000 | 0000 0000 | 0000 b800 

  0x000001a100712d8c: ;   {runtime_call load_klass_patching Runtime1 stub}
  0x000001a100712d8c: 0f05 0ae8 

  0x000001a100712d90: ; ImmutableOopMap {rax=Oop [168]=Oop [176]=Oop [184]=Oop }
                      ;*new {reexecute=1 rethrow=0 return_oop=0}
                      ; - (reexecute) jdk.internal.reflect.DirectMethodHandleAccessor::invoke@83 (line 118)
  0x000001a100712d90: 4c38 f406 | e9f7 faff 

  0x000001a100712d98: ;   {runtime_call throw_null_pointer_exception Runtime1 stub}
  0x000001a100712d98: ffe8 42cf 

  0x000001a100712d9c: ; ImmutableOopMap {r11=Oop [168]=Oop [176]=Oop [184]=Oop }
                      ;*new {reexecute=0 rethrow=0 return_oop=0}
                      ; - jdk.internal.reflect.DirectMethodHandleAccessor::invoke@83 (line 118)
  0x000001a100712d9c: f306 488b 

  0x000001a100712da0: ;   {runtime_call fast_new_instance_init_check Runtime1 stub}
  0x000001a100712da0: d2e8 3af6 

  0x000001a100712da4: ; ImmutableOopMap {r11=Oop [168]=Oop [176]=Oop [184]=Oop }
                      ;*new {reexecute=0 rethrow=0 return_oop=0}
                      ; - jdk.internal.reflect.DirectMethodHandleAccessor::invoke@83 (line 118)
  0x000001a100712da4: f306 e94d | fbff ff49 | 8b87 0005 | 0000 49c7 | 8700 0500 | 0000 0000 | 0049 c787 | 0805 0000 
  0x000001a100712dc4: 0000 0000 | 4881 c450 | 0100 005d 

  0x000001a100712dd0: ;   {runtime_call unwind_exception Runtime1 stub}
  0x000001a100712dd0: e90b c0f3 | 06f4 f4f4 
[Stub Code]
  0x000001a100712dd8: ;   {no_reloc}
  0x000001a100712dd8: 0f1f 4400 

  0x000001a100712ddc: ;   {static_stub}
  0x000001a100712ddc: 0048 bb28 | 001e 0fa1 

  0x000001a100712de4: ;   {runtime_call I2C/C2I adapters}
  0x000001a100712de4: 0100 00e9 | d219 e606 

  0x000001a100712dec: ;   {static_stub}
  0x000001a100712dec: 9048 bbd8 | 001e 0fa1 

  0x000001a100712df4: ;   {runtime_call I2C/C2I adapters}
  0x000001a100712df4: 0100 00e9 | 4aaa e606 

  0x000001a100712dfc: ;   {static_stub}
  0x000001a100712dfc: 9048 bb00 | 0000 0000 

  0x000001a100712e04: ;   {runtime_call nmethod}
  0x000001a100712e04: 0000 00e9 | fbff ffff 

  0x000001a100712e0c: ;   {static_stub}
  0x000001a100712e0c: 9048 bb00 | 0000 0000 

  0x000001a100712e14: ;   {runtime_call nmethod}
  0x000001a100712e14: 0000 00e9 | fbff ffff 

  0x000001a100712e1c: ;   {static_stub}
  0x000001a100712e1c: 9048 bb00 | 0000 0000 

  0x000001a100712e24: ;   {runtime_call nmethod}
  0x000001a100712e24: 0000 00e9 | fbff ffff 

  0x000001a100712e2c: ;   {static_stub}
  0x000001a100712e2c: 9048 bb00 | 0000 0000 

  0x000001a100712e34: ;   {runtime_call nmethod}
  0x000001a100712e34: 0000 00e9 | fbff ffff 

  0x000001a100712e3c: ;   {static_stub}
  0x000001a100712e3c: 9048 bb00 | 0000 0000 

  0x000001a100712e44: ;   {runtime_call nmethod}
  0x000001a100712e44: 0000 00e9 | fbff ffff 

  0x000001a100712e4c: ;   {static_stub}
  0x000001a100712e4c: 48bb 40e4 | 430f a101 

  0x000001a100712e54: ;   {runtime_call I2C/C2I adapters}
  0x000001a100712e54: 0000 e9db 

  0x000001a100712e58: ;   {static_stub}
  0x000001a100712e58: 10e7 0648 | bb80 e143 | 0fa1 0100 

  0x000001a100712e64: ;   {runtime_call I2C/C2I adapters}
  0x000001a100712e64: 00e9 cb05 

  0x000001a100712e68: ;   {static_stub}
  0x000001a100712e68: e506 48bb | 0000 0000 | 0000 0000 

  0x000001a100712e74: ;   {runtime_call nmethod}
  0x000001a100712e74: e9fb ffff 

  0x000001a100712e78: ;   {static_stub}
  0x000001a100712e78: ff48 bb00 | 0000 0000 

  0x000001a100712e80: ;   {runtime_call nmethod}
  0x000001a100712e80: 0000 00e9 | fbff ffff 

  0x000001a100712e88: ;   {static_stub}
  0x000001a100712e88: 48bb 0000 | 0000 0000 

  0x000001a100712e90: ;   {runtime_call nmethod}
  0x000001a100712e90: 0000 e9fb 

  0x000001a100712e94: ;   {static_stub}
  0x000001a100712e94: ffff ff48 | bb00 0000 | 0000 0000 

  0x000001a100712ea0: ;   {runtime_call nmethod}
  0x000001a100712ea0: 00e9 fbff 

  0x000001a100712ea4: ;   {static_stub}
  0x000001a100712ea4: ffff 48bb | 0000 0000 | 0000 0000 

  0x000001a100712eb0: ;   {runtime_call nmethod}
  0x000001a100712eb0: e9fb ffff 

  0x000001a100712eb4: ;   {static_stub}
  0x000001a100712eb4: ff48 bb00 | 0000 0000 

  0x000001a100712ebc: ;   {runtime_call nmethod}
  0x000001a100712ebc: 0000 00e9 | fbff ffff 

  0x000001a100712ec4: ;   {static_stub}
  0x000001a100712ec4: 48bb 0000 | 0000 0000 

  0x000001a100712ecc: ;   {runtime_call nmethod}
  0x000001a100712ecc: 0000 e9fb 

  0x000001a100712ed0: ;   {runtime_call handle_exception_from_callee Runtime1 stub}
  0x000001a100712ed0: ffff ffe8 | 0810 f406 

  0x000001a100712ed8: ;   {external_word}
  0x000001a100712ed8: 48b9 30d5 | e5f8 ff7f | 0000 4883 

  0x000001a100712ee4: ;   {runtime_call}
  0x000001a100712ee4: e4f0 48b8 | 704a acf8 | ff7f 0000 

  0x000001a100712ef0: ;   {section_word}
  0x000001a100712ef0: ffd0 f449 | baf3 2e71 | 00a1 0100 

  0x000001a100712efc: ;   {runtime_call DeoptimizationBlob}
  0x000001a100712efc: 0041 52e9 | 7c17 e706 
[Deopt MH Handler Code]
  0x000001a100712f04: ;   {section_word}
  0x000001a100712f04: 49ba 042f | 7100 a101 | 0000 4152 

  0x000001a100712f10: ;   {runtime_call DeoptimizationBlob}
  0x000001a100712f10: e96b 17e7 | 06f4 f4f4 
[/MachCode]


---------------  P R O C E S S  ---------------

Threads class SMR info:
_java_thread_list=0x000001a16161dcb0, length=40, elements={
0x000001a16cf9fbf0, 0x000001a1501223e0, 0x000001a150123420, 0x000001a16d10e0e0,
0x000001a1501249e0, 0x000001a15012fa90, 0x000001a150134510, 0x000001a15013e800,
0x000001a15014ae80, 0x000001a150274840, 0x000001a150380e80, 0x000001a1503d0a00,
0x000001a1503ad290, 0x000001a150275560, 0x000001a150277630, 0x000001a155e42420,
0x000001a155e458a0, 0x000001a155e43140, 0x000001a150275bf0, 0x000001a156e26310,
0x000001a156e25c80, 0x000001a156e22170, 0x000001a156e22800, 0x000001a156e269a0,
0x000001a156e27030, 0x000001a156e22e90, 0x000001a156e276c0, 0x000001a156e20730,
0x000001a1573d9420, 0x000001a1573d6630, 0x000001a1573d5910, 0x000001a1573d5fa0,
0x000001a155520c80, 0x000001a155526860, 0x000001a160daebb0, 0x000001a160db19a0,
0x000001a15c619480, 0x000001a15c6152e0, 0x000001a15c6145c0, 0x000001a161fdc2a0
}

Java Threads: ( => current thread )
=>0x000001a16cf9fbf0 JavaThread "main"                              [_thread_in_native, id=18792, stack(0x0000004f3d400000,0x0000004f3d500000) (1024K)]
  0x000001a1501223e0 JavaThread "Reference Handler"          daemon [_thread_blocked, id=16344, stack(0x0000004f3dc00000,0x0000004f3dd00000) (1024K)]
  0x000001a150123420 JavaThread "Finalizer"                  daemon [_thread_blocked, id=26312, stack(0x0000004f3dd00000,0x0000004f3de00000) (1024K)]
  0x000001a16d10e0e0 JavaThread "Signal Dispatcher"          daemon [_thread_blocked, id=4732, stack(0x0000004f3de00000,0x0000004f3df00000) (1024K)]
  0x000001a1501249e0 JavaThread "Attach Listener"            daemon [_thread_blocked, id=23528, stack(0x0000004f3df00000,0x0000004f3e000000) (1024K)]
  0x000001a15012fa90 JavaThread "Service Thread"             daemon [_thread_blocked, id=15032, stack(0x0000004f3e000000,0x0000004f3e100000) (1024K)]
  0x000001a150134510 JavaThread "Monitor Deflation Thread"   daemon [_thread_blocked, id=20204, stack(0x0000004f3e100000,0x0000004f3e200000) (1024K)]
  0x000001a15013e800 JavaThread "C2 CompilerThread0"         daemon [_thread_blocked, id=7604, stack(0x0000004f3e200000,0x0000004f3e300000) (1024K)]
  0x000001a15014ae80 JavaThread "C1 CompilerThread0"         daemon [_thread_blocked, id=22296, stack(0x0000004f3e300000,0x0000004f3e400000) (1024K)]
  0x000001a150274840 JavaThread "Common-Cleaner"             daemon [_thread_blocked, id=1624, stack(0x0000004f3e400000,0x0000004f3e500000) (1024K)]
  0x000001a150380e80 JavaThread "JDWP Transport Listener: dt_socket" daemon [_thread_blocked, id=8772, stack(0x0000004f3e500000,0x0000004f3e600000) (1024K)]
  0x000001a1503d0a00 JavaThread "JDWP Event Helper Thread"   daemon [_thread_blocked, id=11448, stack(0x0000004f3e600000,0x0000004f3e700000) (1024K)]
  0x000001a1503ad290 JavaThread "JDWP Command Reader"        daemon [_thread_in_native, id=16280, stack(0x0000004f3e700000,0x0000004f3e800000) (1024K)]
  0x000001a150275560 JavaThread "IntelliJ Suspend Helper"    daemon [_thread_blocked, id=24092, stack(0x0000004f3ea00000,0x0000004f3eb00000) (1024K)]
  0x000001a150277630 JavaThread "Notification Thread"        daemon [_thread_blocked, id=12544, stack(0x0000004f3eb00000,0x0000004f3ec00000) (1024K)]
  0x000001a155e42420 JavaThread "Thread-0"                   daemon [_thread_in_native, id=13744, stack(0x0000004f3f500000,0x0000004f3f600000) (1024K)]
  0x000001a155e458a0 JavaThread "Thread-1"                   daemon [_thread_in_native, id=22284, stack(0x0000004f3f600000,0x0000004f3f700000) (1024K)]
  0x000001a155e43140 JavaThread "Thread-2"                   daemon [_thread_in_native, id=15536, stack(0x0000004f3f700000,0x0000004f3f800000) (1024K)]
  0x000001a150275bf0 JavaThread "Thread-3"                   daemon [_thread_in_native, id=14488, stack(0x0000004f3f800000,0x0000004f3f900000) (1024K)]
  0x000001a156e26310 JavaThread "Thread-4"                   daemon [_thread_in_native, id=19480, stack(0x0000004f3f900000,0x0000004f3fa00000) (1024K)]
  0x000001a156e25c80 JavaThread "Thread-5"                   daemon [_thread_in_native, id=22184, stack(0x0000004f3fa00000,0x0000004f3fb00000) (1024K)]
  0x000001a156e22170 JavaThread "Thread-6"                   daemon [_thread_in_native, id=27088, stack(0x0000004f3fb00000,0x0000004f3fc00000) (1024K)]
  0x000001a156e22800 JavaThread "Thread-7"                   daemon [_thread_in_native, id=18500, stack(0x0000004f3fc00000,0x0000004f3fd00000) (1024K)]
  0x000001a156e269a0 JavaThread "Thread-8"                   daemon [_thread_in_native, id=27828, stack(0x0000004f3fd00000,0x0000004f3fe00000) (1024K)]
  0x000001a156e27030 JavaThread "Thread-9"                   daemon [_thread_in_native, id=7920, stack(0x0000004f3fe00000,0x0000004f3ff00000) (1024K)]
  0x000001a156e22e90 JavaThread "Thread-10"                  daemon [_thread_in_native, id=22376, stack(0x0000004f3ff00000,0x0000004f40000000) (1024K)]
  0x000001a156e276c0 JavaThread "Thread-11"                  daemon [_thread_in_native, id=11968, stack(0x0000004f40000000,0x0000004f40100000) (1024K)]
  0x000001a156e20730 JavaThread "Thread-12"                  daemon [_thread_in_native, id=13448, stack(0x0000004f40100000,0x0000004f40200000) (1024K)]
  0x000001a1573d9420 JavaThread "Thread-16"                  daemon [_thread_blocked, id=27900, stack(0x0000004f40300000,0x0000004f40400000) (1024K)]
  0x000001a1573d6630 JavaThread "Thread-17"                  daemon [_thread_blocked, id=20404, stack(0x0000004f40400000,0x0000004f40500000) (1024K)]
  0x000001a1573d5910 JavaThread "Thread-18"                  daemon [_thread_blocked, id=8152, stack(0x0000004f40500000,0x0000004f40600000) (1024K)]
  0x000001a1573d5fa0 JavaThread "testcontainers-ryuk"        daemon [_thread_blocked, id=9636, stack(0x0000004f3e800000,0x0000004f3e900000) (1024K)]
  0x000001a155520c80 JavaThread "PostgreSQL-JDBC-Cleaner"    daemon [_thread_blocked, id=15588, stack(0x0000004f40800000,0x0000004f40900000) (1024K)]
  0x000001a155526860 JavaThread "HikariPool-1:housekeeper"   daemon [_thread_blocked, id=16956, stack(0x0000004f40900000,0x0000004f40a00000) (1024K)]
  0x000001a160daebb0 JavaThread "HttpClient-1-SelectorManager" daemon [_thread_in_native, id=23120, stack(0x0000004f40c00000,0x0000004f40d00000) (1024K)]
  0x000001a160db19a0 JavaThread "HttpClient-2-SelectorManager" daemon [_thread_in_native, id=17568, stack(0x0000004f40d00000,0x0000004f40e00000) (1024K)]
  0x000001a15c619480 JavaThread "HttpClient-3-SelectorManager" daemon [_thread_in_native, id=23596, stack(0x0000004f40e00000,0x0000004f40f00000) (1024K)]
  0x000001a15c6152e0 JavaThread "HttpClient-4-SelectorManager" daemon [_thread_in_native, id=7176, stack(0x0000004f40f00000,0x0000004f41000000) (1024K)]
  0x000001a15c6145c0 JavaThread "HttpClient-5-SelectorManager" daemon [_thread_in_native, id=15148, stack(0x0000004f41000000,0x0000004f41100000) (1024K)]
  0x000001a161fdc2a0 JavaThread "C2 CompilerThread1"         daemon [_thread_blocked, id=12640, stack(0x0000004f40700000,0x0000004f40800000) (1024K)]
Total: 40

Other Threads:
  0x000001a16d0f99b0 VMThread "VM Thread"                           [id=23028, stack(0x0000004f3db00000,0x0000004f3dc00000) (1024K)]
  0x000001a15011ba10 WatcherThread "VM Periodic Task Thread"        [id=21684, stack(0x0000004f3da00000,0x0000004f3db00000) (1024K)]
  0x000001a16d006c80 WorkerThread "GC Thread#0"                     [id=21820, stack(0x0000004f3d500000,0x0000004f3d600000) (1024K)]
  0x000001a15590f110 WorkerThread "GC Thread#1"                     [id=5596, stack(0x0000004f3ec00000,0x0000004f3ed00000) (1024K)]
  0x000001a15592ecc0 WorkerThread "GC Thread#2"                     [id=10840, stack(0x0000004f3ed00000,0x0000004f3ee00000) (1024K)]
  0x000001a1558f4970 WorkerThread "GC Thread#3"                     [id=11276, stack(0x0000004f3ee00000,0x0000004f3ef00000) (1024K)]
  0x000001a1558f4d20 WorkerThread "GC Thread#4"                     [id=7500, stack(0x0000004f3ef00000,0x0000004f3f000000) (1024K)]
  0x000001a155a54490 WorkerThread "GC Thread#5"                     [id=17636, stack(0x0000004f3f000000,0x0000004f3f100000) (1024K)]
  0x000001a155a54fa0 WorkerThread "GC Thread#6"                     [id=3116, stack(0x0000004f3f100000,0x0000004f3f200000) (1024K)]
  0x000001a155a54840 WorkerThread "GC Thread#7"                     [id=9308, stack(0x0000004f3f200000,0x0000004f3f300000) (1024K)]
  0x000001a155a54bf0 WorkerThread "GC Thread#8"                     [id=11568, stack(0x0000004f3f300000,0x0000004f3f400000) (1024K)]
  0x000001a155a55ab0 WorkerThread "GC Thread#9"                     [id=9484, stack(0x0000004f3f400000,0x0000004f3f500000) (1024K)]
  0x000001a16d032780 ConcurrentGCThread "G1 Main Marker"            [id=26984, stack(0x0000004f3d600000,0x0000004f3d700000) (1024K)]
  0x000001a16d033290 WorkerThread "G1 Conc#0"                       [id=19296, stack(0x0000004f3d700000,0x0000004f3d800000) (1024K)]
  0x000001a1585c3af0 WorkerThread "G1 Conc#1"                       [id=7244, stack(0x0000004f3e900000,0x0000004f3ea00000) (1024K)]
  0x000001a1585c2120 WorkerThread "G1 Conc#2"                       [id=28376, stack(0x0000004f40200000,0x0000004f40300000) (1024K)]
  0x000001a16d0d7430 ConcurrentGCThread "G1 Refine#0"               [id=24928, stack(0x0000004f3d800000,0x0000004f3d900000) (1024K)]
  0x000001a16d0d7fb0 ConcurrentGCThread "G1 Service"                [id=19652, stack(0x0000004f3d900000,0x0000004f3da00000) (1024K)]
Total: 18

Threads with active compile tasks:
Total: 0

VM state: not at safepoint (normal execution)

VM Mutex/Monitor currently owned by a thread: None

Heap address: 0x0000000722400000, size: 3548 MB, Compressed Oops mode: Zero based, Oop shift amount: 3

CDS archive(s) mapped at: [0x000001a10f000000-0x000001a10fd70000-0x000001a10fd70000), size 14090240, SharedBaseAddress: 0x000001a10f000000, ArchiveRelocationMode: 1.
Compressed class space mapped at: 0x000001a110000000-0x000001a150000000, reserved size: 1073741824
Narrow klass base: 0x000001a10f000000, Narrow klass shift: 0, Narrow klass range: 0x41000000

GC Precious Log:
 CardTable entry size: 512
 Card Set container configuration: InlinePtr #cards 4 size 8 Array Of Cards #cards 16 size 48 Howl #buckets 8 coarsen threshold 3686 Howl Bitmap #cards 512 size 80 coarsen threshold 460 Card regions per heap region 1 cards per card region 4096
 CPUs: 12 total, 12 available
 Memory: 14188M
 Large Page Support: Disabled
 NUMA Support: Disabled
 Compressed Oops: Enabled (Zero based)
 Heap Region Size: 2M
 Heap Min Capacity: 8M
 Heap Initial Capacity: 222M
 Heap Max Capacity: 3548M
 Pre-touch: Disabled
 Parallel Workers: 10
 Concurrent Workers: 3
 Concurrent Refinement Workers: 10
 Periodic GC: Disabled

Heap:
 garbage-first heap   total reserved 3633152K, committed 94208K, used 74800K [0x0000000722400000, 0x0000000800000000)
  region size 2048K, 18 young (36864K), 1 survivors (2048K)
 Metaspace       used 95188K, committed 95872K, reserved 1179648K
  class space    used 13017K, committed 13312K, reserved 1048576K

Heap Regions: E=young(eden), S=young(survivor), O=old, HS=humongous(starts), HC=humongous(continues), CS=collection set, F=free, TAMS=top-at-mark-start, PB=parsable bottom
|   0|0x0000000722400000, 0x0000000722600000, 0x0000000722600000|100%|HS|  |TAMS 0x0000000722400000| PB 0x0000000722400000| Complete |  0
|   1|0x0000000722600000, 0x0000000722800000, 0x0000000722800000|100%| O|  |TAMS 0x0000000722600000| PB 0x0000000722600000| Untracked |  0
|   2|0x0000000722800000, 0x0000000722a00000, 0x0000000722a00000|100%| O|  |TAMS 0x0000000722800000| PB 0x0000000722800000| Untracked |  0
|   3|0x0000000722a00000, 0x0000000722c00000, 0x0000000722c00000|100%| O|  |TAMS 0x0000000722a00000| PB 0x0000000722a00000| Untracked |  0
|   4|0x0000000722c00000, 0x0000000722e00000, 0x0000000722e00000|100%| O|  |TAMS 0x0000000722c00000| PB 0x0000000722c00000| Untracked |  0
|   5|0x0000000722e00000, 0x0000000722e00000, 0x0000000723000000|  0%| F|  |TAMS 0x0000000722e00000| PB 0x0000000722e00000| Untracked |  0
|   6|0x0000000723000000, 0x0000000723200000, 0x0000000723200000|100%| O|  |TAMS 0x0000000723000000| PB 0x0000000723000000| Untracked |  0
|   7|0x0000000723200000, 0x0000000723400000, 0x0000000723400000|100%| O|  |TAMS 0x0000000723200000| PB 0x0000000723200000| Untracked |  0
|   8|0x0000000723400000, 0x0000000723600000, 0x0000000723600000|100%| O|  |TAMS 0x0000000723400000| PB 0x0000000723400000| Untracked |  0
|   9|0x0000000723600000, 0x0000000723800000, 0x0000000723800000|100%| O|  |TAMS 0x0000000723600000| PB 0x0000000723600000| Untracked |  0
|  10|0x0000000723800000, 0x0000000723a00000, 0x0000000723a00000|100%| O|  |TAMS 0x0000000723800000| PB 0x0000000723800000| Untracked |  0
|  11|0x0000000723a00000, 0x0000000723c00000, 0x0000000723c00000|100%| O|  |TAMS 0x0000000723a00000| PB 0x0000000723a00000| Untracked |  0
|  12|0x0000000723c00000, 0x0000000723e00000, 0x0000000723e00000|100%| O|  |TAMS 0x0000000723c00000| PB 0x0000000723c00000| Untracked |  0
|  13|0x0000000723e00000, 0x0000000724000000, 0x0000000724000000|100%| O|  |TAMS 0x0000000723e00000| PB 0x0000000723e00000| Untracked |  0
|  14|0x0000000724000000, 0x0000000724200000, 0x0000000724200000|100%| O|  |TAMS 0x0000000724000000| PB 0x0000000724000000| Untracked |  0
|  15|0x0000000724200000, 0x0000000724400000, 0x0000000724400000|100%| O|  |TAMS 0x0000000724200000| PB 0x0000000724200000| Untracked |  0
|  16|0x0000000724400000, 0x0000000724600000, 0x0000000724600000|100%| O|  |TAMS 0x0000000724400000| PB 0x0000000724400000| Untracked |  0
|  17|0x0000000724600000, 0x0000000724800000, 0x0000000724800000|100%| O|  |TAMS 0x0000000724600000| PB 0x0000000724600000| Untracked |  0
|  18|0x0000000724800000, 0x0000000724a00000, 0x0000000724a00000|100%| O|  |TAMS 0x0000000724800000| PB 0x0000000724800000| Untracked |  0
|  19|0x0000000724a00000, 0x0000000724c00000, 0x0000000724c00000|100%| O|  |TAMS 0x0000000724a00000| PB 0x0000000724a00000| Untracked |  0
|  20|0x0000000724c00000, 0x0000000724e00000, 0x0000000724e00000|100%| O|  |TAMS 0x0000000724c00000| PB 0x0000000724c00000| Untracked |  0
|  21|0x0000000724e00000, 0x0000000724f3fb00, 0x0000000725000000| 62%| O|  |TAMS 0x0000000724e00000| PB 0x0000000724e00000| Untracked |  0
|  22|0x0000000725000000, 0x0000000725000000, 0x0000000725200000|  0%| F|  |TAMS 0x0000000725000000| PB 0x0000000725000000| Untracked |  0
|  23|0x0000000725200000, 0x0000000725200000, 0x0000000725400000|  0%| F|  |TAMS 0x0000000725200000| PB 0x0000000725200000| Untracked |  0
|  24|0x0000000725400000, 0x0000000725400000, 0x0000000725600000|  0%| F|  |TAMS 0x0000000725400000| PB 0x0000000725400000| Untracked |  0
|  25|0x0000000725600000, 0x0000000725600000, 0x0000000725800000|  0%| F|  |TAMS 0x0000000725600000| PB 0x0000000725600000| Untracked |  0
|  26|0x0000000725800000, 0x00000007259cc7c0, 0x0000000725a00000| 89%| S|CS|TAMS 0x0000000725800000| PB 0x0000000725800000| Complete |  0
|  27|0x0000000725a00000, 0x0000000725a00000, 0x0000000725c00000|  0%| F|  |TAMS 0x0000000725a00000| PB 0x0000000725a00000| Untracked |  0
|  28|0x0000000725c00000, 0x0000000725c00000, 0x0000000725e00000|  0%| F|  |TAMS 0x0000000725c00000| PB 0x0000000725c00000| Untracked |  0
|  29|0x0000000725e00000, 0x0000000725e77630, 0x0000000726000000| 23%| E|  |TAMS 0x0000000725e00000| PB 0x0000000725e00000| Complete |  0
|  30|0x0000000726000000, 0x0000000726200000, 0x0000000726200000|100%| E|CS|TAMS 0x0000000726000000| PB 0x0000000726000000| Complete |  0
|  31|0x0000000726200000, 0x0000000726400000, 0x0000000726400000|100%| E|  |TAMS 0x0000000726200000| PB 0x0000000726200000| Complete |  0
|  32|0x0000000726400000, 0x0000000726600000, 0x0000000726600000|100%| E|CS|TAMS 0x0000000726400000| PB 0x0000000726400000| Complete |  0
|  33|0x0000000726600000, 0x0000000726800000, 0x0000000726800000|100%| E|CS|TAMS 0x0000000726600000| PB 0x0000000726600000| Complete |  0
|  34|0x0000000726800000, 0x0000000726a00000, 0x0000000726a00000|100%| E|CS|TAMS 0x0000000726800000| PB 0x0000000726800000| Complete |  0
|  35|0x0000000726a00000, 0x0000000726c00000, 0x0000000726c00000|100%| E|CS|TAMS 0x0000000726a00000| PB 0x0000000726a00000| Complete |  0
|  36|0x0000000726c00000, 0x0000000726e00000, 0x0000000726e00000|100%| E|CS|TAMS 0x0000000726c00000| PB 0x0000000726c00000| Complete |  0
|  37|0x0000000726e00000, 0x0000000727000000, 0x0000000727000000|100%| E|CS|TAMS 0x0000000726e00000| PB 0x0000000726e00000| Complete |  0
|  38|0x0000000727000000, 0x0000000727200000, 0x0000000727200000|100%| E|CS|TAMS 0x0000000727000000| PB 0x0000000727000000| Complete |  0
|  39|0x0000000727200000, 0x0000000727400000, 0x0000000727400000|100%| E|CS|TAMS 0x0000000727200000| PB 0x0000000727200000| Complete |  0
|  40|0x0000000727400000, 0x0000000727600000, 0x0000000727600000|100%| E|CS|TAMS 0x0000000727400000| PB 0x0000000727400000| Complete |  0
|  41|0x0000000727600000, 0x0000000727800000, 0x0000000727800000|100%| E|CS|TAMS 0x0000000727600000| PB 0x0000000727600000| Complete |  0
|  42|0x0000000727800000, 0x0000000727a00000, 0x0000000727a00000|100%| E|CS|TAMS 0x0000000727800000| PB 0x0000000727800000| Complete |  0
|  80|0x000000072c400000, 0x000000072c600000, 0x000000072c600000|100%| E|CS|TAMS 0x000000072c400000| PB 0x000000072c400000| Complete |  0
|  81|0x000000072c600000, 0x000000072c800000, 0x000000072c800000|100%| E|CS|TAMS 0x000000072c600000| PB 0x000000072c600000| Complete |  0
| 110|0x0000000730000000, 0x0000000730200000, 0x0000000730200000|100%| E|CS|TAMS 0x0000000730000000| PB 0x0000000730000000| Complete |  0

Card table byte_map: [0x000001a1774b0000,0x000001a177ba0000] _byte_map_base: 0x000001a173b9e000

Marking Bits: (CMBitMap*) 0x000001a16d007390
 Bits: [0x000001a177ba0000, 0x000001a17b310000)

Polling page: 0x000001a16b020000

Metaspace:

Usage:
  Non-class:     80.25 MB used.
      Class:     12.71 MB used.
       Both:     92.96 MB used.

Virtual space:
  Non-class space:      128.00 MB reserved,      80.62 MB ( 63%) committed,  2 nodes.
      Class space:        1.00 GB reserved,      13.00 MB (  1%) committed,  1 nodes.
             Both:        1.12 GB reserved,      93.62 MB (  8%) committed. 

Chunk freelists:
   Non-Class:  15.31 MB
       Class:  2.89 MB
        Both:  18.20 MB

MaxMetaspaceSize: unlimited
CompressedClassSpaceSize: 1.00 GB
Initial GC threshold: 21.00 MB
Current GC threshold: 134.81 MB
CDS: on
 - commit_granule_bytes: 65536.
 - commit_granule_words: 8192.
 - virtual_space_node_default_size: 8388608.
 - enlarge_chunks_in_place: 1.
 - use_allocation_guard: 0.


Internal statistics:

num_allocs_failed_limit: 9.
num_arena_births: 1060.
num_arena_deaths: 0.
num_vsnodes_births: 3.
num_vsnodes_deaths: 0.
num_space_committed: 1498.
num_space_uncommitted: 0.
num_chunks_returned_to_freelist: 9.
num_chunks_taken_from_freelist: 4342.
num_chunk_merges: 9.
num_chunk_splits: 3152.
num_chunks_enlarged: 2512.
num_inconsistent_stats: 0.

CodeHeap 'non-profiled nmethods': size=120064Kb used=4139Kb max_used=4139Kb free=115924Kb
 bounds [0x000001a107ac0000, 0x000001a107ed0000, 0x000001a10f000000]
CodeHeap 'profiled nmethods': size=120000Kb used=11466Kb max_used=11466Kb free=108534Kb
 bounds [0x000001a100000000, 0x000001a100b40000, 0x000001a107530000]
CodeHeap 'non-nmethods': size=5696Kb used=1803Kb max_used=1913Kb free=3892Kb
 bounds [0x000001a107530000, 0x000001a1077a0000, 0x000001a107ac0000]
CodeCache: size=245760Kb, used=17408Kb, max_used=17518Kb, free=228350Kb
 total_blobs=8393, nmethods=7615, adapters=681, full_count=0
Compilation: enabled, stopped_count=0, restarted_count=0

Compilation events (20 events):
Event: 14.806 Thread 0x000001a15014ae80 8589       1       com.google.protobuf.IntArrayList::size (5 bytes)
Event: 14.806 Thread 0x000001a15014ae80 nmethod 8589 0x000001a107eca508 code [0x000001a107eca620, 0x000001a107eca6e8]
Event: 14.806 Thread 0x000001a15014ae80 8590       1       com.google.protobuf.GeneratedMessage::getUnknownFields (5 bytes)
Event: 14.806 Thread 0x000001a15014ae80 nmethod 8590 0x000001a107eca808 code [0x000001a107eca920, 0x000001a107eca9f0]
Event: 14.806 Thread 0x000001a15014ae80 8592       3       com.google.protobuf.LongArrayList::getLong (12 bytes)
Event: 14.806 Thread 0x000001a15014ae80 nmethod 8592 0x000001a100b30d88 code [0x000001a100b30ee0, 0x000001a100b31218]
Event: 14.806 Thread 0x000001a15014ae80 8594       3       sun.misc.Unsafe::beforeMemoryAccess (30 bytes)
Event: 14.806 Thread 0x000001a15014ae80 nmethod 8594 0x000001a100b31288 code [0x000001a100b313a0, 0x000001a100b31498]
Event: 14.807 Thread 0x000001a15014ae80 8595       3       com.google.protobuf.UnsafeUtil::putByte (14 bytes)
Event: 14.807 Thread 0x000001a15014ae80 nmethod 8595 0x000001a100b31588 code [0x000001a100b316a0, 0x000001a100b317f0]
Event: 14.807 Thread 0x000001a15014ae80 8599   !   3       com.google.protobuf.CodedOutputStream$ArrayEncoder::writeUInt32NoTag (74 bytes)
Event: 14.807 Thread 0x000001a15014ae80 nmethod 8599 0x000001a100b31888 code [0x000001a100b319e0, 0x000001a100b31d80]
Event: 14.807 Thread 0x000001a15014ae80 8596       3       com.google.protobuf.UnsafeUtil$JvmMemoryAccessor::putByte (12 bytes)
Event: 14.807 Thread 0x000001a15014ae80 nmethod 8596 0x000001a100b31e08 code [0x000001a100b31f40, 0x000001a100b32180]
Event: 14.807 Thread 0x000001a15014ae80 8597       3       sun.misc.Unsafe::putByte (14 bytes)
Event: 14.807 Thread 0x000001a15014ae80 nmethod 8597 0x000001a100b32208 code [0x000001a100b32320, 0x000001a100b32498]
Event: 14.807 Thread 0x000001a15014ae80 8593       3       com.google.protobuf.WireFormat::makeTag (6 bytes)
Event: 14.807 Thread 0x000001a15014ae80 nmethod 8593 0x000001a100b32508 code [0x000001a100b32620, 0x000001a100b32718]
Event: 14.807 Thread 0x000001a15014ae80 8598       1       com.google.ortools.sat.IntegerVariableProto::getDomainList (5 bytes)
Event: 14.807 Thread 0x000001a15014ae80 nmethod 8598 0x000001a107ecab08 code [0x000001a107ecac20, 0x000001a107ecacf0]

GC Heap History (20 events):
Event: 6.857 GC heap before
{Heap before GC invocations=10 (full 0):
 garbage-first heap   total reserved 3633152K, committed 63488K, used 51588K [0x0000000722400000, 0x0000000800000000)
  region size 2048K, 14 young (28672K), 1 survivors (2048K)
 Metaspace       used 44414K, committed 44800K, reserved 1114112K
  class space    used 5750K, committed 5888K, reserved 1048576K
}
Event: 6.862 GC heap after
{Heap after GC invocations=11 (full 0):
 garbage-first heap   total reserved 3633152K, committed 63488K, used 26495K [0x0000000722400000, 0x0000000800000000)
  region size 2048K, 2 young (4096K), 2 survivors (4096K)
 Metaspace       used 44414K, committed 44800K, reserved 1114112K
  class space    used 5750K, committed 5888K, reserved 1048576K
}
Event: 7.373 GC heap before
{Heap before GC invocations=11 (full 0):
 garbage-first heap   total reserved 3633152K, committed 63488K, used 49023K [0x0000000722400000, 0x0000000800000000)
  region size 2048K, 14 young (28672K), 2 survivors (4096K)
 Metaspace       used 48054K, committed 48576K, reserved 1114112K
  class space    used 6284K, committed 6528K, reserved 1048576K
}
Event: 7.382 GC heap after
{Heap after GC invocations=12 (full 0):
 garbage-first heap   total reserved 3633152K, committed 77824K, used 29082K [0x0000000722400000, 0x0000000800000000)
  region size 2048K, 2 young (4096K), 2 survivors (4096K)
 Metaspace       used 48054K, committed 48576K, reserved 1114112K
  class space    used 6284K, committed 6528K, reserved 1048576K
}
Event: 7.989 GC heap before
{Heap before GC invocations=12 (full 0):
 garbage-first heap   total reserved 3633152K, committed 77824K, used 63898K [0x0000000722400000, 0x0000000800000000)
  region size 2048K, 19 young (38912K), 2 survivors (4096K)
 Metaspace       used 55771K, committed 56320K, reserved 1114112K
  class space    used 7497K, committed 7744K, reserved 1048576K
}
Event: 7.995 GC heap after
{Heap after GC invocations=13 (full 0):
 garbage-first heap   total reserved 3633152K, committed 77824K, used 30508K [0x0000000722400000, 0x0000000800000000)
  region size 2048K, 2 young (4096K), 2 survivors (4096K)
 Metaspace       used 55771K, committed 56320K, reserved 1114112K
  class space    used 7497K, committed 7744K, reserved 1048576K
}
Event: 8.362 GC heap before
{Heap before GC invocations=13 (full 0):
 garbage-first heap   total reserved 3633152K, committed 77824K, used 46892K [0x0000000722400000, 0x0000000800000000)
  region size 2048K, 12 young (24576K), 2 survivors (4096K)
 Metaspace       used 59982K, committed 60480K, reserved 1114112K
  class space    used 8039K, committed 8256K, reserved 1048576K
}
Event: 8.370 GC heap after
{Heap after GC invocations=14 (full 0):
 garbage-first heap   total reserved 3633152K, committed 77824K, used 32043K [0x0000000722400000, 0x0000000800000000)
  region size 2048K, 2 young (4096K), 2 survivors (4096K)
 Metaspace       used 59982K, committed 60480K, reserved 1114112K
  class space    used 8039K, committed 8256K, reserved 1048576K
}
Event: 8.894 GC heap before
{Heap before GC invocations=15 (full 0):
 garbage-first heap   total reserved 3633152K, committed 77824K, used 64811K [0x0000000722400000, 0x0000000800000000)
  region size 2048K, 18 young (36864K), 2 survivors (4096K)
 Metaspace       used 67416K, committed 68032K, reserved 1114112K
  class space    used 9194K, committed 9472K, reserved 1048576K
}
Event: 8.899 GC heap after
{Heap after GC invocations=16 (full 0):
 garbage-first heap   total reserved 3633152K, committed 77824K, used 33306K [0x0000000722400000, 0x0000000800000000)
  region size 2048K, 2 young (4096K), 2 survivors (4096K)
 Metaspace       used 67416K, committed 68032K, reserved 1114112K
  class space    used 9194K, committed 9472K, reserved 1048576K
}
Event: 9.403 GC heap before
{Heap before GC invocations=16 (full 0):
 garbage-first heap   total reserved 3633152K, committed 77824K, used 66074K [0x0000000722400000, 0x0000000800000000)
  region size 2048K, 18 young (36864K), 2 survivors (4096K)
 Metaspace       used 72720K, committed 73280K, reserved 1114112K
  class space    used 9971K, committed 10240K, reserved 1048576K
}
Event: 9.415 GC heap after
{Heap after GC invocations=17 (full 0):
 garbage-first heap   total reserved 3633152K, committed 77824K, used 34808K [0x0000000722400000, 0x0000000800000000)
  region size 2048K, 3 young (6144K), 3 survivors (6144K)
 Metaspace       used 72720K, committed 73280K, reserved 1114112K
  class space    used 9971K, committed 10240K, reserved 1048576K
}
Event: 9.940 GC heap before
{Heap before GC invocations=17 (full 0):
 garbage-first heap   total reserved 3633152K, committed 77824K, used 63480K [0x0000000722400000, 0x0000000800000000)
  region size 2048K, 17 young (34816K), 3 survivors (6144K)
 Metaspace       used 77690K, committed 78400K, reserved 1179648K
  class space    used 10618K, committed 10944K, reserved 1048576K
}
Event: 9.948 GC heap after
{Heap after GC invocations=18 (full 0):
 garbage-first heap   total reserved 3633152K, committed 77824K, used 37496K [0x0000000722400000, 0x0000000800000000)
  region size 2048K, 3 young (6144K), 3 survivors (6144K)
 Metaspace       used 77690K, committed 78400K, reserved 1179648K
  class space    used 10618K, committed 10944K, reserved 1048576K
}
Event: 10.391 GC heap before
{Heap before GC invocations=18 (full 0):
 garbage-first heap   total reserved 3633152K, committed 77824K, used 62072K [0x0000000722400000, 0x0000000800000000)
  region size 2048K, 15 young (30720K), 3 survivors (6144K)
 Metaspace       used 82147K, committed 82752K, reserved 1179648K
  class space    used 11195K, committed 11456K, reserved 1048576K
}
Event: 10.400 GC heap after
{Heap after GC invocations=19 (full 0):
 garbage-first heap   total reserved 3633152K, committed 77824K, used 39954K [0x0000000722400000, 0x0000000800000000)
  region size 2048K, 2 young (4096K), 2 survivors (4096K)
 Metaspace       used 82147K, committed 82752K, reserved 1179648K
  class space    used 11195K, committed 11456K, reserved 1048576K
}
Event: 10.932 GC heap before
{Heap before GC invocations=20 (full 0):
 garbage-first heap   total reserved 3633152K, committed 77824K, used 64530K [0x0000000722400000, 0x0000000800000000)
  region size 2048K, 14 young (28672K), 2 survivors (4096K)
 Metaspace       used 84950K, committed 85632K, reserved 1179648K
  class space    used 11661K, committed 11968K, reserved 1048576K
}
Event: 10.940 GC heap after
{Heap after GC invocations=21 (full 0):
 garbage-first heap   total reserved 3633152K, committed 77824K, used 42214K [0x0000000722400000, 0x0000000800000000)
  region size 2048K, 2 young (4096K), 2 survivors (4096K)
 Metaspace       used 84950K, committed 85632K, reserved 1179648K
  class space    used 11661K, committed 11968K, reserved 1048576K
}
Event: 11.664 GC heap before
{Heap before GC invocations=21 (full 0):
 garbage-first heap   total reserved 3633152K, committed 77824K, used 64742K [0x0000000722400000, 0x0000000800000000)
  region size 2048K, 13 young (26624K), 2 survivors (4096K)
 Metaspace       used 88140K, committed 88896K, reserved 1179648K
  class space    used 12195K, committed 12544K, reserved 1048576K
}
Event: 11.673 GC heap after
{Heap after GC invocations=22 (full 0):
 garbage-first heap   total reserved 3633152K, committed 94208K, used 44080K [0x0000000722400000, 0x0000000800000000)
  region size 2048K, 1 young (2048K), 1 survivors (2048K)
 Metaspace       used 88140K, committed 88896K, reserved 1179648K
  class space    used 12195K, committed 12544K, reserved 1048576K
}

Dll operation events (20 events):
Event: 0.348 Loaded shared library C:\Users\wayne\.jdks\openjdk-23.0.1\bin\nio.dll
Event: 0.353 Loaded shared library C:\Users\wayne\.jdks\openjdk-23.0.1\bin\zip.dll
Event: 0.418 Loaded shared library C:\Users\wayne\.jdks\openjdk-23.0.1\bin\jimage.dll
Event: 0.770 Loaded shared library C:\Users\wayne\.jdks\openjdk-23.0.1\bin\verify.dll
Event: 2.200 Loaded shared library C:\Users\wayne\.jdks\openjdk-23.0.1\bin\extnet.dll
Event: 5.902 Loaded shared library C:\Users\wayne\.jdks\openjdk-23.0.1\bin\sunmscapi.dll
Event: 7.959 Loaded shared library C:\Users\wayne\.jdks\openjdk-23.0.1\bin\management.dll
Event: 7.961 Loaded shared library C:\Users\wayne\.jdks\openjdk-23.0.1\bin\management_ext.dll
Event: 11.393 Loaded shared library C:\Users\wayne\.jdks\openjdk-23.0.1\bin\instrument.dll
Event: 13.370 Loading shared library C:\Users\wayne\AppData\Local\Temp\ortools-java2376907988513970643\ortools-win32-x86-64\jniortools.dll failed, error code 126
Event: 13.796 Loaded shared library C:\Users\wayne\AppData\Local\Temp\ortools-java8480804417821617127\ortools-win32-x86-64\zlib1.dll
Event: 13.821 Loaded shared library C:\Users\wayne\AppData\Local\Temp\ortools-java8480804417821617127\ortools-win32-x86-64\bz2.dll
Event: 13.860 Loaded shared library C:\Users\wayne\AppData\Local\Temp\ortools-java8480804417821617127\ortools-win32-x86-64\abseil_dll.dll
Event: 13.887 Loaded shared library C:\Users\wayne\AppData\Local\Temp\ortools-java8480804417821617127\ortools-win32-x86-64\re2.dll
Event: 13.910 Loaded shared library C:\Users\wayne\AppData\Local\Temp\ortools-java8480804417821617127\ortools-win32-x86-64\libutf8_validity.dll
Event: 14.038 Loaded shared library C:\Users\wayne\AppData\Local\Temp\ortools-java8480804417821617127\ortools-win32-x86-64\libprotobuf.dll
Event: 14.091 Loaded shared library C:\Users\wayne\AppData\Local\Temp\ortools-java8480804417821617127\ortools-win32-x86-64\highs.dll
Event: 14.199 Loaded shared library C:\Users\wayne\AppData\Local\Temp\ortools-java8480804417821617127\ortools-win32-x86-64\libscip.dll
Event: 14.540 Loaded shared library C:\Users\wayne\AppData\Local\Temp\ortools-java8480804417821617127\ortools-win32-x86-64\ortools.dll
Event: 14.551 Loaded shared library C:\Users\wayne\AppData\Local\Temp\ortools-java8480804417821617127\ortools-win32-x86-64\jniortools.dll

Deoptimization events (20 events):
Event: 13.760 Thread 0x000001a16cf9fbf0 DEOPT PACKING pc=0x000001a100af3ddc sp=0x0000004f3d4fbc30
Event: 13.760 Thread 0x000001a16cf9fbf0 DEOPT UNPACKING pc=0x000001a107584b22 sp=0x0000004f3d4fb0f8 mode 1
Event: 13.760 Thread 0x000001a16cf9fbf0 DEOPT PACKING pc=0x000001a100af2e94 sp=0x0000004f3d4fbcc0
Event: 13.760 Thread 0x000001a16cf9fbf0 DEOPT UNPACKING pc=0x000001a107584b22 sp=0x0000004f3d4fb250 mode 1
Event: 13.761 Thread 0x000001a16cf9fbf0 DEOPT PACKING pc=0x000001a100af3ddc sp=0x0000004f3d4fbc30
Event: 13.761 Thread 0x000001a16cf9fbf0 DEOPT UNPACKING pc=0x000001a107584b22 sp=0x0000004f3d4fb0f8 mode 1
Event: 13.761 Thread 0x000001a16cf9fbf0 DEOPT PACKING pc=0x000001a100af2e94 sp=0x0000004f3d4fbcc0
Event: 13.761 Thread 0x000001a16cf9fbf0 DEOPT UNPACKING pc=0x000001a107584b22 sp=0x0000004f3d4fb250 mode 1
Event: 14.595 Thread 0x000001a16cf9fbf0 DEOPT PACKING pc=0x000001a100199908 sp=0x0000004f3d4f7090
Event: 14.595 Thread 0x000001a16cf9fbf0 DEOPT UNPACKING pc=0x000001a107584b22 sp=0x0000004f3d4f6528 mode 0
Event: 14.607 Thread 0x000001a16cf9fbf0 DEOPT PACKING pc=0x000001a10087b15c sp=0x0000004f3d4fbd30
Event: 14.607 Thread 0x000001a16cf9fbf0 DEOPT UNPACKING pc=0x000001a107584b22 sp=0x0000004f3d4fb200 mode 1
Event: 14.691 Thread 0x000001a16cf9fbf0 Uncommon trap: trap_request=0xffffff45 fr.pc=0x000001a107c7d88c relative=0x00000000000000ec
Event: 14.691 Thread 0x000001a16cf9fbf0 Uncommon trap: reason=unstable_if action=reinterpret pc=0x000001a107c7d88c method=org.springframework.util.ClassUtils.isAssignable(Ljava/lang/Class;Ljava/lang/Class;)Z @ 57 c2
Event: 14.691 Thread 0x000001a16cf9fbf0 DEOPT PACKING pc=0x000001a107c7d88c sp=0x0000004f3d4fb950
Event: 14.691 Thread 0x000001a16cf9fbf0 DEOPT UNPACKING pc=0x000001a107584402 sp=0x0000004f3d4fb8f8 mode 2
Event: 14.693 Thread 0x000001a16cf9fbf0 DEOPT PACKING pc=0x000001a10087b15c sp=0x0000004f3d4fbcd0
Event: 14.693 Thread 0x000001a16cf9fbf0 DEOPT UNPACKING pc=0x000001a107584b22 sp=0x0000004f3d4fb1a0 mode 1
Event: 14.716 Thread 0x000001a16cf9fbf0 DEOPT PACKING pc=0x000001a10087b15c sp=0x0000004f3d4fbcd0
Event: 14.716 Thread 0x000001a16cf9fbf0 DEOPT UNPACKING pc=0x000001a107584b22 sp=0x0000004f3d4fb1a0 mode 1

Classes loaded (20 events):
Event: 14.800 Loading class sun/misc/Unsafe
Event: 14.800 Loading class sun/misc/Unsafe done
Event: 14.800 Loading class sun/misc/Unsafe$MemoryAccessOption
Event: 14.801 Loading class sun/misc/Unsafe$MemoryAccessOption done
Event: 14.801 Loading class com/google/protobuf/Android
Event: 14.801 Loading class com/google/protobuf/Android done
Event: 14.801 Loading class libcore/io/Memory
Event: 14.801 Loading class libcore/io/Memory done
Event: 14.801 Loading class org/robolectric/Robolectric
Event: 14.801 Loading class org/robolectric/Robolectric done
Event: 14.802 Loading class com/google/protobuf/WireFormat
Event: 14.802 Loading class com/google/protobuf/WireFormat done
Event: 14.804 Loading class com/google/protobuf/Utf8
Event: 14.804 Loading class com/google/protobuf/Utf8 done
Event: 14.804 Loading class com/google/protobuf/Utf8$Processor
Event: 14.804 Loading class com/google/protobuf/Utf8$Processor done
Event: 14.805 Loading class com/google/protobuf/Utf8$UnsafeProcessor
Event: 14.805 Loading class com/google/protobuf/Utf8$UnsafeProcessor done
Event: 14.805 Loading class com/google/protobuf/Utf8$SafeProcessor
Event: 14.805 Loading class com/google/protobuf/Utf8$SafeProcessor done

Classes unloaded (0 events):
No events

Classes redefined (4 events):
Event: 0.592 Thread 0x000001a16d0f99b0 redefined class name=java.lang.Throwable, count=1
Event: 11.749 Thread 0x000001a16d0f99b0 redefined class name=com.planyourshift.llm.LLM, count=1
Event: 11.752 Thread 0x000001a16d0f99b0 redefined class name=java.lang.Object, count=1
Event: 11.752 Thread 0x000001a16d0f99b0 redefined class name=com.planyourshift.llm.Mistral, count=2

Internal exceptions (20 events):
Event: 12.530 Thread 0x000001a16cf9fbf0 Exception <a 'sun/nio/fs/WindowsException'{0x000000072682a200}> (0x000000072682a200) 
thrown [s\open\src\hotspot\share\prims\jni.cpp, line 520]
Event: 12.622 Thread 0x000001a16cf9fbf0 Exception <a 'sun/nio/fs/WindowsException'{0x0000000726839090}> (0x0000000726839090) 
thrown [s\open\src\hotspot\share\prims\jni.cpp, line 520]
Event: 12.647 Thread 0x000001a16cf9fbf0 Exception <a 'sun/nio/fs/WindowsException'{0x0000000726842570}> (0x0000000726842570) 
thrown [s\open\src\hotspot\share\prims\jni.cpp, line 520]
Event: 12.656 Thread 0x000001a16cf9fbf0 Exception <a 'sun/nio/fs/WindowsException'{0x000000072684a3c8}> (0x000000072684a3c8) 
thrown [s\open\src\hotspot\share\prims\jni.cpp, line 520]
Event: 12.686 Thread 0x000001a16cf9fbf0 Exception <a 'sun/nio/fs/WindowsException'{0x0000000726854a00}> (0x0000000726854a00) 
thrown [s\open\src\hotspot\share\prims\jni.cpp, line 520]
Event: 12.688 Thread 0x000001a16cf9fbf0 Exception <a 'sun/nio/fs/WindowsException'{0x000000072685c098}> (0x000000072685c098) 
thrown [s\open\src\hotspot\share\prims\jni.cpp, line 520]
Event: 13.370 Thread 0x000001a16cf9fbf0 Exception <a 'java/lang/UnsatisfiedLinkError'{0x00000007268640f8}> (0x00000007268640f8) 
thrown [s\open\src\hotspot\share\prims\jvm.cpp, line 3441]
Event: 13.370 Thread 0x000001a16cf9fbf0 Exception <a 'java/lang/UnsatisfiedLinkError'{0x00000007268640f8}> (0x00000007268640f8) 
thrown [s\open\src\hotspot\share\prims\jni.cpp, line 520]
Event: 13.374 Thread 0x000001a16cf9fbf0 Exception <a 'sun/nio/fs/WindowsException'{0x000000072686d798}> (0x000000072686d798) 
thrown [s\open\src\hotspot\share\prims\jni.cpp, line 520]
Event: 13.375 Thread 0x000001a16cf9fbf0 Exception <a 'sun/nio/fs/WindowsException'{0x000000072686e758}> (0x000000072686e758) 
thrown [s\open\src\hotspot\share\prims\jni.cpp, line 520]
Event: 13.376 Thread 0x000001a16cf9fbf0 Exception <a 'sun/nio/fs/WindowsException'{0x0000000726875d60}> (0x0000000726875d60) 
thrown [s\open\src\hotspot\share\prims\jni.cpp, line 520]
Event: 13.379 Thread 0x000001a16cf9fbf0 Exception <a 'sun/nio/fs/WindowsException'{0x00000007268a3320}> (0x00000007268a3320) 
thrown [s\open\src\hotspot\share\prims\jni.cpp, line 520]
Event: 13.625 Thread 0x000001a16cf9fbf0 Exception <a 'sun/nio/fs/WindowsException'{0x00000007268ba928}> (0x00000007268ba928) 
thrown [s\open\src\hotspot\share\prims\jni.cpp, line 520]
Event: 13.629 Thread 0x000001a16cf9fbf0 Exception <a 'sun/nio/fs/WindowsException'{0x00000007268c2630}> (0x00000007268c2630) 
thrown [s\open\src\hotspot\share\prims\jni.cpp, line 520]
Event: 13.719 Thread 0x000001a16cf9fbf0 Exception <a 'sun/nio/fs/WindowsException'{0x00000007268d14c0}> (0x00000007268d14c0) 
thrown [s\open\src\hotspot\share\prims\jni.cpp, line 520]
Event: 13.735 Thread 0x000001a16cf9fbf0 Exception <a 'sun/nio/fs/WindowsException'{0x00000007268da9a0}> (0x00000007268da9a0) 
thrown [s\open\src\hotspot\share\prims\jni.cpp, line 520]
Event: 13.740 Thread 0x000001a16cf9fbf0 Exception <a 'sun/nio/fs/WindowsException'{0x00000007268e27f8}> (0x00000007268e27f8) 
thrown [s\open\src\hotspot\share\prims\jni.cpp, line 520]
Event: 13.760 Thread 0x000001a16cf9fbf0 Exception <a 'sun/nio/fs/WindowsException'{0x00000007268ecde8}> (0x00000007268ecde8) 
thrown [s\open\src\hotspot\share\prims\jni.cpp, line 520]
Event: 13.761 Thread 0x000001a16cf9fbf0 Exception <a 'sun/nio/fs/WindowsException'{0x00000007268f4500}> (0x00000007268f4500) 
thrown [s\open\src\hotspot\share\prims\jni.cpp, line 520]
Event: 14.691 Thread 0x000001a16cf9fbf0 Exception <a 'java/lang/IncompatibleClassChangeError'{0x00000007264d79e8}: Found class java.lang.Object, but interface was expected> (0x00000007264d79e8) 
thrown [s\open\src\hotspot\share\interpreter\linkResolver.cpp, line 863]

VM Operations (20 events):
Event: 10.591 Executing VM operation: HandshakeAllThreads (Deoptimize)
Event: 10.592 Executing VM operation: HandshakeAllThreads (Deoptimize) done
Event: 10.642 Executing VM operation: HandshakeAllThreads (Deoptimize)
Event: 10.642 Executing VM operation: HandshakeAllThreads (Deoptimize) done
Event: 10.895 Executing VM operation: HandshakeAllThreads (Deoptimize)
Event: 10.895 Executing VM operation: HandshakeAllThreads (Deoptimize) done
Event: 10.932 Executing VM operation: G1CollectForAllocation (G1 Evacuation Pause)
Event: 10.940 Executing VM operation: G1CollectForAllocation (G1 Evacuation Pause) done
Event: 11.664 Executing VM operation: G1CollectForAllocation (G1 Evacuation Pause)
Event: 11.673 Executing VM operation: G1CollectForAllocation (G1 Evacuation Pause) done
Event: 11.741 Executing VM operation: RedefineClasses
Event: 11.777 Executing VM operation: RedefineClasses done
Event: 11.779 Executing VM operation: get/set locals
Event: 11.779 Executing VM operation: get/set locals done
Event: 12.164 Executing VM operation: HandshakeAllThreads (Deoptimize)
Event: 12.164 Executing VM operation: HandshakeAllThreads (Deoptimize) done
Event: 12.335 Executing VM operation: HandshakeAllThreads (Deoptimize)
Event: 12.335 Executing VM operation: HandshakeAllThreads (Deoptimize) done
Event: 12.348 Executing VM operation: HandshakeAllThreads (Deoptimize)
Event: 12.348 Executing VM operation: HandshakeAllThreads (Deoptimize) done

Memory protections (0 events):
No events

Nmethod flushes (20 events):
Event: 10.427 Thread 0x000001a16d0f99b0 flushing  nmethod 0x000001a10082cf08
Event: 10.427 Thread 0x000001a16d0f99b0 flushing  nmethod 0x000001a100836a08
Event: 10.427 Thread 0x000001a16d0f99b0 flushing  nmethod 0x000001a100857e08
Event: 10.427 Thread 0x000001a16d0f99b0 flushing  nmethod 0x000001a100858488
Event: 10.427 Thread 0x000001a16d0f99b0 flushing  nmethod 0x000001a1008a5388
Event: 10.427 Thread 0x000001a16d0f99b0 flushing  nmethod 0x000001a1008ca908
Event: 10.427 Thread 0x000001a16d0f99b0 flushing  nmethod 0x000001a1008e2688
Event: 10.427 Thread 0x000001a16d0f99b0 flushing  nmethod 0x000001a1008e2e08
Event: 10.427 Thread 0x000001a16d0f99b0 flushing  nmethod 0x000001a1008e3988
Event: 10.427 Thread 0x000001a16d0f99b0 flushing  nmethod 0x000001a1008e4b88
Event: 10.427 Thread 0x000001a16d0f99b0 flushing  nmethod 0x000001a1008e5488
Event: 10.427 Thread 0x000001a16d0f99b0 flushing  nmethod 0x000001a1008e6408
Event: 10.427 Thread 0x000001a16d0f99b0 flushing  nmethod 0x000001a1008e7808
Event: 10.427 Thread 0x000001a16d0f99b0 flushing  nmethod 0x000001a1008e7b08
Event: 10.427 Thread 0x000001a16d0f99b0 flushing  nmethod 0x000001a1008e7e08
Event: 10.427 Thread 0x000001a16d0f99b0 flushing  nmethod 0x000001a1008e8488
Event: 10.427 Thread 0x000001a16d0f99b0 flushing  nmethod 0x000001a1008f2708
Event: 10.427 Thread 0x000001a16d0f99b0 flushing  nmethod 0x000001a10090ff88
Event: 10.427 Thread 0x000001a16d0f99b0 flushing  nmethod 0x000001a100910f08
Event: 10.427 Thread 0x000001a16d0f99b0 flushing  nmethod 0x000001a100918908

Events (20 events):
Event: 8.093 Thread 0x000001a16cf9fbf0 Thread added: 0x000001a155520c80
Event: 8.109 Thread 0x000001a16cf9fbf0 Thread added: 0x000001a155526860
Event: 8.213 Thread 0x000001a155526860 Thread added: 0x000001a1555219a0
Event: 8.634 Thread 0x000001a15ca3c1d0 Thread exited: 0x000001a15ca3c1d0
Event: 8.949 Thread 0x000001a15a27d7f0 Thread exited: 0x000001a15a27d7f0
Event: 9.256 Thread 0x000001a15014ae80 Thread added: 0x000001a15e61da10
Event: 9.268 Thread 0x000001a15014ae80 Thread added: 0x000001a15e61e7b0
Event: 10.060 Thread 0x000001a16cf9fbf0 Thread added: 0x000001a160daebb0
Event: 10.099 Thread 0x000001a16cf9fbf0 Thread added: 0x000001a160db19a0
Event: 10.751 Thread 0x000001a16cf9fbf0 Thread added: 0x000001a15c619480
Event: 10.754 Thread 0x000001a16cf9fbf0 Thread added: 0x000001a15c6152e0
Event: 10.778 Thread 0x000001a16cf9fbf0 Thread added: 0x000001a15c6145c0
Event: 13.374 Thread 0x000001a15e61e7b0 Thread exited: 0x000001a15e61e7b0
Event: 13.374 Thread 0x000001a15e61da10 Thread exited: 0x000001a15e61da10
Event: 13.435 Thread 0x000001a15013e800 Thread added: 0x000001a161fd6a10
Event: 13.435 Thread 0x000001a15013e800 Thread added: 0x000001a161fdc2a0
Event: 13.637 Thread 0x000001a161fdc2a0 Thread exited: 0x000001a161fdc2a0
Event: 13.725 Thread 0x000001a1555219a0 Thread exited: 0x000001a1555219a0
Event: 14.091 Thread 0x000001a161fd6a10 Thread exited: 0x000001a161fd6a10
Event: 14.611 Thread 0x000001a15014ae80 Thread added: 0x000001a161fdc2a0


Dynamic libraries:
0x00007ff63bb10000 - 0x00007ff63bb1e000 	C:\Users\wayne\.jdks\openjdk-23.0.1\bin\java.exe
0x00007ff8537d0000 - 0x00007ff8539e6000 	C:\WINDOWS\SYSTEM32\ntdll.dll
0x00007ff851ea0000 - 0x00007ff851f64000 	C:\WINDOWS\System32\KERNEL32.DLL
0x00007ff850df0000 - 0x00007ff851197000 	C:\WINDOWS\System32\KERNELBASE.dll
0x00007ff8511d0000 - 0x00007ff8512e1000 	C:\WINDOWS\System32\ucrtbase.dll
0x00007ff83efd0000 - 0x00007ff83efeb000 	C:\Users\wayne\.jdks\openjdk-23.0.1\bin\VCRUNTIME140.dll
0x00007ff83ef40000 - 0x00007ff83ef57000 	C:\Users\wayne\.jdks\openjdk-23.0.1\bin\jli.dll
0x00007ff852380000 - 0x00007ff85252e000 	C:\WINDOWS\System32\USER32.dll
0x00007ff83deb0000 - 0x00007ff83e143000 	C:\WINDOWS\WinSxS\amd64_microsoft.windows.common-controls_6595b64144ccf1df_6.0.22621.3235_none_270f74e173860f98\COMCTL32.dll
0x00007ff850b60000 - 0x00007ff850b86000 	C:\WINDOWS\System32\win32u.dll
0x00007ff8522d0000 - 0x00007ff852377000 	C:\WINDOWS\System32\msvcrt.dll
0x00007ff852530000 - 0x00007ff852559000 	C:\WINDOWS\System32\GDI32.dll
0x00007ff850c10000 - 0x00007ff850d29000 	C:\WINDOWS\System32\gdi32full.dll
0x00007ff8512f0000 - 0x00007ff85138a000 	C:\WINDOWS\System32\msvcp_win.dll
0x00007ff852570000 - 0x00007ff8525a1000 	C:\WINDOWS\System32\IMM32.DLL
0x00007ff84bbf0000 - 0x00007ff84bbfc000 	C:\Users\wayne\.jdks\openjdk-23.0.1\bin\vcruntime140_1.dll
0x00007ff820050000 - 0x00007ff8200de000 	C:\Users\wayne\.jdks\openjdk-23.0.1\bin\msvcp140.dll
0x00007ffff8490000 - 0x00007ffff91df000 	C:\Users\wayne\.jdks\openjdk-23.0.1\bin\server\jvm.dll
0x00007ff853620000 - 0x00007ff8536d2000 	C:\WINDOWS\System32\ADVAPI32.dll
0x00007ff8530d0000 - 0x00007ff853178000 	C:\WINDOWS\System32\sechost.dll
0x00007ff8511a0000 - 0x00007ff8511c8000 	C:\WINDOWS\System32\bcrypt.dll
0x00007ff852f90000 - 0x00007ff8530a5000 	C:\WINDOWS\System32\RPCRT4.dll
0x00007ff851500000 - 0x00007ff851571000 	C:\WINDOWS\System32\WS2_32.dll
0x00007ff850910000 - 0x00007ff85095d000 	C:\WINDOWS\SYSTEM32\POWRPROF.dll
0x00007ff846150000 - 0x00007ff84615a000 	C:\WINDOWS\SYSTEM32\VERSION.dll
0x00007ff8462f0000 - 0x00007ff846324000 	C:\WINDOWS\SYSTEM32\WINMM.dll
0x00007ff8507f0000 - 0x00007ff850803000 	C:\WINDOWS\SYSTEM32\UMPDC.dll
0x00007ff84fa90000 - 0x00007ff84faa8000 	C:\WINDOWS\SYSTEM32\kernel.appcore.dll
0x00007ff83efc0000 - 0x00007ff83efca000 	C:\Users\wayne\.jdks\openjdk-23.0.1\bin\jimage.dll
0x00007ff84dec0000 - 0x00007ff84e0f3000 	C:\WINDOWS\SYSTEM32\DBGHELP.DLL
0x00007ff8526a0000 - 0x00007ff852a28000 	C:\WINDOWS\System32\combase.dll
0x00007ff852aa0000 - 0x00007ff852b77000 	C:\WINDOWS\System32\OLEAUT32.dll
0x00007ff82c300000 - 0x00007ff82c332000 	C:\WINDOWS\SYSTEM32\dbgcore.DLL
0x00007ff850b90000 - 0x00007ff850c09000 	C:\WINDOWS\System32\bcryptPrimitives.dll
0x00007ff83a0d0000 - 0x00007ff83a10c000 	C:\Users\wayne\.jdks\openjdk-23.0.1\bin\jdwp.dll
0x00007ff83a0c0000 - 0x00007ff83a0cf000 	C:\Users\wayne\.jdks\openjdk-23.0.1\bin\instrument.dll
0x00007ff83ef20000 - 0x00007ff83ef3e000 	C:\Users\wayne\.jdks\openjdk-23.0.1\bin\java.dll
0x00007ff852c10000 - 0x00007ff852db5000 	C:\WINDOWS\System32\ole32.dll
0x00007ff851580000 - 0x00007ff851ddc000 	C:\WINDOWS\System32\SHELL32.dll
0x00007ff80c5b0000 - 0x00007ff80c7c1000 	C:\Users\wayne\AppData\Local\Temp\idea_libasyncProfiler_dll_temp_folder3\libasyncProfiler.dll
0x00007ff83a110000 - 0x00007ff83a127000 	C:\Users\wayne\.jdks\openjdk-23.0.1\bin\zip.dll
0x00007ff84ea00000 - 0x00007ff84f2f9000 	C:\WINDOWS\SYSTEM32\windows.storage.dll
0x00007ff84e8c0000 - 0x00007ff84e9fe000 	C:\WINDOWS\SYSTEM32\wintypes.dll
0x00007ff8521d0000 - 0x00007ff8522c3000 	C:\WINDOWS\System32\SHCORE.dll
0x00007ff851de0000 - 0x00007ff851e3e000 	C:\WINDOWS\System32\shlwapi.dll
0x00007ff850a20000 - 0x00007ff850a41000 	C:\WINDOWS\SYSTEM32\profapi.dll
0x00007ff81a310000 - 0x00007ff81a3e7000 	C:\Users\wayne\.jdks\openjdk-23.0.1\bin\jsvml.dll
0x00007ff83a0b0000 - 0x00007ff83a0bc000 	C:\Users\wayne\.jdks\openjdk-23.0.1\bin\dt_socket.dll
0x00007ff84f5a0000 - 0x00007ff84f5cd000 	C:\WINDOWS\SYSTEM32\IPHLPAPI.DLL
0x00007ff84ff50000 - 0x00007ff84ffb9000 	C:\WINDOWS\system32\mswsock.dll
0x00007ff83ef10000 - 0x00007ff83ef20000 	C:\Users\wayne\.jdks\openjdk-23.0.1\bin\net.dll
0x00007ff83b280000 - 0x00007ff83b296000 	C:\Users\wayne\.jdks\openjdk-23.0.1\bin\nio.dll
0x00007ff838620000 - 0x00007ff838630000 	C:\Users\wayne\.jdks\openjdk-23.0.1\bin\verify.dll
0x00007ff850170000 - 0x00007ff85018b000 	C:\WINDOWS\SYSTEM32\CRYPTSP.dll
0x00007ff84fa50000 - 0x00007ff84fa85000 	C:\WINDOWS\system32\rsaenh.dll
0x00007ff850000000 - 0x00007ff850028000 	C:\WINDOWS\SYSTEM32\USERENV.dll
0x00007ff850160000 - 0x00007ff85016c000 	C:\WINDOWS\SYSTEM32\CRYPTBASE.dll
0x00007ff852b80000 - 0x00007ff852b89000 	C:\WINDOWS\System32\NSI.dll
0x00007ff84f5d0000 - 0x00007ff84f6c9000 	C:\WINDOWS\SYSTEM32\DNSAPI.dll
0x00007ff84a580000 - 0x00007ff84a58a000 	C:\Windows\System32\rasadhlp.dll
0x00007ff847710000 - 0x00007ff847793000 	C:\WINDOWS\System32\fwpuclnt.dll
0x00007ff83e9b0000 - 0x00007ff83e9b9000 	C:\Users\wayne\.jdks\openjdk-23.0.1\bin\extnet.dll
0x00007ff83ee10000 - 0x00007ff83ee1e000 	C:\Users\wayne\.jdks\openjdk-23.0.1\bin\sunmscapi.dll
0x00007ff851390000 - 0x00007ff8514f7000 	C:\WINDOWS\System32\CRYPT32.dll
0x00007ff8503a0000 - 0x00007ff8503ce000 	C:\WINDOWS\SYSTEM32\ncrypt.dll
0x00007ff850360000 - 0x00007ff850397000 	C:\WINDOWS\SYSTEM32\NTASN1.dll
0x00007ff83e980000 - 0x00007ff83e98a000 	C:\Users\wayne\.jdks\openjdk-23.0.1\bin\management.dll
0x00007ff83cfe0000 - 0x00007ff83cfeb000 	C:\Users\wayne\.jdks\openjdk-23.0.1\bin\management_ext.dll
0x00007ff8525b0000 - 0x00007ff8525b8000 	C:\WINDOWS\System32\PSAPI.DLL
0x00007fffde7c0000 - 0x00007fffde7c8000 	C:\WINDOWS\system32\wshunix.dll
0x00007ff838800000 - 0x00007ff838819000 	C:\Users\wayne\AppData\Local\Temp\ortools-java8480804417821617127\ortools-win32-x86-64\zlib1.dll
0x00007ff8387e0000 - 0x00007ff8387f8000 	C:\Users\wayne\AppData\Local\Temp\ortools-java8480804417821617127\ortools-win32-x86-64\bz2.dll
0x00007ff838700000 - 0x00007ff8387db000 	C:\Users\wayne\AppData\Local\Temp\ortools-java8480804417821617127\ortools-win32-x86-64\abseil_dll.dll
0x00007ff819ec0000 - 0x00007ff819f47000 	C:\Users\wayne\AppData\Local\Temp\ortools-java8480804417821617127\ortools-win32-x86-64\re2.dll
0x00007ff8386f0000 - 0x00007ff8386f7000 	C:\Users\wayne\AppData\Local\Temp\ortools-java8480804417821617127\ortools-win32-x86-64\libutf8_validity.dll
0x00007ff809100000 - 0x00007ff80958a000 	C:\Users\wayne\AppData\Local\Temp\ortools-java8480804417821617127\ortools-win32-x86-64\libprotobuf.dll
0x00007ff800680000 - 0x00007ff800b1b000 	C:\Users\wayne\AppData\Local\Temp\ortools-java8480804417821617127\ortools-win32-x86-64\highs.dll
0x00007ffff7a50000 - 0x00007ffff848c000 	C:\Users\wayne\AppData\Local\Temp\ortools-java8480804417821617127\ortools-win32-x86-64\libscip.dll
0x00007fffdc860000 - 0x00007fffde7b3000 	C:\Users\wayne\AppData\Local\Temp\ortools-java8480804417821617127\ortools-win32-x86-64\ortools.dll
0x00007ff8123f0000 - 0x00007ff812577000 	C:\Users\wayne\AppData\Local\Temp\ortools-java8480804417821617127\ortools-win32-x86-64\jniortools.dll
0x00007ff831de0000 - 0x00007ff832050000 	C:\WINDOWS\SYSTEM32\icu.dll

dbghelp: loaded successfully - version: 4.0.5 - missing functions: none
symbol engine: initialized successfully - sym options: 0x614 - pdb path: .;C:\Users\wayne\.jdks\openjdk-23.0.1\bin;C:\WINDOWS\SYSTEM32;C:\WINDOWS\WinSxS\amd64_microsoft.windows.common-controls_6595b64144ccf1df_6.0.22621.3235_none_270f74e173860f98;C:\Users\wayne\.jdks\openjdk-23.0.1\bin\server;C:\Users\wayne\AppData\Local\Temp\idea_libasyncProfiler_dll_temp_folder3;C:\Users\wayne\AppData\Local\Temp\ortools-java8480804417821617127\ortools-win32-x86-64

VM Arguments:
jvm_args: -agentlib:jdwp=transport=dt_socket,address=127.0.0.1:52759,suspend=y,server=n -javaagent:C:\Users\wayne\AppData\Local\JetBrains\IntelliJIdea2025.2\captureAgent\debugger-agent.jar=file:///C:/Users/wayne/AppData/Local/Temp/capture8719023224038443504.props -ea -agentpath:C:\Users\wayne\AppData\Local\Temp\idea_libasyncProfiler_dll_temp_folder3\libasyncProfiler.dll=version,jfr,event=wall,interval=10ms,cstack=no,file=C:\Users\wayne\IdeaSnapshots\IntegrationTests_2025_11_13_005914.jfr,dbghelppath=C:\Users\wayne\AppData\Local\Temp\idea_dbghelp_dll_temp_folder2\dbghelp.dll,log=C:\Users\wayne\AppData\Local\Temp\IntegrationTests_2025_11_13_005914.jfr.log.txt,logLevel=DEBUG -Didea.test.cyclic.buffer.size=1048576 -Dkotlinx.coroutines.debug.enable.creation.stack.trace=false -Ddebugger.agent.enable.coroutines=true -Dkotlinx.coroutines.debug.enable.flows.stack.trace=true -Dkotlinx.coroutines.debug.enable.mutable.state.flows.stack.trace=true -Dfile.encoding=UTF-8 -Dsun.stdout.encoding=UTF-8 -Dsun.stderr.encoding=UTF-8 
java_command: com.intellij.rt.junit.JUnitStarter -ideVersion5 -junit5 com.planyourshift.IntegrationTests
java_class_path (initial): C:\Users\wayne\.m2\repository\org\junit\platform\junit-platform-launcher\1.12.2\junit-platform-launcher-1.12.2.jar;C:\Users\wayne\.m2\repository\org\junit\vintage\junit-vintage-engine\5.12.2\junit-vintage-engine-5.12.2.jar;C:\Program Files\JetBrains\IntelliJ IDEA 2025.2\lib\idea_rt.jar;C:\Program Files\JetBrains\IntelliJ IDEA 2025.2\plugins\junit\lib\junit5-rt.jar;C:\Program Files\JetBrains\IntelliJ IDEA 2025.2\plugins\junit\lib\junit-rt.jar;C:\Users\wayne\IdeaProjects\planyourshift.com\planyourshift-back\target\test-classes;C:\Users\wayne\IdeaProjects\planyourshift.com\planyourshift-back\target\classes;C:\Users\wayne\.m2\repository\org\springframework\boot\spring-boot-starter-data-jpa\3.5.7\spring-boot-starter-data-jpa-3.5.7.jar;C:\Users\wayne\.m2\repository\org\springframework\boot\spring-boot-starter\3.5.7\spring-boot-starter-3.5.7.jar;C:\Users\wayne\.m2\repository\org\springframework\boot\spring-boot-starter-logging\3.5.7\spring-boot-starter-logging-3.5.7.jar;C:\Users\wayne\.m2\repository\ch\qos\logback\logback-classic\1.5.20\logback-classic-1.5.20.jar;C:\Users\wayne\.m2\repository\ch\qos\logback\logback-core\1.5.20\logback-core-1.5.20.jar;C:\Users\wayne\.m2\repository\org\apache\logging\log4j\log4j-to-slf4j\2.24.3\log4j-to-slf4j-2.24.3.jar;C:\Users\wayne\.m2\repository\org\apache\logging\log4j\log4j-api\2.24.3\log4j-api-2.24.3.jar;C:\Users\wayne\.m2\repository\org\slf4j\jul-to-slf4j\2.0.17\jul-to-slf4j-2.0.17.jar;C:\Users\wayne\.m2\repository\jakarta\annotation\jakarta.annotation-api\2.1.1\jakarta.annotation-api-2.1.1.jar;C:\Users\wayne\.m2\repository\org\yaml\snakeyaml\2.4\snakeyaml-2.4.jar;C:\Users\wayne\.m2\repository\org\springframework\boot\spring-boot-starter-jdbc\3.5.7\spring-boot-starter-jdbc-3.5.7.jar;C:\Users\wayne\.m2\repository\com\zaxxer\HikariCP\6.3.3\HikariCP-6.3.3.jar;C:\Users\wayne\.m2\repository\org\springframework\spring-jdbc\6.2.12\spring-jdbc-6.2.12.jar;C:\Users\wayne\.m2\repository\org\hibernate\orm\hibernate-core\6.6.33.Final\hibernate-core-6.6.33.Final.jar;C:\Users\wayne\.m2\repository\jakarta\persistence\jakarta.persistence-api\3.1.0\jakarta.persistence-api-3.1.0.jar;C:\Users\wayne\.m2\repository\jakarta\transaction\jakarta.transaction-api\2.0.1\jakarta.transaction-api-2.0.1.jar;C:\Users\wayne\.m2\repository\org\jboss\logging\jboss-logging\3.6.1.Final\jboss-logging-3.6.1.Final.jar;C:\Users\wayne\.m2\repository\org\hibernate\common\hibernate-commons-annotations\7.0.3.Final\hibernate-commons-annotations-7.0.3.Final.jar;C:\Users\wayne\.m2\repository\io\smallrye\jandex\3.2.0\jandex-3.2.0.jar;C:\Users\wayne\.m2\repository\com\fasterxml\classmate\1.7.1\classmate-1.7.1.jar;C:\Users\wayne\.m2\repository\net\bytebuddy\byte-buddy\1.17.8\byte-buddy-1.17.8.jar;C:\Users\wayne\.m2\repository\org\glassfish\jaxb\jaxb-runtime\4.0.6\jaxb-runtime-4.0.6.jar;C:\Users\wayne\.m2\repository\org\glassfish\jaxb\jaxb-core\4.0.6\jaxb-core-4.0.6.jar;C:\Users\wayne\.m2\repository\org\eclipse\angus\angus-activation\2.0.3\angus-activation-2.0.3.jar;C:\Users\wayne\.m2\repository\org\glassfish\jaxb\txw2\4.0.6\txw2-4.0.6.jar;C:\Users\wayne\.m2\repository\com\sun\istack\istack-commons-runtime\4.1.2\istack-commons-runtime-4.1.2.jar;C:\Users\wayne\.m2\repository\jakarta\inject\jakarta.inject-api\2.0.1\jakarta.inject-api-2.0.1.jar;C:\Users\wayne\.m2\repository\org\antlr\antlr4-runtime\4.13.0\antlr4-runtime-4.13.0.jar;C:\Users\wayne\.m2\repository\org\springframework\data\spring-data-jpa\3.5.5\spring-data-jpa-3.5.5.jar;C:\Users\wayne\.m2\repository\org\springframework\data\spring-data-commons\3.5.5\spring-data-commons-3.5.5.jar;C:\Users\wayne\.m2\repository\org\springframework\spring-orm\6.2.12\spring-orm-6.2.12.jar;C:\Users\wayne\.m2\repository\org\springframework\spring-context\6.2.12\spring-context-6.2.12.jar;C:\Users\wayne\.m2\repository\org\springframework\spring-tx\6.2.12\spring-tx-6.2.12.jar;C:\Users\wayne\.m2\repository\org\springframework\spring-beans\6.2.12\spring-beans-6.2.12.jar;C:\Users\wayne\.m2\repository\org\slf4j\slf4j-api\2.0.17\slf4j-api-2.0.17.jar;C:\Users\wayne\.m2\repository\org\springframework\spring-aspects\6.2.12\spring-aspects-6.2.12.jar;C:\Users\wayne\.m2\repository\org\aspectj\aspectjweaver\1.9.24\aspectjweaver-1.9.24.jar;C:\Users\wayne\.m2\repository\com\google\ortools\ortools-java\9.14.6206\ortools-java-9.14.6206.jar;C:\Users\wayne\.m2\repository\com\google\ortools\ortools-linux-x86-64\9.14.6206\ortools-linux-x86-64-9.14.6206.jar;C:\Users\wayne\.m2\repository\com\google\ortools\ortools-darwin-x86-64\9.14.6206\ortools-darwin-x86-64-9.14.6206.jar;C:\Users\wayne\.m2\repository\com\google\ortools\ortools-win32-x86-64\9.14.6206\ortools-win32-x86-64-9.14.6206.jar;C:\Users\wayne\.m2\repository\com\google\ortools\ortools-linux-aarch64\9.14.6206\ortools-linux-aarch64-9.14.6206.jar;C:\Users\wayne\.m2\repository\com\google\ortools\ortools-darwin-aarch64\9.14.6206\ortools-darwin-aarch64-9.14.6206.jar;C:\Users\wayne\.m2\repository\net\java\dev\jna\jna-platform\5.14.0\jna-platform-5.14.0.jar;C:\Users\wayne\.m2\repository\net\java\dev\jna\jna\5.14.0\jna-5.14.0.jar;C:\Users\wayne\.m2\repository\com\google\protobuf\protobuf-java\4.31.1\protobuf-java-4.31.1.jar;C:\Users\wayne\.m2\repository\org\springframework\ai\spring-ai-starter-model-mistral-ai\1.0.3\spring-ai-starter-model-mistral-ai-1.0.3.jar;C:\Users\wayne\.m2\repository\org\springframework\ai\spring-ai-autoconfigure-model-mistral-ai\1.0.3\spring-ai-autoconfigure-model-mistral-ai-1.0.3.jar;C:\Users\wayne\.m2\repository\org\springframework\ai\spring-ai-autoconfigure-model-tool\1.0.3\spring-ai-autoconfigure-model-tool-1.0.3.jar;C:\Users\wayne\.m2\repository\org\springframework\ai\spring-ai-autoconfigure-retry\1.0.3\spring-ai-autoconfigure-retry-1.0.3.jar;C:\Users\wayne\.m2\repository\org\springframework\ai\spring-ai-autoconfigure-model-chat-observation\1.0.3\spring-ai-autoconfigure-model-chat-observation-1.0.3.jar;C:\Users\wayne\.m2\repository\org\springframework\ai\spring-ai-autoconfigure-model-embedding-observation\1.0.3\spring-ai-autoconfigure-model-embedding-observation-1.0.3.jar;C:\Users\wayne\.m2\repository\org\springframework\ai\spring-ai-autoconfigure-model-image-observation\1.0.3\spring-ai-autoconfigure-model-image-observation-1.0.3.jar;C:\Users\wayne\.m2\repository\org\springframework\ai\spring-ai-mistral-ai\1.0.3\spring-ai-mistral-ai-1.0.3.jar;C:\Users\wayne\.m2\repository\org\springframework\ai\spring-ai-model\1.0.3\spring-ai-model-1.0.3.jar;C:\Users\wayne\.m2\repository\org\springframework\ai\spring-ai-commons\1.0.3\spring-ai-commons-1.0.3.jar;C:\Users\wayne\.m2\repository\io\micrometer\micrometer-core\1.15.5\micrometer-core-1.15.5.jar;C:\Users\wayne\.m2\repository\org\hdrhistogram\HdrHistogram\2.2.2\HdrHistogram-2.2.2.jar;C:\Users\wayne\.m2\repository\org\latencyutils\LatencyUtils\2.0.3\LatencyUtils-2.0.3.jar;C:\Users\wayne\.m2\repository\io\micrometer\context-propagation\1.1.3\context-propagation-1.1.3.jar;C:\Users\wayne\.m2\repository\org\springframework\ai\spring-ai-template-st\1.0.3\spring-ai-template-st-1.0.3.jar;C:\Users\wayne\.m2\repository\org\antlr\ST4\4.3.4\ST4-4.3.4.jar;C:\Users\wayne\.m2\repository\org\antlr\antlr-runtime\3.5.3\antlr-runtime-3.5.3.jar;C:\Users\wayne\.m2\repository\org\springframework\spring-messaging\6.2.12\spring-messaging-6.2.12.jar;C:\Users\wayne\.m2\repository\io\projectreactor\reactor-core\3.7.12\reactor-core-3.7.12.jar;C:\Users\wayne\.m2\repository\org\reactivestreams\reactive-streams\1.0.4\reactive-streams-1.0.4.jar;C:\Users\wayne\.m2\repository\com\github\victools\jsonschema-generator\4.37.0\jsonschema-generator-4.37.0.jar;C:\Users\wayne\.m2\repository\com\github\victools\jsonschema-module-jackson\4.37.0\jsonschema-module-jackson-4.37.0.jar;C:\Users\wayne\.m2\repository\com\github\victools\jsonschema-module-swagger-2\4.37.0\jsonschema-module-swagger-2-4.37.0.jar;C:\Users\wayne\.m2\repository\io\swagger\core\v3\swagger-annotations-jakarta\2.2.30\swagger-annotations-jakarta-2.2.30.jar;C:\Users\wayne\.m2\repository\org\springframework\ai\spring-ai-retry\1.0.3\spring-ai-retry-1.0.3.jar;C:\Users\wayne\.m2\repository\org\springframework\retry\spring-retry\2.0.12\spring-retry-2.0.12.jar;C:\Users\wayne\.m2\repository\org\springframework\spring-context-support\6.2.12\spring-context-support-6.2.12.jar;C:\Users\wayne\.m2\repository\org\springframework\spring-webflux\6.2.12\spring-webflux-6.2.12.jar;C:\Users\wayne\.m2\repository\org\springframework\ai\spring-ai-autoconfigure-model-chat-client\1.0.3\spring-ai-autoconfigure-model-chat-client-1.0.3.jar;C:\Users\wayne\.m2\repository\org\springframework\ai\spring-ai-client-chat\1.0.3\spring-ai-client-chat-1.0.3.jar;C:\Users\wayne\.m2\repository\com\fasterxml\jackson\module\jackson-module-jsonSchema\2.19.2\jackson-module-jsonSchema-2.19.2.jar;C:\Users\wayne\.m2\repository\javax\validation\validation-api\1.1.0.Final\validation-api-1.1.0.Final.jar;C:\Users\wayne\.m2\repository\com\knuddels\jtokkit\1.1.0\jtokkit-1.1.0.jar;C:\Users\wayne\.m2\repository\org\springframework\ai\spring-ai-autoconfigure-model-chat-memory\1.0.3\spring-ai-autoconfigure-model-chat-memory-1.0.3.jar;C:\Users\wayne\.m2\repository\org\springframework\ai\spring-ai-spring-boot-testcontainers\1.0.3\spring-ai-spring-boot-testcontainers-1.0.3.jar;C:\Users\wayne\.m2\repository\org\springframework\boot\spring-boot-starter-web\3.5.7\spring-boot-starter-web-3.5.7.jar;C:\Users\wayne\.m2\repository\org\springframework\boot\spring-boot-starter-json\3.5.7\spring-boot-starter-json-3.5.7.jar;C:\Users\wayne\.m2\repository\com\fasterxml\jackson\core\jackson-databind\2.19.2\jackson-databind-2.19.2.jar;C:\Users\wayne\.m2\repository\com\fasterxml\jackson\core\jackson-annotations\2.19.2\jackson-annotations-2.19.2.jar;C:\Users\wayne\.m2\repository\com\fasterxml\jackson\core\jackson-core\2.19.2\jackson-core-2.19.2.jar;C:\Users\wayne\.m2\repository\com\fasterxml\jackson\datatype\jackson-datatype-jdk8\2.19.2\jackson-datatype-jdk8-2.19.2.jar;C:\Users\wayne\.m2\repository\com\fasterxml\jackson\datatype\jackson-datatype-jsr310\2.19.2\jackson-datatype-jsr310-2.19.2.jar;C:\Users\wayne\.m2\repository\com\fasterxml\jackson\module\jackson-module-parameter-names\2.19.2\jackson-module-parameter-names-2.19.2.jar;C:\Users\wayne\.m2\repository\org\springframework\boot\spring-boot-starter-tomcat\3.5.7\spring-boot-starter-tomcat-3.5.7.jar;C:\Users\wayne\.m2\repository\org\apache\tomcat\embed\tomcat-embed-core\10.1.48\tomcat-embed-core-10.1.48.jar;C:\Users\wayne\.m2\repository\org\apache\tomcat\embed\tomcat-embed-el\10.1.48\tomcat-embed-el-10.1.48.jar;C:\Users\wayne\.m2\repository\org\apache\tomcat\embed\tomcat-embed-websocket\10.1.48\tomcat-embed-websocket-10.1.48.jar;C:\Users\wayne\.m2\repository\org\springframework\spring-web\6.2.12\spring-web-6.2.12.jar;C:\Users\wayne\.m2\repository\io\micrometer\micrometer-observation\1.15.5\micrometer-observation-1.15.5.jar;C:\Users\wayne\.m2\repository\io\micrometer\micrometer-commons\1.15.5\micrometer-commons-1.15.5.jar;C:\Users\wayne\.m2\repository\org\springframework\spring-webmvc\6.2.12\spring-webmvc-6.2.12.jar;C:\Users\wayne\.m2\repository\org\springframework\spring-expression\6.2.12\spring-expression-6.2.12.jar;C:\Users\wayne\.m2\repository\org\springframework\boot\spring-boot-starter-security\3.5.7\spring-boot-starter-security-3.5.7.jar;C:\Users\wayne\.m2\repository\org\springframework\spring-aop\6.2.12\spring-aop-6.2.12.jar;C:\Users\wayne\.m2\repository\org\springframework\security\spring-security-config\6.5.6\spring-security-config-6.5.6.jar;C:\Users\wayne\.m2\repository\org\springframework\security\spring-security-web\6.5.6\spring-security-web-6.5.6.jar;C:\Users\wayne\.m2\repository\org\springframework\security\spring-security-test\6.5.6\spring-security-test-6.5.6.jar;C:\Users\wayne\.m2\repository\org\springframework\security\spring-security-core\6.5.6\spring-security-core-6.5.6.jar;C:\Users\wayne\.m2\repository\org\springframework\security\spring-security-crypto\6.5.6\spring-security-crypto-6.5.6.jar;C:\Users\wayne\.m2\repository\org\springframework\spring-core\6.2.12\spring-core-6.2.12.jar;C:\Users\wayne\.m2\repository\org\springframework\spring-jcl\6.2.12\spring-jcl-6.2.12.jar;C:\Users\wayne\.m2\repository\org\springframework\spring-test\6.2.12\spring-test-6.2.12.jar;C:\Users\wayne\.m2\repository\org\springframework\boot\spring-boot-devtools\3.5.7\spring-boot-devtools-3.5.7.jar;C:\Users\wayne\.m2\repository\org\springframework\boot\spring-boot\3.5.7\spring-boot-3.5.7.jar;C:\Users\wayne\.m2\repository\org\springframework\boot\spring-boot-autoconfigure\3.5.7\spring-boot-autoconfigure-3.5.7.jar;C:\Users\wayne\.m2\repository\org\postgresql\postgresql\42.7.8\postgresql-42.7.8.jar;C:\Users\wayne\.m2\repository\org\checkerframework\checker-qual\3.49.5\checker-qual-3.49.5.jar;C:\Users\wayne\.m2\repository\org\projectlombok\lombok\1.18.42\lombok-1.18.42.jar;C:\Users\wayne\.m2\repository\org\springframework\boot\spring-boot-starter-test\3.5.7\spring-boot-starter-test-3.5.7.jar;C:\Users\wayne\.m2\repository\org\springframework\boot\spring-boot-test\3.5.7\spring-boot-test-3.5.7.jar;C:\Users\wayne\.m2\repository\org\springframework\boot\spring-boot-test-autoconfigure\3.5.7\spring-boot-test-autoconfigure-3.5.7.jar;C:\Users\wayne\.m2\repository\com\jayway\jsonpath\json-path\2.9.0\json-path-2.9.0.jar;C:\Users\wayne\.m2\repository\jakarta\xml\bind\jakarta.xml.bind-api\4.0.4\jakarta.xml.bind-api-4.0.4.jar;C:\Users\wayne\.m2\repository\jakarta\activation\jakarta.activation-api\2.1.4\jakarta.activation-api-2.1.4.jar;C:\Users\wayne\.m2\repository\net\minidev\json-smart\2.5.2\json-smart-2.5.2.jar;C:\Users\wayne\.m2\repository\net\minidev\accessors-smart\2.5.2\accessors-smart-2.5.2.jar;C:\Users\wayne\.m2\repository\org\ow2\asm\asm\9.7.1\asm-9.7.1.jar;C:\Users\wayne\.m2\repository\org\assertj\assertj-core\3.27.6\assertj-core-3.27.6.jar;C:\Users\wayne\.m2\repository\org\awaitility\awaitility\4.2.2\awaitility-4.2.2.jar;C:\Users\wayne\.m2\repository\org\hamcrest\hamcrest\3.0\hamcrest-3.0.jar;C:\Users\wayne\.m2\repository\org\junit\jupiter\junit-jupiter\5.12.2\junit-jupiter-5.12.2.jar;C:\Users\wayne\.m2\repository\org\junit\jupiter\junit-jupiter-api\5.12.2\junit-jupiter-api-5.12.2.jar;C:\Users\wayne\.m2\repository\org\opentest4j\opentest4j\1.3.0\opentest4j-1.3.0.jar;C:\Users\wayne\.m2\repository\org\junit\platform\junit-platform-commons\1.12.2\junit-platform-commons-1.12.2.jar;C:\Users\wayne\.m2\repository\org\apiguardian\apiguardian-api\1.1.2\apiguardian-api-1.1.2.jar;C:\Users\wayne\.m2\repository\org\junit\jupiter\junit-jupiter-params\5.12.2\junit-jupiter-params-5.12.2.jar;C:\Users\wayne\.m2\repository\org\junit\jupiter\junit-jupiter-engine\5.12.2\junit-jupiter-engine-5.12.2.jar;C:\Users\wayne\.m2\repository\org\junit\platform\junit-platform-engine\1.12.2\junit-platform-engine-1.12.2.jar;C:\Users\wayne\.m2\repository\org\mockito\mockito-core\5.17.0\mockito-core-5.17.0.jar;C:\Users\wayne\.m2\repository\net\bytebuddy\byte-buddy-agent\1.17.8\byte-buddy-agent-1.17.8.jar;C:\Users\wayne\.m2\repository\org\objenesis\objenesis\3.3\objenesis-3.3.jar;C:\Users\wayne\.m2\repository\org\mockito\mockito-junit-jupiter\5.17.0\mockito-junit-jupiter-5.17.0.jar;C:\Users\wayne\.m2\repository\org\skyscreamer\jsonassert\1.5.3\jsonassert-1.5.3.jar;C:\Users\wayne\.m2\repository\com\vaadin\external\google\android-json\0.0.20131108.vaadin1\android-json-0.0.20131108.vaadin1.jar;C:\Users\wayne\.m2\repository\org\xmlunit\xmlunit-core\2.10.4\xmlunit-core-2.10.4.jar;C:\Users\wayne\.m2\repository\org\springframework\boot\spring-boot-testcontainers\3.5.7\spring-boot-testcontainers-3.5.7.jar;C:\Users\wayne\.m2\repository\org\testcontainers\testcontainers\1.21.3\testcontainers-1.21.3.jar;C:\Users\wayne\.m2\repository\junit\junit\4.13.2\junit-4.13.2.jar;C:\Users\wayne\.m2\repository\org\hamcrest\hamcrest-core\3.0\hamcrest-core-3.0.jar;C:\Users\wayne\.m2\repository\org\apache\commons\commons-compress\1.24.0\commons-compress-1.24.0.jar;C:\Users\wayne\.m2\repository\org\rnorth\duct-tape\duct-tape\1.0.8\duct-tape-1.0.8.jar;C:\Users\wayne\.m2\repository\org\jetbrains\annotations\17.0.0\annotations-17.0.0.jar;C:\Users\wayne\.m2\repository\com\github\docker-java\docker-java-api\3.4.2\docker-java-api-3.4.2.jar;C:\Users\wayne\.m2\repository\com\github\docker-java\docker-java-transport-zerodep\3.4.2\docker-java-transport-zerodep-3.4.2.jar;C:\Users\wayne\.m2\repository\com\github\docker-java\docker-java-transport\3.4.2\docker-java-transport-3.4.2.jar;C:\Users\wayne\.m2\repository\org\testcontainers\junit-jupiter\1.21.3\junit-jupiter-1.21.3.jar;C:\Users\wayne\.m2\repository\org\testcontainers\postgresql\1.21.3\postgresql-1.21.3.jar;C:\Users\wayne\.m2\repository\org\testcontainers\jdbc\1.21.3\jdbc-1.21.3.jar;C:\Users\wayne\.m2\repository\org\testcontainers\database-commons\1.21.3\database-commons-1.21.3.jar
Launcher Type: SUN_STANDARD

[Global flags]
     intx CICompilerCount                          = 4                                         {product} {ergonomic}
     uint ConcGCThreads                            = 3                                         {product} {ergonomic}
     uint G1ConcRefinementThreads                  = 10                                        {product} {ergonomic}
   size_t G1HeapRegionSize                         = 2097152                                   {product} {ergonomic}
   size_t InitialHeapSize                          = 232783872                                 {product} {ergonomic}
   size_t MarkStackSize                            = 4194304                                   {product} {ergonomic}
   size_t MarkStackSizeMax                         = 536870912                                 {product} {ergonomic}
   size_t MaxHeapSize                              = 3720347648                                {product} {ergonomic}
   size_t MaxNewSize                               = 2231369728                                {product} {ergonomic}
   size_t MinHeapDeltaBytes                        = 2097152                                   {product} {ergonomic}
   size_t MinHeapSize                              = 8388608                                   {product} {ergonomic}
    uintx NonNMethodCodeHeapSize                   = 5832704                                {pd product} {ergonomic}
    uintx NonProfiledCodeHeapSize                  = 122945536                              {pd product} {ergonomic}
    uintx ProfiledCodeHeapSize                     = 122880000                              {pd product} {ergonomic}
    uintx ReservedCodeCacheSize                    = 251658240                              {pd product} {ergonomic}
     bool SegmentedCodeCache                       = true                                      {product} {ergonomic}
   size_t SoftMaxHeapSize                          = 3720347648                             {manageable} {ergonomic}
     bool UseCompressedOops                        = true                           {product lp64_product} {ergonomic}
     bool UseG1GC                                  = true                                      {product} {ergonomic}
     bool UseLargePagesIndividualAllocation        = false                                  {pd product} {ergonomic}

Logging:
Log output configuration:
 #0: stdout all=warning uptime,level,tags foldmultilines=false
 #1: stderr all=off uptime,level,tags foldmultilines=false

Environment Variables:
JAVA_HOME=C:\Program Files\Java\jdk-21
PATH=C:\Program Files\Common Files\Oracle\Java\javapath;C:\Program Files\AdoptOpenJDK\jre-8.0.292.10-hotspot\bin;C:\Windows\system32;C:\Windows;C:\Windows\System32\Wbem;C:\Windows\System32\WindowsPowerShell\v1.0\;C:\Windows\System32\OpenSSH\;C:\Program Files (x86)\NVIDIA Corporation\PhysX\Common;C:\WINDOWS\system32;C:\WINDOWS;C:\WINDOWS\System32\Wbem;C:\WINDOWS\System32\WindowsPowerShell\v1.0\;C:\WINDOWS\System32\OpenSSH\;C:\Program Files\Java\jdk-19\bin;C:\Program Files\dotnet\;C:\Program Files\NVIDIA Corporation\NVIDIA NvDLISR;C:\Program Files\apache-maven-3.9.9-bin\apache-maven-3.9.9\bin;C:\Program Files\Git\cmd;C:\Program Files\Heroku\bin;C:\Program Files\RedHat\Podman\;C:\Program Files\PostgreSQL\15\bin;C:\Program Files\Docker\Docker\resources\bin;C:\Program Files\Kubernetes\Minikube;C:\Program Files\Go\bin;C:\Program Files\nodejs\;C:\Users\wayne\Downloads\helm-v4.0.0-beta.1-windows-amd64\windows-amd64\helm.exe;C:\Users\wayne\AppData\Local\Microsoft\WindowsApps;C:\Users\wayne\AppData\Local\Programs\Microsoft VS Code\bin;C:\Users\wayne\.dotnet\tools;C:\Users\wayne\AppData\Local\Programs\MiKTeX\miktex\bin\x64\;C:\Program Files\Java\jdk-21\bin;C:\Users\wayne\AppData\Local\Programs\Ollama;C:\Program Files\heroku\bin;C:\Users\wayne\AppData\Local\Coursier\data\bin;C:\Users\wayne\.deno\bin;C:\Users\wayne\go\bin;C:\Users\wayne\AppData\Roaming\npm;C:\Users\wayne\Downloads\protoc-33.0-win64;C:\Users\wayne\Downloads\stripe_1.32.0_windows_x86_64\stripe.exe;
USERNAME=wayne
OS=Windows_NT
PROCESSOR_IDENTIFIER=AMD64 Family 25 Model 80 Stepping 0, AuthenticAMD
TMP=C:\Users\wayne\AppData\Local\Temp
TEMP=C:\Users\wayne\AppData\Local\Temp




Periodic native trim disabled

---------------  S Y S T E M  ---------------

OS:
 Windows 11 , 64 bit Build 22621 (10.0.22621.3374)
OS uptime: 4 days 10:10 hours
Hyper-V role detected

CPU: total 12 (initial active 12) (12 cores per cpu, 2 threads per core) family 25 model 80 stepping 0 microcode 0x0, cx8, cmov, fxsr, ht, mmx, 3dnowpref, sse, sse2, sse3, ssse3, sse4a, sse4.1, sse4.2, popcnt, lzcnt, tsc, tscinvbit, avx, avx2, aes, erms, clmul, bmi1, bmi2, adx, sha, fma, vzeroupper, clflush, clflushopt, hv, rdtscp, rdpid, fsrm, f16c, cet_ss
Processor Information for the first 12 processors :
  Max Mhz: 3301, Current Mhz: 3301, Mhz Limit: 3301

Memory: 4k page, system-wide physical 14188M (1713M free)
TotalPageFile size 22655M (AvailPageFile size 4190M)
current process WorkingSet (physical memory assigned to process): 497M, peak: 514M
current process commit charge ("private bytes"): 544M, peak: 567M

vm_info: OpenJDK 64-Bit Server VM (23.0.1+11-39) for windows-amd64 JRE (23.0.1+11-39), built on 2024-09-30T07:20:43Z with MS VC++ 17.6 (VS2022)

END.
