#
# A fatal error has been detected by the Java Runtime Environment:
#
#  EXCEPTION_ACCESS_VIOLATION (0xc0000005) at pc=0x00007ff8387a2f58, pid=6100, tid=2676
#
# JRE version: OpenJDK Runtime Environment (23.0.1+11) (build 23.0.1+11-39)
# Java VM: OpenJDK 64-Bit Server VM (23.0.1+11-39, mixed mode, sharing, tiered, compressed oops, compressed class ptrs, g1 gc, windows-amd64)
# Problematic frame:
# C  [msvcp140.dll+0x12f58]
#
# No core dump will be written. Minidumps are not enabled by default on client versions of Windows
#
# If you would like to submit a bug report, please visit:
#   https://bugreport.java.com/bugreport/crash.jsp
# The crash happened outside the Java Virtual Machine in native code.
# See problematic frame for where to report the bug.
#

---------------  S U M M A R Y ------------

Command Line: --enable-native-access=ALL-UNNAMED -Dclassworlds.conf=C:\Users\wayne\.m2\wrapper\dists\apache-maven-3.9.11\03d7e36a140982eea48e22c1dcac01d8862b2550b2939e09a0809bbc5182a5bc\bin\m2.conf -Dmaven.home=C:\Users\wayne\.m2\wrapper\dists\apache-maven-3.9.11\03d7e36a140982eea48e22c1dcac01d8862b2550b2939e09a0809bbc5182a5bc -Dlibrary.jansi.path=C:\Users\wayne\.m2\wrapper\dists\apache-maven-3.9.11\03d7e36a140982eea48e22c1dcac01d8862b2550b2939e09a0809bbc5182a5bc\lib\jansi-native -Dmaven.multiModuleProjectDirectory=C:\Users\wayne\IdeaProjects\planyourshift.com\planyourshift-back org.codehaus.plexus.classworlds.launcher.Launcher -Didea.version=2025.2 -Dmaven.ext.class.path=C:\Program Files\JetBrains\IntelliJ IDEA 2025.2\plugins\maven\lib\maven-event-listener.jar -Djansi.passthrough=true -Dstyle.color=always install

Host: AMD Ryzen 5 5600H with Radeon Graphics         , 12 cores, 13G,  Windows 11 , 64 bit Build 22621 (10.0.22621.3374)
Time: Thu Nov 13 01:05:37 2025 Mauritius Standard Time elapsed time: 18.156327 seconds (0d 0h 0m 18s)

---------------  T H R E A D  ---------------

Current thread (0x0000022928aaf8a0):  JavaThread "main"             [_thread_in_native, id=2676, stack(0x000000b331500000,0x000000b331600000) (1024K)]

Stack: [0x000000b331500000,0x000000b331600000],  sp=0x000000b3315face0,  free space=1003k
Native frames: (J=compiled Java code, j=interpreted, Vv=VM code, C=native code)
C  [msvcp140.dll+0x12f58]  (no source info available)
C  [abseil_dll.dll+0x63ca5]  (no source info available)
C  [abseil_dll.dll+0x6bc81]  (no source info available)
C  [abseil_dll.dll+0x2094e]  (no source info available)
C  [ortools.dll+0x111e84]  (no source info available)
C  [ortools.dll+0x8f4d5d]  (no source info available)
C  [jniortools.dll+0xbde84]  (no source info available)
C  0x000002293871d207  (no source info available)

The last pc belongs to native method entry point (kind = native) (printed below).
Java frames: (J=compiled Java code, j=interpreted, Vv=VM code)
j  com.google.ortools.sat.mainJNI.SolveWrapper_solve(JLcom/google/ortools/sat/SolveWrapper;[B)[B+0
j  com.google.ortools.sat.SolveWrapper.solve(Lcom/google/ortools/sat/CpModelProto;)Lcom/google/ortools/sat/CpSolverResponse;+9
j  com.google.ortools.sat.CpSolver.solve(Lcom/google/ortools/sat/CpModel;Lcom/google/ortools/sat/CpSolverSolutionCallback;)Lcom/google/ortools/sat/CpSolverStatus;+75
j  com.google.ortools.sat.CpSolver.solve(Lcom/google/ortools/sat/CpModel;)Lcom/google/ortools/sat/CpSolverStatus;+3
j  com.planyourshift.service.SchedulingService.solveRoaster(Ljava/lang/String;)Ljava/util/List;+1615
j  com.planyourshift.IntegrationTests.testFlow()V+678
j  java.lang.invoke.LambdaForm$DMH+0x00000229491bc000.invokeVirtual(Ljava/lang/Object;Ljava/lang/Object;)V+10 java.base@23.0.1
j  java.lang.invoke.LambdaForm$MH+0x0000022949cf4000.invoke(Ljava/lang/Object;Ljava/lang/Object;)Ljava/lang/Object;+31 java.base@23.0.1
J 11853 c2 jdk.internal.reflect.DirectMethodHandleAccessor.invoke(Ljava/lang/Object;[Ljava/lang/Object;)Ljava/lang/Object; java.base@23.0.1 (92 bytes) @ 0x0000022938f9198c [0x0000022938f918a0+0x00000000000000ec]
j  java.lang.reflect.Method.invoke(Ljava/lang/Object;[Ljava/lang/Object;)Ljava/lang/Object;+102 java.base@23.0.1
j  org.junit.platform.commons.util.ReflectionUtils.invokeMethod(Ljava/lang/reflect/Method;Ljava/lang/Object;[Ljava/lang/Object;)Ljava/lang/Object;+42
j  org.junit.platform.commons.support.ReflectionSupport.invokeMethod(Ljava/lang/reflect/Method;Ljava/lang/Object;[Ljava/lang/Object;)Ljava/lang/Object;+3
j  org.junit.jupiter.engine.execution.MethodInvocation.proceed()Ljava/lang/Object;+16
j  org.junit.jupiter.engine.execution.InvocationInterceptorChain$ValidatingInvocation.proceed()Ljava/lang/Object;+8
j  org.junit.jupiter.engine.extension.TimeoutExtension.intercept(Lorg/junit/jupiter/api/extension/InvocationInterceptor$Invocation;Lorg/junit/jupiter/api/extension/ReflectiveInvocationContext;Lorg/junit/jupiter/api/extension/ExtensionContext;Lorg/junit/jupiter/engine/extension/TimeoutDuration;Lorg/junit/jupiter/engine/extension/TimeoutExtension$TimeoutProvider;)Ljava/lang/Object;+28
j  org.junit.jupiter.engine.extension.TimeoutExtension.interceptTestableMethod(Lorg/junit/jupiter/api/extension/InvocationInterceptor$Invocation;Lorg/junit/jupiter/api/extension/ReflectiveInvocationContext;Lorg/junit/jupiter/api/extension/ExtensionContext;Lorg/junit/jupiter/engine/extension/TimeoutExtension$TimeoutProvider;)Ljava/lang/Object;+31
j  org.junit.jupiter.engine.extension.TimeoutExtension.interceptTestMethod(Lorg/junit/jupiter/api/extension/InvocationInterceptor$Invocation;Lorg/junit/jupiter/api/extension/ReflectiveInvocationContext;Lorg/junit/jupiter/api/extension/ExtensionContext;)V+9
j  org.junit.jupiter.engine.descriptor.TestMethodTestDescriptor$$Lambda+0x000002294943a490.apply(Lorg/junit/jupiter/api/extension/InvocationInterceptor;Lorg/junit/jupiter/api/extension/InvocationInterceptor$Invocation;Lorg/junit/jupiter/api/extension/ReflectiveInvocationContext;Lorg/junit/jupiter/api/extension/ExtensionContext;)V+5
j  org.junit.jupiter.engine.execution.InterceptingExecutableInvoker$ReflectiveInterceptorCall.lambda$ofVoidMethod$0(Lorg/junit/jupiter/engine/execution/InterceptingExecutableInvoker$ReflectiveInterceptorCall$VoidMethodInterceptorCall;Lorg/junit/jupiter/api/extension/InvocationInterceptor;Lorg/junit/jupiter/api/extension/InvocationInterceptor$Invocation;Lorg/junit/jupiter/api/extension/ReflectiveInvocationContext;Lorg/junit/jupiter/api/extension/ExtensionContext;)Ljava/lang/Void;+6
j  org.junit.jupiter.engine.execution.InterceptingExecutableInvoker$ReflectiveInterceptorCall$$Lambda+0x000002294943a8b0.apply(Lorg/junit/jupiter/api/extension/InvocationInterceptor;Lorg/junit/jupiter/api/extension/InvocationInterceptor$Invocation;Lorg/junit/jupiter/api/extension/ReflectiveInvocationContext;Lorg/junit/jupiter/api/extension/ExtensionContext;)Ljava/lang/Object;+9
j  org.junit.jupiter.engine.execution.InterceptingExecutableInvoker.lambda$invoke$0(Lorg/junit/jupiter/engine/execution/InterceptingExecutableInvoker$ReflectiveInterceptorCall;Lorg/junit/jupiter/api/extension/ReflectiveInvocationContext;Lorg/junit/jupiter/api/extension/ExtensionContext;Lorg/junit/jupiter/api/extension/InvocationInterceptor;Lorg/junit/jupiter/api/extension/InvocationInterceptor$Invocation;)Ljava/lang/Object;+6
j  org.junit.jupiter.engine.execution.InterceptingExecutableInvoker$$Lambda+0x0000022949f096a8.apply(Lorg/junit/jupiter/api/extension/InvocationInterceptor;Lorg/junit/jupiter/api/extension/InvocationInterceptor$Invocation;)Ljava/lang/Object;+14
j  org.junit.jupiter.engine.execution.InvocationInterceptorChain$InterceptedInvocation.proceed()Ljava/lang/Object;+12
j  org.junit.jupiter.engine.execution.InvocationInterceptorChain.proceed(Lorg/junit/jupiter/api/extension/InvocationInterceptor$Invocation;)Ljava/lang/Object;+1
j  org.junit.jupiter.engine.execution.InvocationInterceptorChain.chainAndInvoke(Lorg/junit/jupiter/api/extension/InvocationInterceptor$Invocation;Lorg/junit/jupiter/engine/execution/InvocationInterceptorChain$InterceptorCall;Ljava/util/List;)Ljava/lang/Object;+24
j  org.junit.jupiter.engine.execution.InvocationInterceptorChain.invoke(Lorg/junit/jupiter/api/extension/InvocationInterceptor$Invocation;Lorg/junit/jupiter/engine/extension/ExtensionRegistry;Lorg/junit/jupiter/engine/execution/InvocationInterceptorChain$InterceptorCall;)Ljava/lang/Object;+31
j  org.junit.jupiter.engine.execution.InterceptingExecutableInvoker.invoke(Lorg/junit/jupiter/api/extension/InvocationInterceptor$Invocation;Lorg/junit/jupiter/api/extension/ReflectiveInvocationContext;Lorg/junit/jupiter/api/extension/ExtensionContext;Lorg/junit/jupiter/engine/extension/ExtensionRegistry;Lorg/junit/jupiter/engine/execution/InterceptingExecutableInvoker$ReflectiveInterceptorCall;)Ljava/lang/Object;+15
j  org.junit.jupiter.engine.execution.InterceptingExecutableInvoker.invoke(Ljava/lang/reflect/Method;Ljava/lang/Object;Lorg/junit/jupiter/api/extension/ExtensionContext;Lorg/junit/jupiter/engine/extension/ExtensionRegistry;Lorg/junit/jupiter/engine/execution/InterceptingExecutableInvoker$ReflectiveInterceptorCall;)Ljava/lang/Object;+55
j  org.junit.jupiter.engine.descriptor.TestMethodTestDescriptor.lambda$invokeTestMethod$7(Lorg/junit/jupiter/api/extension/ExtensionContext;Lorg/junit/jupiter/engine/execution/JupiterEngineExecutionContext;)V+28
j  org.junit.jupiter.engine.descriptor.TestMethodTestDescriptor$$Lambda+0x0000022949f35d60.execute()V+12
j  org.junit.platform.engine.support.hierarchical.ThrowableCollector.execute(Lorg/junit/platform/engine/support/hierarchical/ThrowableCollector$Executable;)V+1
j  org.junit.jupiter.engine.descriptor.TestMethodTestDescriptor.invokeTestMethod(Lorg/junit/jupiter/engine/execution/JupiterEngineExecutionContext;Lorg/junit/platform/engine/support/hierarchical/Node$DynamicTestExecutor;)V+21
j  org.junit.jupiter.engine.descriptor.TestMethodTestDescriptor.execute(Lorg/junit/jupiter/engine/execution/JupiterEngineExecutionContext;Lorg/junit/platform/engine/support/hierarchical/Node$DynamicTestExecutor;)Lorg/junit/jupiter/engine/execution/JupiterEngineExecutionContext;+44
j  org.junit.jupiter.engine.descriptor.TestMethodTestDescriptor.execute(Lorg/junit/platform/engine/support/hierarchical/EngineExecutionContext;Lorg/junit/platform/engine/support/hierarchical/Node$DynamicTestExecutor;)Lorg/junit/platform/engine/support/hierarchical/EngineExecutionContext;+6
j  org.junit.platform.engine.support.hierarchical.NodeTestTask.lambda$executeRecursively$6()V+79
j  org.junit.platform.engine.support.hierarchical.NodeTestTask$$Lambda+0x000002294945f5d8.execute()V+4
j  org.junit.platform.engine.support.hierarchical.ThrowableCollector.execute(Lorg/junit/platform/engine/support/hierarchical/ThrowableCollector$Executable;)V+1
j  org.junit.platform.engine.support.hierarchical.NodeTestTask.lambda$executeRecursively$8(Lorg/junit/platform/engine/support/hierarchical/EngineExecutionContext;)V+15
j  org.junit.platform.engine.support.hierarchical.NodeTestTask$$Lambda+0x000002294945f3b0.invoke(Lorg/junit/platform/engine/support/hierarchical/EngineExecutionContext;)V+5
j  org.junit.platform.engine.support.hierarchical.Node.around(Lorg/junit/platform/engine/support/hierarchical/EngineExecutionContext;Lorg/junit/platform/engine/support/hierarchical/Node$Invocation;)V+2
j  org.junit.platform.engine.support.hierarchical.NodeTestTask.lambda$executeRecursively$9()V+14
j  org.junit.platform.engine.support.hierarchical.NodeTestTask$$Lambda+0x000002294945ef88.execute()V+4
j  org.junit.platform.engine.support.hierarchical.ThrowableCollector.execute(Lorg/junit/platform/engine/support/hierarchical/ThrowableCollector$Executable;)V+1
j  org.junit.platform.engine.support.hierarchical.NodeTestTask.executeRecursively()V+31
j  org.junit.platform.engine.support.hierarchical.NodeTestTask.execute()V+55
j  org.junit.platform.engine.support.hierarchical.SameThreadHierarchicalTestExecutorService$$Lambda+0x000002294945d238.accept(Ljava/lang/Object;)V+4
j  java.util.ArrayList.forEach(Ljava/util/function/Consumer;)V+46 java.base@23.0.1
j  org.junit.platform.engine.support.hierarchical.SameThreadHierarchicalTestExecutorService.invokeAll(Ljava/util/List;)V+6
j  org.junit.platform.engine.support.hierarchical.NodeTestTask.lambda$executeRecursively$6()V+116
j  org.junit.platform.engine.support.hierarchical.NodeTestTask$$Lambda+0x000002294945f5d8.execute()V+4
j  org.junit.platform.engine.support.hierarchical.ThrowableCollector.execute(Lorg/junit/platform/engine/support/hierarchical/ThrowableCollector$Executable;)V+1
j  org.junit.platform.engine.support.hierarchical.NodeTestTask.lambda$executeRecursively$8(Lorg/junit/platform/engine/support/hierarchical/EngineExecutionContext;)V+15
j  org.junit.platform.engine.support.hierarchical.NodeTestTask$$Lambda+0x000002294945f3b0.invoke(Lorg/junit/platform/engine/support/hierarchical/EngineExecutionContext;)V+5
j  org.junit.platform.engine.support.hierarchical.Node.around(Lorg/junit/platform/engine/support/hierarchical/EngineExecutionContext;Lorg/junit/platform/engine/support/hierarchical/Node$Invocation;)V+2
j  org.junit.platform.engine.support.hierarchical.NodeTestTask.lambda$executeRecursively$9()V+14
j  org.junit.platform.engine.support.hierarchical.NodeTestTask$$Lambda+0x000002294945ef88.execute()V+4
j  org.junit.platform.engine.support.hierarchical.ThrowableCollector.execute(Lorg/junit/platform/engine/support/hierarchical/ThrowableCollector$Executable;)V+1
j  org.junit.platform.engine.support.hierarchical.NodeTestTask.executeRecursively()V+31
j  org.junit.platform.engine.support.hierarchical.NodeTestTask.execute()V+55
j  org.junit.platform.engine.support.hierarchical.SameThreadHierarchicalTestExecutorService$$Lambda+0x000002294945d238.accept(Ljava/lang/Object;)V+4
j  java.util.ArrayList.forEach(Ljava/util/function/Consumer;)V+46 java.base@23.0.1
j  org.junit.platform.engine.support.hierarchical.SameThreadHierarchicalTestExecutorService.invokeAll(Ljava/util/List;)V+6
j  org.junit.platform.engine.support.hierarchical.NodeTestTask.lambda$executeRecursively$6()V+116
j  org.junit.platform.engine.support.hierarchical.NodeTestTask$$Lambda+0x000002294945f5d8.execute()V+4
j  org.junit.platform.engine.support.hierarchical.ThrowableCollector.execute(Lorg/junit/platform/engine/support/hierarchical/ThrowableCollector$Executable;)V+1
j  org.junit.platform.engine.support.hierarchical.NodeTestTask.lambda$executeRecursively$8(Lorg/junit/platform/engine/support/hierarchical/EngineExecutionContext;)V+15
j  org.junit.platform.engine.support.hierarchical.NodeTestTask$$Lambda+0x000002294945f3b0.invoke(Lorg/junit/platform/engine/support/hierarchical/EngineExecutionContext;)V+5
j  org.junit.platform.engine.support.hierarchical.Node.around(Lorg/junit/platform/engine/support/hierarchical/EngineExecutionContext;Lorg/junit/platform/engine/support/hierarchical/Node$Invocation;)V+2
j  org.junit.platform.engine.support.hierarchical.NodeTestTask.lambda$executeRecursively$9()V+14
j  org.junit.platform.engine.support.hierarchical.NodeTestTask$$Lambda+0x000002294945ef88.execute()V+4
j  org.junit.platform.engine.support.hierarchical.ThrowableCollector.execute(Lorg/junit/platform/engine/support/hierarchical/ThrowableCollector$Executable;)V+1
j  org.junit.platform.engine.support.hierarchical.NodeTestTask.executeRecursively()V+31
j  org.junit.platform.engine.support.hierarchical.NodeTestTask.execute()V+55
j  org.junit.platform.engine.support.hierarchical.SameThreadHierarchicalTestExecutorService.submit(Lorg/junit/platform/engine/support/hierarchical/HierarchicalTestExecutorService$TestTask;)Ljava/util/concurrent/Future;+1
j  org.junit.platform.engine.support.hierarchical.HierarchicalTestExecutor.execute()Ljava/util/concurrent/Future;+74
j  org.junit.platform.engine.support.hierarchical.HierarchicalTestEngine.execute(Lorg/junit/platform/engine/ExecutionRequest;)V+31
j  org.junit.platform.launcher.core.EngineExecutionOrchestrator.execute(Lorg/junit/platform/engine/TestDescriptor;Lorg/junit/platform/engine/EngineExecutionListener;Lorg/junit/platform/engine/ConfigurationParameters;Lorg/junit/platform/engine/TestEngine;Lorg/junit/platform/engine/reporting/OutputDirectoryProvider;)V+22
j  org.junit.platform.launcher.core.EngineExecutionOrchestrator.execute(Lorg/junit/platform/launcher/core/LauncherDiscoveryResult;Lorg/junit/platform/engine/EngineExecutionListener;)V+119
j  org.junit.platform.launcher.core.EngineExecutionOrchestrator.execute(Lorg/junit/platform/launcher/core/InternalTestPlan;Lorg/junit/platform/engine/EngineExecutionListener;Lorg/junit/platform/launcher/TestExecutionListener;)V+55
j  org.junit.platform.launcher.core.EngineExecutionOrchestrator.lambda$execute$0(Lorg/junit/platform/launcher/core/InternalTestPlan;Lorg/junit/platform/launcher/TestExecutionListener;)V+6
j  org.junit.platform.launcher.core.EngineExecutionOrchestrator$$Lambda+0x000002294944ad48.accept(Ljava/lang/Object;)V+12
j  org.junit.platform.launcher.core.EngineExecutionOrchestrator.withInterceptedStreams(Lorg/junit/platform/engine/ConfigurationParameters;Lorg/junit/platform/launcher/core/ListenerRegistry;Ljava/util/function/Consumer;)V+51
j  org.junit.platform.launcher.core.EngineExecutionOrchestrator.execute(Lorg/junit/platform/launcher/core/InternalTestPlan;[Lorg/junit/platform/launcher/TestExecutionListener;)V+23
j  org.junit.platform.launcher.core.DefaultLauncher.execute(Lorg/junit/platform/launcher/core/InternalTestPlan;[Lorg/junit/platform/launcher/TestExecutionListener;)V+6
j  org.junit.platform.launcher.core.DefaultLauncher.execute(Lorg/junit/platform/launcher/LauncherDiscoveryRequest;[Lorg/junit/platform/launcher/TestExecutionListener;)V+34
j  org.junit.platform.launcher.core.DelegatingLauncher.execute(Lorg/junit/platform/launcher/LauncherDiscoveryRequest;[Lorg/junit/platform/launcher/TestExecutionListener;)V+6
j  org.junit.platform.launcher.core.InterceptingLauncher.lambda$execute$1(Lorg/junit/platform/launcher/LauncherDiscoveryRequest;[Lorg/junit/platform/launcher/TestExecutionListener;)Ljava/lang/Object;+3
j  org.junit.platform.launcher.core.InterceptingLauncher$$Lambda+0x000002294944ab20.proceed()Ljava/lang/Object;+12
j  org.junit.platform.launcher.core.ClasspathAlignmentCheckingLauncherInterceptor.intercept(Lorg/junit/platform/launcher/LauncherInterceptor$Invocation;)Ljava/lang/Object;+1
j  org.junit.platform.launcher.core.InterceptingLauncher.execute(Lorg/junit/platform/launcher/LauncherDiscoveryRequest;[Lorg/junit/platform/launcher/TestExecutionListener;)V+12
j  org.junit.platform.launcher.core.DelegatingLauncher.execute(Lorg/junit/platform/launcher/LauncherDiscoveryRequest;[Lorg/junit/platform/launcher/TestExecutionListener;)V+6
j  org.apache.maven.surefire.junitplatform.LauncherAdapter.executeWithoutCancellationToken(Lorg/junit/platform/launcher/LauncherDiscoveryRequest;[Lorg/junit/platform/launcher/TestExecutionListener;)V+6
j  org.apache.maven.surefire.junitplatform.LauncherAdapter.execute(Lorg/junit/platform/launcher/LauncherDiscoveryRequest;[Lorg/junit/platform/launcher/TestExecutionListener;)V+10
j  org.apache.maven.surefire.junitplatform.JUnitPlatformProvider.execute(Lorg/apache/maven/surefire/junitplatform/LauncherAdapter;Lorg/apache/maven/surefire/api/util/TestsToRun;Lorg/apache/maven/surefire/junitplatform/RunListenerAdapter;)V+61
j  org.apache.maven.surefire.junitplatform.JUnitPlatformProvider.invokeAllTests(Lorg/apache/maven/surefire/junitplatform/LauncherAdapter;Lorg/apache/maven/surefire/api/util/TestsToRun;Lorg/apache/maven/surefire/junitplatform/RunListenerAdapter;)V+36
j  org.apache.maven.surefire.junitplatform.JUnitPlatformProvider.invoke(Ljava/lang/Object;)Lorg/apache/maven/surefire/api/suite/RunResult;+144
j  java.lang.invoke.LambdaForm$DMH+0x00000229491dc800.invokeVirtual(Ljava/lang/Object;Ljava/lang/Object;Ljava/lang/Object;)Ljava/lang/Object;+11 java.base@23.0.1
j  java.lang.invoke.LambdaForm$MH+0x0000022949174800.invoke(Ljava/lang/Object;Ljava/lang/Object;Ljava/lang/Object;)Ljava/lang/Object;+34 java.base@23.0.1
J 4193 c1 jdk.internal.reflect.DirectMethodHandleAccessor.invoke(Ljava/lang/Object;[Ljava/lang/Object;)Ljava/lang/Object; java.base@23.0.1 (92 bytes) @ 0x00000229317ff7f4 [0x00000229317fe0c0+0x0000000000001734]
J 5252 c1 java.lang.reflect.Method.invoke(Ljava/lang/Object;[Ljava/lang/Object;)Ljava/lang/Object; java.base@23.0.1 (108 bytes) @ 0x0000022931a1bc2c [0x0000022931a1b720+0x000000000000050c]
j  org.apache.maven.surefire.api.util.ReflectionUtils.invokeMethodWithArray2(Ljava/lang/Object;Ljava/lang/reflect/Method;[Ljava/lang/Object;)Ljava/lang/Object;+3
j  org.apache.maven.surefire.booter.ProviderFactory$ProviderProxy.invoke(Ljava/lang/Object;)Lorg/apache/maven/surefire/api/suite/RunResult;+38
j  org.apache.maven.surefire.booter.ProviderFactory.invokeProvider(Ljava/lang/Object;Ljava/lang/ClassLoader;Ljava/lang/Object;Lorg/apache/maven/surefire/booter/ProviderConfiguration;ZLorg/apache/maven/surefire/booter/StartupConfiguration;Z)Lorg/apache/maven/surefire/api/suite/RunResult;+28
j  org.apache.maven.plugin.surefire.InPluginVMSurefireStarter.runSuitesInProcess(Lorg/apache/maven/surefire/api/util/DefaultScanResult;)Lorg/apache/maven/surefire/api/suite/RunResult;+102
j  org.apache.maven.plugin.surefire.AbstractSurefireMojo.executeProvider(Lorg/apache/maven/surefire/providerapi/ProviderInfo;Lorg/apache/maven/surefire/api/util/DefaultScanResult;Lorg/apache/maven/plugin/surefire/TestClassPath;Lorg/apache/maven/plugin/surefire/booterclient/Platform;Lorg/apache/maven/plugin/surefire/ResolvePathResultWrapper;)Lorg/apache/maven/surefire/api/suite/RunResult;+130
j  org.apache.maven.plugin.surefire.AbstractSurefireMojo.executeAfterPreconditionsChecked(Lorg/apache/maven/surefire/api/util/DefaultScanResult;Lorg/apache/maven/plugin/surefire/booterclient/Platform;)V+74
j  org.apache.maven.plugin.surefire.AbstractSurefireMojo.execute()V+216
j  org.apache.maven.plugin.DefaultBuildPluginManager.executeMojo(Lorg/apache/maven/execution/MavenSession;Lorg/apache/maven/plugin/MojoExecution;)V+152
j  org.apache.maven.lifecycle.internal.MojoExecutor.doExecute2(Lorg/apache/maven/execution/MavenSession;Lorg/apache/maven/plugin/MojoExecution;)V+20
j  org.apache.maven.lifecycle.internal.MojoExecutor.doExecute(Lorg/apache/maven/execution/MavenSession;Lorg/apache/maven/plugin/MojoExecution;Lorg/apache/maven/lifecycle/internal/ProjectIndex;Lorg/apache/maven/lifecycle/internal/DependencyContext;)V+40
j  org.apache.maven.lifecycle.internal.MojoExecutor.execute(Lorg/apache/maven/execution/MavenSession;Lorg/apache/maven/plugin/MojoExecution;Lorg/apache/maven/lifecycle/internal/ProjectIndex;Lorg/apache/maven/lifecycle/internal/DependencyContext;)V+183
j  org.apache.maven.lifecycle.internal.MojoExecutor.execute(Lorg/apache/maven/execution/MavenSession;Lorg/apache/maven/plugin/MojoExecution;Lorg/apache/maven/lifecycle/internal/ProjectIndex;Lorg/apache/maven/lifecycle/internal/DependencyContext;Lorg/apache/maven/lifecycle/internal/PhaseRecorder;)V+6
j  org.apache.maven.lifecycle.internal.MojoExecutor.access$000(Lorg/apache/maven/lifecycle/internal/MojoExecutor;Lorg/apache/maven/execution/MavenSession;Lorg/apache/maven/plugin/MojoExecution;Lorg/apache/maven/lifecycle/internal/ProjectIndex;Lorg/apache/maven/lifecycle/internal/DependencyContext;Lorg/apache/maven/lifecycle/internal/PhaseRecorder;)V+8
j  org.apache.maven.lifecycle.internal.MojoExecutor$1.run(Lorg/apache/maven/plugin/MojoExecution;)V+21
j  org.apache.maven.plugin.DefaultMojosExecutionStrategy.execute(Ljava/util/List;Lorg/apache/maven/execution/MavenSession;Lorg/apache/maven/plugin/MojoExecutionRunner;)V+33
j  org.apache.maven.lifecycle.internal.MojoExecutor.execute(Lorg/apache/maven/execution/MavenSession;Ljava/util/List;Lorg/apache/maven/lifecycle/internal/ProjectIndex;)V+72
j  org.apache.maven.lifecycle.internal.LifecycleModuleBuilder.buildProject(Lorg/apache/maven/execution/MavenSession;Lorg/apache/maven/execution/MavenSession;Lorg/apache/maven/lifecycle/internal/ReactorContext;Lorg/apache/maven/project/MavenProject;Lorg/apache/maven/lifecycle/internal/TaskSegment;)V+151
j  org.apache.maven.lifecycle.internal.LifecycleModuleBuilder.buildProject(Lorg/apache/maven/execution/MavenSession;Lorg/apache/maven/lifecycle/internal/ReactorContext;Lorg/apache/maven/project/MavenProject;Lorg/apache/maven/lifecycle/internal/TaskSegment;)V+7
j  org.apache.maven.lifecycle.internal.builder.singlethreaded.SingleThreadedBuilder.build(Lorg/apache/maven/execution/MavenSession;Lorg/apache/maven/lifecycle/internal/ReactorContext;Lorg/apache/maven/lifecycle/internal/ProjectBuildList;Ljava/util/List;Lorg/apache/maven/lifecycle/internal/ReactorBuildStatus;)V+77
j  org.apache.maven.lifecycle.internal.LifecycleStarter.execute(Lorg/apache/maven/execution/MavenSession;)V+343
j  org.apache.maven.DefaultMaven.doExecute(Lorg/apache/maven/execution/MavenExecutionRequest;Lorg/apache/maven/execution/MavenSession;Lorg/apache/maven/execution/MavenExecutionResult;Lorg/eclipse/aether/DefaultRepositorySystemSession;)Lorg/apache/maven/execution/MavenExecutionResult;+418
j  org.apache.maven.DefaultMaven.doExecute(Lorg/apache/maven/execution/MavenExecutionRequest;)Lorg/apache/maven/execution/MavenExecutionResult;+98
j  org.apache.maven.DefaultMaven.execute(Lorg/apache/maven/execution/MavenExecutionRequest;)Lorg/apache/maven/execution/MavenExecutionResult;+2
j  org.apache.maven.cli.MavenCli.execute(Lorg/apache/maven/cli/CliRequest;)I+27
j  org.apache.maven.cli.MavenCli.doMain(Lorg/apache/maven/cli/CliRequest;)I+66
j  org.apache.maven.cli.MavenCli.main([Ljava/lang/String;Lorg/codehaus/plexus/classworlds/ClassWorld;)I+24
j  java.lang.invoke.DirectMethodHandle$Holder.invokeStatic(Ljava/lang/Object;Ljava/lang/Object;Ljava/lang/Object;)I+11 java.base@23.0.1
j  java.lang.invoke.LambdaForm$MH+0x0000022949009400.invoke(Ljava/lang/Object;Ljava/lang/Object;Ljava/lang/Object;Ljava/lang/Object;)Ljava/lang/Object;+54 java.base@23.0.1
j  java.lang.invoke.LambdaForm$MH+0x0000022949009800.invokeExact_MT(Ljava/lang/Object;Ljava/lang/Object;Ljava/lang/Object;Ljava/lang/Object;Ljava/lang/Object;)Ljava/lang/Object;+22 java.base@23.0.1
j  jdk.internal.reflect.DirectMethodHandleAccessor.invokeImpl(Ljava/lang/Object;[Ljava/lang/Object;)Ljava/lang/Object;+72 java.base@23.0.1
j  jdk.internal.reflect.DirectMethodHandleAccessor.invoke(Ljava/lang/Object;[Ljava/lang/Object;)Ljava/lang/Object;+23 java.base@23.0.1
j  java.lang.reflect.Method.invoke(Ljava/lang/Object;[Ljava/lang/Object;)Ljava/lang/Object;+102 java.base@23.0.1
j  org.codehaus.plexus.classworlds.launcher.Launcher.launchEnhanced([Ljava/lang/String;)V+45
j  org.codehaus.plexus.classworlds.launcher.Launcher.launch([Ljava/lang/String;)V+2
j  org.codehaus.plexus.classworlds.launcher.Launcher.mainWithExitCode([Ljava/lang/String;)I+108
j  org.codehaus.plexus.classworlds.launcher.Launcher.main([Ljava/lang/String;)V+1
v  ~StubRoutines::call_stub 0x0000022938710fcd

siginfo: EXCEPTION_ACCESS_VIOLATION (0xc0000005), reading address 0x0000000000000000


Registers:
RAX=0x0000000000000000, RBX=0x00000229996866a0, RCX=0x00000229994d24f8, RDX=0x0000000000000000
RSP=0x000000b3315face0, RBP=0x0000000000000000, RSI=0x00000229994d24f0, RDI=0x00000229994d24f0
R8 =0x00007ff80dec0c38, R9 =0x0000000000000058, R10=0x0000000000000040, R11=0x9802000007000200
R12=0x00000229996869d0, R13=0x000000b3315fae90, R14=0x0000000000000000, R15=0x00000229994d2538
RIP=0x00007ff8387a2f58, EFLAGS=0x0000000000010286


Register to memory mapping:

RAX=0x0 is null
RBX=0x00000229996866a0 points into unknown readable memory: 0x4d2f6e6169646e49 | 49 6e 64 69 61 6e 2f 4d
RCX=0x00000229994d24f8 points into unknown readable memory: 0x0000000000000000 | 00 00 00 00 00 00 00 00
RDX=0x0 is null
RSP=0x000000b3315face0 is pointing into the stack for thread: 0x0000022928aaf8a0
RBP=0x0 is null
RSI=0x00000229994d24f0 points into unknown readable memory: 0x0000000000000002 | 02 00 00 00 00 00 00 00
RDI=0x00000229994d24f0 points into unknown readable memory: 0x0000000000000002 | 02 00 00 00 00 00 00 00
R8 =0x00007ff80dec0c38 abseil_dll.dll
R9 =0x0000000000000058 is an unknown value
R10=0x0000000000000040 is an unknown value
R11=0x9802000007000200 is an unknown value
R12=0x00000229996869d0 points into unknown readable memory: 0x0000000000435455 | 55 54 43 00 00 00 00 00
R13=0x000000b3315fae90 is pointing into the stack for thread: 0x0000022928aaf8a0
R14=0x0 is null
R15=0x00000229994d2538 points into unknown readable memory: 0x00000000ffffffff | ff ff ff ff 00 00 00 00

Top of Stack: (sp=0x000000b3315face0)
0x000000b3315face0:   0000000000000000 0000000000000000
0x000000b3315facf0:   0000022928aaf8a0 00000229996866a0
0x000000b3315fad00:   00000229996866a0 00007ff80de53fe6
0x000000b3315fad10:   00008a3bf1d84a3c 000000b3315fae00
0x000000b3315fad20:   000000b3315fae00 0000022928aafc60
0x000000b3315fad30:   00000229994d24f0 00007ff80de53ca5
0x000000b3315fad40:   000000b3315fae90 00000229996866a0
0x000000b3315fad50:   00000229996866a0 000000b3315fae90
0x000000b3315fad60:   0000000000000020 0000000000000000
0x000000b3315fad70:   000000b3315faf50 00007ff851288c39
0x000000b3315fad80:   0000022928aaf8a0 0000022928aafc60
0x000000b3315fad90:   00000229971ed2d8 0000000000000000
0x000000b3315fada0:   00000229996866a0 000000b3315fae90
0x000000b3315fadb0:   0000000000000000 00007ff80de5bc81
0x000000b3315fadc0:   00000229996866a0 000000b3315fae90
0x000000b3315fadd0:   0000000000000000 00000229996869d0
0x000000b3315fade0:   0000000000000000 00007ff85380be70
0x000000b3315fadf0:   0000000000000000 0000000000000000
0x000000b3315fae00:   00000229996868e0 0000000000000000
0x000000b3315fae10:   0000000000000010 000000000000001f
0x000000b3315fae20:   00000229996866a0 0000000000000000
0x000000b3315fae30:   0000000000000010 000000000000001f
0x000000b3315fae40:   0000bb76c32bd390 010a0a6201ffffff
0x000000b3315fae50:   000000b3315faf50 00007ff80de1094e
0x000000b3315fae60:   000000b3315faee0 00007fffde70be30
0x000000b3315fae70:   0000022992e26c50 000000b3315fb110
0x000000b3315fae80:   00007fffde70be30 00007fffdc971e84
0x000000b3315fae90:   0000000000000000 0000000000000000
0x000000b3315faea0:   00000229918d1490 00007ff85380ab11
0x000000b3315faeb0:   00000229918d1480 0000022926820000
0x000000b3315faec0:   00007fffde70be30 0000000000000004
0x000000b3315faed0:   0000022992e26c50 00007fffdd154d5d 

Instructions: (pc=0x00007ff8387a2f58)
0x00007ff8387a2e58:   cc cc cc cc cc cc cc cc 40 53 48 83 ec 30 48 8d
0x00007ff8387a2e68:   41 08 4d 8b c8 4c 8b c2 48 89 44 24 28 83 64 24
0x00007ff8387a2e78:   20 00 48 8b d9 33 d2 33 c9 ff 15 31 36 04 00 48
0x00007ff8387a2e88:   89 03 48 f7 d8 1b c0 f7 d0 83 e0 04 48 83 c4 30
0x00007ff8387a2e98:   5b c3 cc cc cc cc cc cc 48 ff 25 59 33 04 00 cc
0x00007ff8387a2ea8:   cc cc cc cc cc cc cc cc 48 83 c1 08 48 ff 25 95
0x00007ff8387a2eb8:   31 04 00 cc 48 89 5c 24 18 48 89 74 24 20 57 41
0x00007ff8387a2ec8:   56 41 57 48 83 ec 40 48 8b 05 82 14 07 00 48 33
0x00007ff8387a2ed8:   c4 48 89 44 24 30 8b 01 4c 8b f2 0f ba f0 08 48
0x00007ff8387a2ee8:   8b f1 83 f8 01 75 4a ff 15 03 33 04 00 39 46 48
0x00007ff8387a2ef8:   74 19 48 8d 4e 08 48 8b 01 48 8b 00 ff 15 a6 37
0x00007ff8387a2f08:   04 00 ff 15 e8 32 04 00 89 46 48 ff 46 4c 33 c0
0x00007ff8387a2f18:   48 8b 4c 24 30 48 33 cc e8 3b fd 03 00 48 8b 5c
0x00007ff8387a2f28:   24 70 48 8b 74 24 78 48 83 c4 40 41 5f 41 5e 5f
0x00007ff8387a2f38:   c3 4d 85 f6 75 28 4c 8d 79 48 ff 15 b0 32 04 00
0x00007ff8387a2f48:   41 39 07 0f 84 ad 00 00 00 48 8d 4e 08 48 8b 01
0x00007ff8387a2f58:   48 8b 00 ff 15 4f 37 04 00 e9 98 00 00 00 48 83
0x00007ff8387a2f68:   3a 00 7c 6e 75 06 83 7a 08 00 7e 66 ba 01 00 00
0x00007ff8387a2f78:   00 48 8d 4c 24 20 e8 ed 08 00 00 48 8b 44 24 20
0x00007ff8387a2f88:   49 3b 06 7c 14 0f 85 b3 00 00 00 41 8b 46 08 39
0x00007ff8387a2f98:   44 24 28 0f 8d a5 00 00 00 4c 8d 7e 48 ff 15 4d
0x00007ff8387a2fa8:   32 04 00 41 39 07 74 4e 48 8b 46 08 48 8d 54 24
0x00007ff8387a2fb8:   20 49 8b ce 48 8b 58 10 e8 ab 07 00 00 8b d0 48
0x00007ff8387a2fc8:   8d 4e 08 48 8b c3 ff 15 dc 36 04 00 84 c0 74 9c
0x00007ff8387a2fd8:   eb 24 4c 8d 79 48 ff 15 14 32 04 00 41 39 07 74
0x00007ff8387a2fe8:   15 48 8d 4e 08 48 8b 01 48 8b 40 08 ff 15 b6 36
0x00007ff8387a2ff8:   04 00 84 c0 74 48 8b 4e 4c 33 db bf 02 01 00 00
0x00007ff8387a3008:   8d 41 01 89 46 4c 83 f8 01 7e 0f f7 06 00 01 00
0x00007ff8387a3018:   00 75 10 89 4e 4c 8b df eb 09 ff 15 d0 31 04 00
0x00007ff8387a3028:   41 89 07 85 db 0f 84 e3 fe ff ff 3b df 74 0a b8
0x00007ff8387a3038:   04 00 00 00 e9 d7 fe ff ff 4d 85 f6 74 20 49 83
0x00007ff8387a3048:   3e 00 75 10 41 8b 46 08 f7 d8 1b c0 83 c0 03 e9 


Stack slot to memory mapping:

stack at sp + 0 slots: 0x0 is null
stack at sp + 1 slots: 0x0 is null
stack at sp + 2 slots: 0x0000022928aaf8a0 is a thread
stack at sp + 3 slots: 0x00000229996866a0 points into unknown readable memory: 0x4d2f6e6169646e49 | 49 6e 64 69 61 6e 2f 4d
stack at sp + 4 slots: 0x00000229996866a0 points into unknown readable memory: 0x4d2f6e6169646e49 | 49 6e 64 69 61 6e 2f 4d
stack at sp + 5 slots: 0x00007ff80de53fe6 abseil_dll.dll
stack at sp + 6 slots: 0x00008a3bf1d84a3c is an unknown value
stack at sp + 7 slots: 0x000000b3315fae00 is pointing into the stack for thread: 0x0000022928aaf8a0

Lock stack of current Java thread (top to bottom):

native method entry point (kind = native)  [0x000002293871cde0, 0x000002293871d938]  2904 bytes
[MachCode]
  0x000002293871cde0: 488b 4b08 | 0fb7 492e | 584c 8d74 | ccf8 6800 | 0000 0068 | 0000 0000 | 5055 488b | ec41 5568 
  0x000002293871ce00: 0000 0000 | 4c8b 6b08 | 4d8d 6d38 | 5348 8b53 | 0848 8b52 | 0848 8b52 | 1848 8b52 | 7048 8b12 
  0x000002293871ce20: 5248 8b53 | 1048 85d2 | 0f84 0700 | 0000 4881 | c210 0100 | 0052 488b | 5308 488b | 5208 488b 
  0x000002293871ce40: 5210 5249 | 8bc6 482b | c548 c1e8 | 0350 6800 | 0000 0068 | f7ff ffff | 41c6 8771 | 0400 0001 
  0x000002293871ce60: 488b 4310 | 4885 c074 | 208b 88cc | 0000 0083 | c102 8988 | cc00 0000 | 2388 e000 | 0000 0f84 
  0x000002293871ce80: 000a 0000 | e9cf 0000 | 0048 8b43 | 1848 85c0 | 0f85 b000 | 0000 e805 | 0000 00e9 | 9900 0000 
  0x000002293871cea0: 488b d348 | 8d44 2408 | 4c89 6dc0 | 498b cfc5 | f877 4989 | afb0 0300 | 0049 8987 | a003 0000 
  0x000002293871cec0: 4883 ec20 | 40f6 c40f | 0f84 1900 | 0000 4883 | ec08 48b8 | 9026 86f8 | ff7f 0000 | ffd0 4883 
  0x000002293871cee0: c408 e90c | 0000 0048 | b890 2686 | f8ff 7f00 | 00ff d048 | 83c4 2049 | c787 a003 | 0000 0000 
  0x000002293871cf00: 0000 49c7 | 87b0 0300 | 0000 0000 | 0049 c787 | a803 0000 | 0000 0000 | c5f8 7749 | 837f 0800 
  0x000002293871cf20: 0f84 0500 | 0000 e995 | 3fff ff4c | 8b6d c04c | 8b75 c84e | 8d74 f500 | c348 8b43 | 1848 85c0 
  0x000002293871cf40: 0f84 1200 | 0000 8b48 | 0883 c102 | 8948 0823 | 481c 0f84 | 2c09 0000 | 493b a7e8 | 0400 000f 
  0x000002293871cf60: 8748 0000 | 0089 8424 | 00f0 ffff | 8984 2400 | e0ff ff89 | 8424 00d0 | ffff 8984 | 2400 c0ff 
  0x000002293871cf80: ff89 8424 | 00b0 ffff | 8984 2400 | a0ff ff89 | 8424 0090 | ffff 8984 | 2400 80ff | ff49 3ba7 
  0x000002293871cfa0: e004 0000 | 7607 4989 | a7e8 0400 | 0041 c687 | 7104 0000 | 0049 ba41 | ad0d f9ff | 7f00 0041 
  0x000002293871cfc0: 803a 000f | 843e 0000 | 0048 8b55 | e849 8bcf | 4883 ec20 | 40f6 c40f | 0f84 1900 | 0000 4883 
  0x000002293871cfe0: ec08 48b8 | 10ee bdf8 | ff7f 0000 | ffd0 4883 | c408 e90c | 0000 0048 | b810 eebd | f8ff 7f00 
  0x000002293871d000: 00ff d048 | 83c4 2048 | 8b5d e84c | 8b5b 0845 | 0fb7 5b2e | 41c1 e303 | 492b e348 | 83ec 2048 
  0x000002293871d020: 83e4 f04c | 8b5b 604d | 85db 0f85 | ab00 0000 | e805 0000 | 00e9 9900 | 0000 488b | d348 8d44 
  0x000002293871d040: 2408 4c89 | 6dc0 498b | cfc5 f877 | 4989 afb0 | 0300 0049 | 8987 a003 | 0000 4883 | ec20 40f6 
  0x000002293871d060: c40f 0f84 | 1900 0000 | 4883 ec08 | 48b8 f04d | 86f8 ff7f | 0000 ffd0 | 4883 c408 | e90c 0000 
  0x000002293871d080: 0048 b8f0 | 4d86 f8ff | 7f00 00ff | d048 83c4 | 2049 c787 | a003 0000 | 0000 0000 | 49c7 87b0 
  0x000002293871d0a0: 0300 0000 | 0000 0049 | c787 a803 | 0000 0000 | 0000 c5f8 | 7749 837f | 0800 0f84 | 0500 0000 
  0x000002293871d0c0: e9fb 3dff | ff4c 8b6d | c04c 8b75 | c84e 8d74 | f500 c348 | 8b5d e84c | 8b5b 6041 | ffd3 488b 
  0x000002293871d0e0: 5de8 4889 | 4518 448b | 5b28 41f6 | c308 0f84 | 1b00 0000 | 4c8b 5b08 | 4d8b 5b08 | 4d8b 5b18 
  0x000002293871d100: 4d8b 5b70 | 4d8b 1b4c | 895d 1048 | 8d55 1048 | 8b43 5849 | ba60 3cbe | f8ff 7f00 | 0049 3bc2 
  0x000002293871d120: 0f85 ab00 | 0000 e805 | 0000 00e9 | 9900 0000 | 488b d348 | 8d44 2408 | 4c89 6dc0 | 498b cfc5 
  0x000002293871d140: f877 4989 | afb0 0300 | 0049 8987 | a003 0000 | 4883 ec20 | 40f6 c40f | 0f84 1900 | 0000 4883 
  0x000002293871d160: ec08 48b8 | f04d 86f8 | ff7f 0000 | ffd0 4883 | c408 e90c | 0000 0048 | b8f0 4d86 | f8ff 7f00 
  0x000002293871d180: 00ff d048 | 83c4 2049 | c787 a003 | 0000 0000 | 0000 49c7 | 87b0 0300 | 0000 0000 | 0049 c787 
  0x000002293871d1a0: a803 0000 | 0000 0000 | c5f8 7749 | 837f 0800 | 0f84 0500 | 0000 e905 | 3dff ff4c | 8b6d c04c 
  0x000002293871d1c0: 8b75 c84e | 8d74 f500 | c348 8b5d | e848 8b43 | 5849 8d8f | c003 0000 | c5f8 7749 | 89af b003 
  0x000002293871d1e0: 0000 49ba | d8d1 7138 | 2902 0000 | 4d89 97a8 | 0300 0049 | 89a7 a003 | 0000 41c7 | 8744 0400 
  0x000002293871d200: 0004 0000 | 00ff d0c5 | f877 4883 | ec10 c5fb | 1104 2448 | 83ec 1048 | 8904 2448 | c744 2408 
  0x000002293871d220: 0000 0000 | 41c7 8744 | 0400 0005 | 0000 00f0 | 8344 24c0 | 0049 3baf | 4804 0000 | 0f87 0e00 
  0x000002293871d240: 0000 4183 | bf40 0400 | 0000 0f84 | 2000 0000 | 498b cf4c | 8be4 4883 | ec20 4883 | e4f0 48b8 
  0x000002293871d260: 90a9 87f8 | ff7f 0000 | ffd0 498b | e44d 33e4 | 41c7 8744 | 0400 0008 | 0000 0049 | c787 a003 
  0x000002293871d280: 0000 0000 | 0000 49c7 | 87b0 0300 | 0000 0000 | 0049 c787 | a803 0000 | 0000 0000 | c5f8 774d 
  0x000002293871d2a0: 8b9f 3004 | 0000 41c7 | 8300 0100 | 0000 0000 | 0049 bbda | a571 3829 | 0200 004c | 3b5d 180f 
  0x000002293871d2c0: 8524 0200 | 0048 8b04 | 2448 83c4 | 1048 85c0 | 0f84 fe01 | 0000 a803 | 0f85 0800 | 0000 488b 
  0x000002293871d2e0: 00e9 ee01 | 0000 a801 | 0f85 0900 | 0000 488b | 40fe e9dd | 0100 0048 | 8b40 ff41 | 807f 3800 
  0x000002293871d300: 0f84 ce01 | 0000 4883 | f800 0f84 | c401 0000 | 4d8b 5f28 | 4983 fb00 | 0f84 1400 | 0000 4983 
  0x000002293871d320: eb08 4d89 | 5f28 4d03 | 5f30 4989 | 03e9 a201 | 0000 4881 | ecd0 0000 | 0048 8904 | 2448 894c 
  0x000002293871d340: 2408 4889 | 5424 1048 | 8974 2418 | 4889 7c24 | 204c 8944 | 2428 4c89 | 4c24 304c | 8954 2438 
  0x000002293871d360: 4c89 5c24 | 40c5 fb11 | 4424 50c5 | fb11 4c24 | 58c5 fb11 | 5424 60c5 | fb11 5c24 | 68c5 fb11 
  0x000002293871d380: 6424 70c5 | fb11 6c24 | 78c5 fb11 | b424 8000 | 0000 c5fb | 11bc 2488 | 0000 00c5 | 7b11 8424 
  0x000002293871d3a0: 9000 0000 | c57b 118c | 2498 0000 | 00c5 7b11 | 9424 a000 | 0000 c57b | 119c 24a8 | 0000 00c5 
  0x000002293871d3c0: 7b11 a424 | b000 0000 | c57b 11ac | 24b8 0000 | 00c5 7b11 | b424 c000 | 0000 c57b | 11bc 24c8 
  0x000002293871d3e0: 0000 0049 | 8bd7 488b | c848 83ec | 2040 f6c4 | 0f0f 8419 | 0000 0048 | 83ec 0848 | b8e0 077b 
  0x000002293871d400: f8ff 7f00 | 00ff d048 | 83c4 08e9 | 0c00 0000 | 48b8 e007 | 7bf8 ff7f | 0000 ffd0 | 4883 c420 
  0x000002293871d420: c57b 10bc | 24c8 0000 | 00c5 7b10 | b424 c000 | 0000 c57b | 10ac 24b8 | 0000 00c5 | 7b10 a424 
  0x000002293871d440: b000 0000 | c57b 109c | 24a8 0000 | 00c5 7b10 | 9424 a000 | 0000 c57b | 108c 2498 | 0000 00c5 
  0x000002293871d460: 7b10 8424 | 9000 0000 | c5fb 10bc | 2488 0000 | 00c5 fb10 | b424 8000 | 0000 c5fb | 106c 2478 
  0x000002293871d480: c5fb 1064 | 2470 c5fb | 105c 2468 | c5fb 1054 | 2460 c5fb | 104c 2458 | c5fb 1044 | 2450 4c8b 
  0x000002293871d4a0: 5c24 404c | 8b54 2438 | 4c8b 4c24 | 304c 8b44 | 2428 488b | 7c24 2048 | 8b74 2418 | 488b 5424 
  0x000002293871d4c0: 1048 8b4c | 2408 488b | 0424 4881 | c4d0 0000 | 00c5 f877 | 4889 4510 | 4883 ec10 | 4889 0424 
  0x000002293871d4e0: 48c7 4424 | 0800 0000 | 0041 83bf | c804 0000 | 020f 85bf | 0000 0048 | 81ec 8000 | 0000 4889 
  0x000002293871d500: 4424 7848 | 894c 2470 | 4889 5424 | 6848 895c | 2460 4889 | 6c24 5048 | 8974 2448 | 4889 7c24 
  0x000002293871d520: 404c 8944 | 2438 4c89 | 4c24 304c | 8954 2428 | 4c89 5c24 | 204c 8964 | 2418 4c89 | 6c24 104c 
  0x000002293871d540: 8974 2408 | 4c89 3c24 | 4c8b e448 | 83ec 2048 | 83e4 f048 | b8c0 22be | f8ff 7f00 | 00ff d049 
  0x000002293871d560: 8be4 4c8b | 3c24 4c8b | 7424 084c | 8b6c 2410 | 4c8b 6424 | 184c 8b5c | 2420 4c8b | 5424 284c 
  0x000002293871d580: 8b4c 2430 | 4c8b 4424 | 3848 8b7c | 2440 488b | 7424 4848 | 8b6c 2450 | 488b 5c24 | 6048 8b54 
  0x000002293871d5a0: 2468 488b | 4c24 7048 | 8b44 2478 | 4881 c480 | 0000 004d | 33e4 488b | 5de8 4c8b | 6b08 4d8d 
  0x000002293871d5c0: 6d38 4983 | 7f08 000f | 84bb 0000 | 00e8 0500 | 0000 e996 | 0000 0048 | 8d44 2408 | 4c89 6dc0 
  0x000002293871d5e0: 498b cfc5 | f877 4989 | afb0 0300 | 0049 8987 | a003 0000 | 4883 ec20 | 40f6 c40f | 0f84 1900 
  0x000002293871d600: 0000 4883 | ec08 48b8 | 006c 86f8 | ff7f 0000 | ffd0 4883 | c408 e90c | 0000 0048 | b800 6c86 
  0x000002293871d620: f8ff 7f00 | 00ff d048 | 83c4 2049 | c787 a003 | 0000 0000 | 0000 49c7 | 87b0 0300 | 0000 0000 
  0x000002293871d640: 0049 c787 | a803 0000 | 0000 0000 | c5f8 7749 | 837f 0800 | 0f84 0500 | 0000 e961 | 38ff ff4c 
  0x000002293871d660: 8b6d c04c | 8b75 c84e | 8d74 f500 | c348 b930 | d5e5 f8ff | 7f00 0048 | 83e4 f048 | b870 4aac 
  0x000002293871d680: f8ff 7f00 | 00ff d0f4 | 448b 5b28 | 41f6 c320 | 0f84 7901 | 0000 488d | 55a8 4c8b | 5a08 4d85 
  0x000002293871d6a0: db0f 85bb | 0000 00e8 | 0500 0000 | e996 0000 | 0048 8d44 | 2408 4c89 | 6dc0 498b | cfc5 f877 
  0x000002293871d6c0: 4989 afb0 | 0300 0049 | 8987 a003 | 0000 4883 | ec20 40f6 | c40f 0f84 | 1900 0000 | 4883 ec08 
  0x000002293871d6e0: 48b8 306b | 86f8 ff7f | 0000 ffd0 | 4883 c408 | e90c 0000 | 0048 b830 | 6b86 f8ff | 7f00 00ff 
  0x000002293871d700: d048 83c4 | 2049 c787 | a003 0000 | 0000 0000 | 49c7 87b0 | 0300 0000 | 0000 0049 | c787 a803 
  0x000002293871d720: 0000 0000 | 0000 c5f8 | 7749 837f | 0800 0f84 | 0500 0000 | e987 37ff | ff4c 8b6d | c04c 8b75 
  0x000002293871d740: c84e 8d74 | f500 c348 | b930 d5e5 | f8ff 7f00 | 0048 83e4 | f048 b870 | 4aac f8ff | 7f00 00ff 
  0x000002293871d760: d0f4 4c89 | 6dc0 4c8b | 4a08 48c7 | 4208 0000 | 0000 458b | 8718 0600 | 004f 3b4c | 07f8 0f85 
  0x000002293871d780: 4900 0000 | 4183 af18 | 0600 0008 | 4f3b 4c07 | f00f 842a | 0000 0049 | 8b01 a802 | 0f85 1200 
  0x000002293871d7a0: 0000 4c8b | c049 83c8 | 01f0 4d0f | b101 0f84 | 0d00 0000 | 4183 8718 | 0600 0008 | e90c 0000 
  0x000002293871d7c0: 0049 ff8f | 5005 0000 | e93e 0000 | 004c 894a | 0848 8bca | 4883 ec20 | 40f6 c40f | 0f84 1900 
  0x000002293871d7e0: 0000 4883 | ec08 48b8 | f03d 86f8 | ff7f 0000 | ffd0 4883 | c408 e90c | 0000 0048 | b8f0 3d86 
  0x000002293871d800: f8ff 7f00 | 00ff d048 | 83c4 204c | 8b6d c049 | ba41 ad0d | f9ff 7f00 | 0041 803a | 000f 843e 
  0x000002293871d820: 0000 0048 | 8b55 e849 | 8bcf 4883 | ec20 40f6 | c40f 0f84 | 1900 0000 | 4883 ec08 | 48b8 10ee 
  0x000002293871d840: bdf8 ff7f | 0000 ffd0 | 4883 c408 | e90c 0000 | 0048 b810 | eebd f8ff | 7f00 00ff | d048 83c4 
  0x000002293871d860: 2048 8b04 | 2448 83c4 | 10c5 fb10 | 0424 4883 | c410 4c8b | 5d18 41ff | d34c 8b5d | f8c9 5f49 
  0x000002293871d880: 8be3 ffe7 | ba00 0000 | 00e8 0500 | 0000 e996 | 0000 0048 | 8d44 2408 | 4c89 6dc0 | 498b cfc5 
  0x000002293871d8a0: f877 4989 | afb0 0300 | 0049 8987 | a003 0000 | 4883 ec20 | 40f6 c40f | 0f84 1900 | 0000 4883 
  0x000002293871d8c0: ec08 48b8 | a031 86f8 | ff7f 0000 | ffd0 4883 | c408 e90c | 0000 0048 | b8a0 3186 | f8ff 7f00 
  0x000002293871d8e0: 00ff d048 | 83c4 2049 | c787 a003 | 0000 0000 | 0000 49c7 | 87b0 0300 | 0000 0000 | 0049 c787 
  0x000002293871d900: a803 0000 | 0000 0000 | c5f8 7749 | 837f 0800 | 0f84 0500 | 0000 e9a5 | 35ff ff4c | 8b6d c04c 
  0x000002293871d920: 8b75 c84e | 8d74 f500 | c348 8b5d | e8e9 26f6 | ffff 660f | 1f44 0000 
[/MachCode]

Compiled method (c2) 18298 11853   !   4       jdk.internal.reflect.DirectMethodHandleAccessor::invoke (92 bytes)
 total in heap  [0x0000022938f91688,0x0000022938f92340] = 3256
 relocation     [0x0000022938f91760,0x0000022938f91898] = 312
 main code      [0x0000022938f918a0,0x0000022938f921e0] = 2368
 stub code      [0x0000022938f921e0,0x0000022938f92260] = 128
 oops           [0x0000022938f92260,0x0000022938f92290] = 48
 metadata       [0x0000022938f92290,0x0000022938f92340] = 176
 immutable data [0x000002299032cb30,0x000002299032d380] = 2128
 dependencies   [0x000002299032cb30,0x000002299032cb60] = 48
 nul chk table  [0x000002299032cb60,0x000002299032cbc0] = 96
 handler table  [0x000002299032cbc0,0x000002299032cce0] = 288
 scopes pcs     [0x000002299032cce0,0x000002299032cf80] = 672
 scopes data    [0x000002299032cf80,0x000002299032d380] = 1024

[Constant Pool (empty)]

[MachCode]
[Instructions begin]
  0x0000022938f918a0: 6690 448b | 5208 443b 

  0x0000022938f918a8: ;   {runtime_call ic_miss_stub}
  0x0000022938f918a8: 5008 0f85 | 30cc 7cff 
[Verified Entry Point]
  0x0000022938f918b0: 8984 2400 | 80ff ff55 | 4883 ec60 | 4181 7f20 | 0900 0000 | 0f85 0c09 | 0000 4c89 | 4c24 304c 
  0x0000022938f918d0: 8944 2440 | 4889 5424 | 3841 ba00 | 0200 0044 | 8552 1075 | 3545 8b50 | 0844 8b42 | 1448 be00 
  0x0000022938f918f0: 0000 4829 | 0200 0049 | 03f2 4c8b | 5670 498b | 2a4b 8b44 | c410 448b | 5014 4d63 | da4e 8b1c 
  0x0000022938f91910: 1e49 3bc3 | 0f85 8d00 | 0000 4d85 | c90f 8456 | 0100 0045 | 8b59 0c44 | 8b52 0c45 | 3bda 0f85 
  0x0000022938f91930: 6803 0000 | 448b 4a18 | 4585 d20f | 85bb 0000 | 0043 8b6c 

  0x0000022938f91944: ;   {oop(a 'java/lang/invoke/MethodType'{0x0000000722404590} = (Ljava/lang/Object;)Ljava/lang/Object;)}
  0x0000022938f91944: cc10 81fd | b208 48e4 | 0f85 7203 | 0000 478b | 5ccc 1445 | 85db 0f84 | 2503 0000 | 4b8d 2ccc 
  0x0000022938f91964: 473b 64dc | 1c75 1148 

  0x0000022938f9196c: ;   {static_call}
  0x0000022938f9196c: 8bd5 90e8 

  0x0000022938f91970: ; ImmutableOopMap {rbp=Oop [56]=Oop [64]=Oop }
                      ;*invokestatic maybeCustomize {reexecute=0 rethrow=0 return_oop=0}
                      ; - java.lang.invoke.Invokers::checkCustomized@19 (line 626)
                      ; - java.lang.invoke.Invokers$Holder::invokeExact_MT@14
                      ; - jdk.internal.reflect.DirectMethodHandleAccessor::invokeImpl@41 (line 153)
                      ; - jdk.internal.reflect.DirectMethodHandleAccessor::invoke@23 (line 103)
  0x0000022938f91970: 2cc4 d7ff 

  0x0000022938f91974: ;   {other}
  0x0000022938f91974: 0f1f 8400 | ec02 0000 | 488b d54c | 8b44 2440 

  0x0000022938f91984: ;   {optimized virtual_call}
  0x0000022938f91984: 6666 90e8 

  0x0000022938f91988: ; ImmutableOopMap {[56]=Oop }
                      ;*invokevirtual invokeBasic {reexecute=0 rethrow=0 return_oop=1}
                      ; - java.lang.invoke.Invokers$Holder::invokeExact_MT@19
                      ; - jdk.internal.reflect.DirectMethodHandleAccessor::invokeImpl@41 (line 153)
                      ; - jdk.internal.reflect.DirectMethodHandleAccessor::invoke@23 (line 103)
  0x0000022938f91988: 7498 d2ff 

  0x0000022938f9198c: ;   {other}
  0x0000022938f9198c: 0f1f 8400 | 0403 0001 | 4883 c460 

  0x0000022938f91998: ;   {poll_return}
  0x0000022938f91998: 5d49 3ba7 | 4804 0000 | 0f87 1a08 | 0000 c341 | 83fa 2075 | 2948 3bf0 | 0f84 64ff | ffff 488b 
  0x0000022938f919b8: 7e28 8b0f | 4883 c708 | 4885 c0f2 | 48af 0f85 | 0400 0000 | 4889 4620 | 0f84 44ff | ffff ba45 
  0x0000022938f919d8: ffff ff48 | 8b6c 2438 | 48ff 7424 | 4048 8f44 | 2420 4c89 

  0x0000022938f919ec: ;   {runtime_call UncommonTrapBlob}
  0x0000022938f919ec: 4c24 28e8 

  0x0000022938f919f0: ; ImmutableOopMap {rbp=Oop [32]=Oop [40]=Oop }
                      ;*ifne {reexecute=1 rethrow=0 return_oop=0}
                      ; - (reexecute) jdk.internal.reflect.DirectMethodHandleAccessor::checkReceiver@11 (line 196)
                      ; - jdk.internal.reflect.DirectMethodHandleAccessor::invoke@9 (line 99)
  0x0000022938f919f0: 6c29 7dff 

  0x0000022938f919f4: ;   {other}
  0x0000022938f919f4: 0f1f 8400 | 6c03 0002 | 4183 fa01 | 0f84 7b00 | 0000 4183 | fa02 0f84 | f500 0000 | 4183 fa03 
  0x0000022938f91a14: 0f84 9f01 | 0000 438b 

  0x0000022938f91a1c: ;   {oop(a 'java/lang/invoke/MethodType'{0x00000007235e6cc0} = (Ljava/lang/Object;[Ljava/lang/Object;)Ljava/lang/Object;)}
  0x0000022938f91a1c: 6ccc 1081 | fd98 cd6b | e40f 85c9 | 0200 0047 | 8b5c cc14 | 4585 db0f | 84a3 0200 | 004b 8d2c 
  0x0000022938f91a3c: cc47 3b64 | dc1c 7510 

  0x0000022938f91a44: ;   {static_call}
  0x0000022938f91a44: 488b d5e8 

  0x0000022938f91a48: ; ImmutableOopMap {rbp=Oop [48]=Oop [56]=Oop [64]=Oop }
                      ;*invokestatic maybeCustomize {reexecute=0 rethrow=0 return_oop=0}
                      ; - java.lang.invoke.Invokers::checkCustomized@19 (line 626)
                      ; - java.lang.invoke.Invokers$Holder::invokeExact_MT@14
                      ; - jdk.internal.reflect.DirectMethodHandleAccessor::invokeImpl@104 (line 157)
                      ; - jdk.internal.reflect.DirectMethodHandleAccessor::invoke@23 (line 103)
  0x0000022938f91a48: 54c3 d7ff 

  0x0000022938f91a4c: ;   {other}
  0x0000022938f91a4c: 0f1f 8400 | c403 0003 | 488b d54c | 8b44 2440 | 4c8b 4c24 | 3048 8b6c 

  0x0000022938f91a64: ;   {optimized virtual_call}
  0x0000022938f91a64: 2438 90e8 

  0x0000022938f91a68: ; ImmutableOopMap {rbp=Oop [56]=Oop }
                      ;*invokevirtual invokeBasic {reexecute=0 rethrow=0 return_oop=1}
                      ; - java.lang.invoke.Invokers$Holder::invokeExact_MT@20
                      ; - jdk.internal.reflect.DirectMethodHandleAccessor::invokeImpl@104 (line 157)
                      ; - jdk.internal.reflect.DirectMethodHandleAccessor::invoke@23 (line 103)
  0x0000022938f91a68: 945d d1ff 

  0x0000022938f91a6c: ;   {other}
  0x0000022938f91a6c: 0f1f 8400 | e403 0004 | e91b ffff | ff45 33db | e9a6 feff | ff4c 8b54 | 2430 458b | 5a0c 4585 
  0x0000022938f91a8c: db0f 869d | 0200 0047 | 8b44 cc10 | 458b 5a10 

  0x0000022938f91a9c: ;   {oop(a 'java/lang/invoke/MethodType'{0x00000007224041b0} = (Ljava/lang/Object;Ljava/lang/Object;)Ljava/lang/Object;)}
  0x0000022938f91a9c: 4181 f836 | 0848 e40f | 85ab 0200 | 0047 8b54 | cc14 4585 | d20f 8461 | 0200 004b | 8d2c cc47 
  0x0000022938f91abc: 3b64 d41c | 751b 4489 | 5c24 3048 

  0x0000022938f91ac8: ;   {static_call}
  0x0000022938f91ac8: 8bd5 90e8 

  0x0000022938f91acc: ; ImmutableOopMap {rbp=Oop [48]=NarrowOop [56]=Oop [64]=Oop }
                      ;*invokestatic maybeCustomize {reexecute=0 rethrow=0 return_oop=0}
                      ; - java.lang.invoke.Invokers::checkCustomized@19 (line 626)
                      ; - java.lang.invoke.Invokers$Holder::invokeExact_MT@14
                      ; - jdk.internal.reflect.DirectMethodHandleAccessor::invokeImpl@55 (line 154)
                      ; - jdk.internal.reflect.DirectMethodHandleAccessor::invoke@23 (line 103)
  0x0000022938f91acc: d0c2 d7ff 

  0x0000022938f91ad0: ;   {other}
  0x0000022938f91ad0: 0f1f 8400 | 4804 0005 | 448b 5c24 | 304d 8bcb | 49c1 e103 | 488b d54c | 8b44 2440 | 488b 6c24 
  0x0000022938f91af0: ;   {optimized virtual_call}
  0x0000022938f91af0: 3866 90e8 

  0x0000022938f91af4: ; ImmutableOopMap {rbp=Oop [56]=Oop }
                      ;*invokevirtual invokeBasic {reexecute=0 rethrow=0 return_oop=1}
                      ; - java.lang.invoke.Invokers$Holder::invokeExact_MT@20
                      ; - jdk.internal.reflect.DirectMethodHandleAccessor::invokeImpl@55 (line 154)
                      ; - jdk.internal.reflect.DirectMethodHandleAccessor::invoke@23 (line 103)
  0x0000022938f91af4: 085d d1ff 

  0x0000022938f91af8: ;   {other}
  0x0000022938f91af8: 0f1f 8400 | 7004 0006 | e98f feff | ff4c 8b54 | 2430 458b | 5a0c 4183 | fb01 0f86 | 7c02 0000 
  0x0000022938f91b18: ; implicit exception: dispatches to 0x0000022938f91f08
  0x0000022938f91b18: 478b 54cc | 104c 8b5c | 2430 458b | 4314 418b 

  0x0000022938f91b28: ;   {oop(a 'java/lang/invoke/MethodType'{0x0000000722404250} = (Ljava/lang/Object;Ljava/lang/Object;Ljava/lang/Object;)Ljava/lang/Object;)}
  0x0000022938f91b28: 6b10 4181 | fa4a 0848 | e40f 8579 | 0200 0047 | 8b54 cc14 | 4585 d20f | 8437 0200 | 004f 8d1c 
  0x0000022938f91b48: cc47 3b64 | d41c 7540 | 4c89 5c24 | 4844 8944 | 2430 48ff | 7424 4048 | 8f44 2428 | 4889 5424 
  0x0000022938f91b68: 2049 8bd3 

  0x0000022938f91b6c: ;   {static_call}
  0x0000022938f91b6c: 6666 90e8 

  0x0000022938f91b70: ; ImmutableOopMap {rbp=NarrowOop [32]=Oop [40]=Oop [48]=NarrowOop [64]=Oop [72]=Oop }
                      ;*invokestatic maybeCustomize {reexecute=0 rethrow=0 return_oop=0}
                      ; - java.lang.invoke.Invokers::checkCustomized@19 (line 626)
                      ; - java.lang.invoke.LambdaForm$MH/0x0000022949009800::invokeExact_MT@15
                      ; - jdk.internal.reflect.DirectMethodHandleAccessor::invokeImpl@72 (line 155)
                      ; - jdk.internal.reflect.DirectMethodHandleAccessor::invoke@23 (line 103)
  0x0000022938f91b70: 2cc2 d7ff 

  0x0000022938f91b74: ;   {other}
  0x0000022938f91b74: 0f1f 8400 | ec04 0007 | 48ff 7424 | 2048 8f44 | 2438 448b | 4424 304c | 8b5c 2448 | 498b f848 
  0x0000022938f91b94: c1e7 034c | 8bcd 49c1 | e103 498b | d34c 8b44 

  0x0000022938f91ba4: ;   {optimized virtual_call}
  0x0000022938f91ba4: 2440 90e8 

  0x0000022938f91ba8: ; ImmutableOopMap {[56]=Oop }
                      ;*invokevirtual invokeBasic {reexecute=0 rethrow=0 return_oop=1}
                      ; - java.lang.invoke.LambdaForm$MH/0x0000022949009800::invokeExact_MT@22
                      ; - jdk.internal.reflect.DirectMethodHandleAccessor::invokeImpl@72 (line 155)
                      ; - jdk.internal.reflect.DirectMethodHandleAccessor::invoke@23 (line 103)
  0x0000022938f91ba8: 54ce d2ff 

  0x0000022938f91bac: ;   {other}
  0x0000022938f91bac: 0f1f 8400 | 2405 0008 | e9db fdff | ff4c 8b54 | 2430 458b | 520c 4183 | fa02 0f86 | 2802 0000 
  0x0000022938f91bcc: ; implicit exception: dispatches to 0x0000022938f91f38
  0x0000022938f91bcc: 478b 5ccc | 104c 8b54 | 2430 458b | 5218 4c8b | 4424 3041 | 8b48 1041 

  0x0000022938f91be4: ;   {oop(a 'java/lang/invoke/MethodType'{0x0000000722406178} = (Ljava/lang/Object;Ljava/lang/Object;Ljava/lang/Object;Ljava/lang/Object;)Ljava/lang/Object;)}
  0x0000022938f91be4: 8b68 1441 | 81fb 2f0c | 48e4 0f85 | 1c02 0000 | 478b 5ccc | 1445 85db | 0f84 da01 | 0000 4f8d 
  0x0000022938f91c04: 04cc 473b | 64dc 1c75 | 474c 8944 | 2448 894c | 2434 4489 | 5424 3048 | ff74 2440 | 488f 4424 
  0x0000022938f91c24: 2848 8954 | 2420 498b 

  0x0000022938f91c2c: ;   {static_call}
  0x0000022938f91c2c: d066 90e8 

  0x0000022938f91c30: ; ImmutableOopMap {rbp=NarrowOop [32]=Oop [40]=Oop [48]=NarrowOop [52]=NarrowOop [64]=Oop [72]=Oop }
                      ;*invokestatic maybeCustomize {reexecute=0 rethrow=0 return_oop=0}
                      ; - java.lang.invoke.Invokers::checkCustomized@19 (line 626)
                      ; - java.lang.invoke.Invokers$Holder::invokeExact_MT@15
                      ; - jdk.internal.reflect.DirectMethodHandleAccessor::invokeImpl@92 (line 156)
                      ; - jdk.internal.reflect.DirectMethodHandleAccessor::invoke@23 (line 103)
  0x0000022938f91c30: 6cc1 d7ff 

  0x0000022938f91c34: ;   {other}
  0x0000022938f91c34: 0f1f 8400 | ac05 0009 | 48ff 7424 | 2048 8f44 | 2438 448b | 5424 308b | 4c24 344c | 8b44 2448 
  0x0000022938f91c54: 498b f248 | c1e6 034c | 8bc9 49c1 | e103 488b | fd48 c1e7 | 0349 8bd0 | 4c8b 4424 

  0x0000022938f91c70: ;   {optimized virtual_call}
  0x0000022938f91c70: 4066 90e8 

  0x0000022938f91c74: ; ImmutableOopMap {[56]=Oop }
                      ;*invokevirtual invokeBasic {reexecute=0 rethrow=0 return_oop=1}
                      ; - java.lang.invoke.Invokers$Holder::invokeExact_MT@24
                      ; - jdk.internal.reflect.DirectMethodHandleAccessor::invokeImpl@92 (line 156)
                      ; - jdk.internal.reflect.DirectMethodHandleAccessor::invoke@23 (line 103)
  0x0000022938f91c74: 08b0 d2ff 

  0x0000022938f91c78: ;   {other}
  0x0000022938f91c78: 0f1f 8400 | f005 000a | e90f fdff | ffba f6ff | ffff 488b 

  0x0000022938f91c8c: ;   {runtime_call UncommonTrapBlob}
  0x0000022938f91c8c: 6c24 38e8 

  0x0000022938f91c90: ; ImmutableOopMap {rbp=Oop }
                      ;*getfield customized {reexecute=1 rethrow=0 return_oop=0}
                      ; - (reexecute) java.lang.invoke.Invokers::checkCustomized@12 (line 625)
                      ; - java.lang.invoke.Invokers$Holder::invokeExact_MT@14
                      ; - jdk.internal.reflect.DirectMethodHandleAccessor::invokeImpl@41 (line 153)
                      ; - jdk.internal.reflect.DirectMethodHandleAccessor::invoke@23 (line 103)
  0x0000022938f91c90: cc26 7dff 

  0x0000022938f91c94: ;   {other}
  0x0000022938f91c94: 0f1f 8400 | 0c06 000b | ba45 ffff | ff48 8b6c | 2438 4c89 | 4c24 2844 | 895c 2438 | 4489 5424 
  0x0000022938f91cb4: ;   {runtime_call UncommonTrapBlob}
  0x0000022938f91cb4: 3c66 90e8 

  0x0000022938f91cb8: ; ImmutableOopMap {rbp=Oop [40]=Oop [64]=Oop }
                      ;*if_icmpeq {reexecute=1 rethrow=0 return_oop=0}
                      ; - (reexecute) jdk.internal.reflect.DirectMethodHandleAccessor::checkArgumentCount@13 (line 329)
                      ; - jdk.internal.reflect.DirectMethodHandleAccessor::invoke@17 (line 101)
  0x0000022938f91cb8: a426 7dff 

  0x0000022938f91cbc: ;   {other}
  0x0000022938f91cbc: 0f1f 8400 | 3406 000c | ba45 ffff | ff44 894c 

  0x0000022938f91ccc: ;   {runtime_call UncommonTrapBlob}
  0x0000022938f91ccc: 2430 90e8 

  0x0000022938f91cd0: ; ImmutableOopMap {rbp=NarrowOop [48]=NarrowOop [56]=Oop [64]=Oop }
                      ;*if_acmpeq {reexecute=1 rethrow=0 return_oop=0}
                      ; - (reexecute) java.lang.invoke.Invokers::checkExactType@7 (line 529)
                      ; - java.lang.invoke.Invokers$Holder::invokeExact_MT@10
                      ; - jdk.internal.reflect.DirectMethodHandleAccessor::invokeImpl@41 (line 153)
                      ; - jdk.internal.reflect.DirectMethodHandleAccessor::invoke@23 (line 103)
  0x0000022938f91cd0: 8c26 7dff 

  0x0000022938f91cd4: ;   {other}
  0x0000022938f91cd4: 0f1f 8400 | 4c06 000d | baf6 ffff | ff48 8b6c 

  0x0000022938f91ce4: ;   {runtime_call UncommonTrapBlob}
  0x0000022938f91ce4: 2438 90e8 

  0x0000022938f91ce8: ; ImmutableOopMap {rbp=Oop }
                      ;*getfield customized {reexecute=1 rethrow=0 return_oop=0}
                      ; - (reexecute) java.lang.invoke.Invokers::checkCustomized@12 (line 625)
                      ; - java.lang.invoke.Invokers$Holder::invokeExact_MT@14
                      ; - jdk.internal.reflect.DirectMethodHandleAccessor::invokeImpl@104 (line 157)
                      ; - jdk.internal.reflect.DirectMethodHandleAccessor::invoke@23 (line 103)
  0x0000022938f91ce8: 7426 7dff 

  0x0000022938f91cec: ;   {other}
  0x0000022938f91cec: 0f1f 8400 | 6406 000e | ba45 ffff | ff48 ff74 | 2438 488f | 4424 2044 | 894c 2438 

  0x0000022938f91d08: ;   {runtime_call UncommonTrapBlob}
  0x0000022938f91d08: 6666 90e8 

  0x0000022938f91d0c: ; ImmutableOopMap {rbp=NarrowOop [32]=Oop [48]=Oop [56]=NarrowOop [64]=Oop }
                      ;*if_acmpeq {reexecute=1 rethrow=0 return_oop=0}
                      ; - (reexecute) java.lang.invoke.Invokers::checkExactType@7 (line 529)
                      ; - java.lang.invoke.Invokers$Holder::invokeExact_MT@10
                      ; - jdk.internal.reflect.DirectMethodHandleAccessor::invokeImpl@104 (line 157)
                      ; - jdk.internal.reflect.DirectMethodHandleAccessor::invoke@23 (line 103)
  0x0000022938f91d0c: 5026 7dff 

  0x0000022938f91d10: ;   {other}
  0x0000022938f91d10: 0f1f 8400 | 8806 000f | baf6 ffff | ff48 8b6c 

  0x0000022938f91d20: ;   {runtime_call UncommonTrapBlob}
  0x0000022938f91d20: 2438 90e8 

  0x0000022938f91d24: ; ImmutableOopMap {rbp=Oop }
                      ;*getfield customized {reexecute=1 rethrow=0 return_oop=0}
                      ; - (reexecute) java.lang.invoke.Invokers::checkCustomized@12 (line 625)
                      ; - java.lang.invoke.Invokers$Holder::invokeExact_MT@14
                      ; - jdk.internal.reflect.DirectMethodHandleAccessor::invokeImpl@55 (line 154)
                      ; - jdk.internal.reflect.DirectMethodHandleAccessor::invoke@23 (line 103)
  0x0000022938f91d24: 3826 7dff 

  0x0000022938f91d28: ;   {other}
  0x0000022938f91d28: 0f1f 8400 | a006 0010 | bae4 ffff | ff48 8b6c | 2438 4c89 | 5424 2844 | 894c 2430 

  0x0000022938f91d44: ;   {runtime_call UncommonTrapBlob}
  0x0000022938f91d44: 6666 90e8 

  0x0000022938f91d48: ; ImmutableOopMap {rbp=Oop [40]=Oop [48]=NarrowOop [64]=Oop }
                      ;*aaload {reexecute=0 rethrow=0 return_oop=0}
                      ; - jdk.internal.reflect.DirectMethodHandleAccessor::invokeImpl@54 (line 154)
                      ; - jdk.internal.reflect.DirectMethodHandleAccessor::invoke@23 (line 103)
  0x0000022938f91d48: 1426 7dff 

  0x0000022938f91d4c: ;   {other}
  0x0000022938f91d4c: 0f1f 8400 | c406 0011 | ba45 ffff | ff48 8b6c | 2438 4489 | 4c24 2844 | 8944 2430 | 4489 5c24 
  0x0000022938f91d6c: ;   {runtime_call UncommonTrapBlob}
  0x0000022938f91d6c: 3466 90e8 

  0x0000022938f91d70: ; ImmutableOopMap {rbp=Oop [40]=NarrowOop [48]=NarrowOop [52]=NarrowOop [64]=Oop }
                      ;*if_acmpeq {reexecute=1 rethrow=0 return_oop=0}
                      ; - (reexecute) java.lang.invoke.Invokers::checkExactType@7 (line 529)
                      ; - java.lang.invoke.Invokers$Holder::invokeExact_MT@10
                      ; - jdk.internal.reflect.DirectMethodHandleAccessor::invokeImpl@55 (line 154)
                      ; - jdk.internal.reflect.DirectMethodHandleAccessor::invoke@23 (line 103)
  0x0000022938f91d70: ec25 7dff 

  0x0000022938f91d74: ;   {other}
  0x0000022938f91d74: 0f1f 8400 | ec06 0012 | baf6 ffff | ff48 8b6c 

  0x0000022938f91d84: ;   {runtime_call UncommonTrapBlob}
  0x0000022938f91d84: 2438 90e8 

  0x0000022938f91d88: ; ImmutableOopMap {rbp=Oop }
                      ;*getfield customized {reexecute=1 rethrow=0 return_oop=0}
                      ; - (reexecute) java.lang.invoke.Invokers::checkCustomized@12 (line 625)
                      ; - java.lang.invoke.LambdaForm$MH/0x0000022949009800::invokeExact_MT@15
                      ; - jdk.internal.reflect.DirectMethodHandleAccessor::invokeImpl@72 (line 155)
                      ; - jdk.internal.reflect.DirectMethodHandleAccessor::invoke@23 (line 103)
  0x0000022938f91d88: d425 7dff 

  0x0000022938f91d8c: ;   {other}
  0x0000022938f91d8c: 0f1f 8400 | 0407 0013 | bae4 ffff | ff48 8b6c | 2438 4489 

  0x0000022938f91da0: ;   {runtime_call UncommonTrapBlob}
  0x0000022938f91da0: 4c24 38e8 

  0x0000022938f91da4: ; ImmutableOopMap {rbp=Oop [48]=Oop [56]=NarrowOop [64]=Oop }
                      ;*aaload {reexecute=0 rethrow=0 return_oop=0}
                      ; - jdk.internal.reflect.DirectMethodHandleAccessor::invokeImpl@68 (line 155)
                      ; - jdk.internal.reflect.DirectMethodHandleAccessor::invoke@23 (line 103)
  0x0000022938f91da4: b825 7dff 

  0x0000022938f91da8: ;   {other}
  0x0000022938f91da8: 0f1f 8400 | 2007 0014 | ba45 ffff | ff48 ff74 | 2438 488f | 4424 2044 | 894c 2430 | 4489 4424 
  0x0000022938f91dc8: 3444 8954 

  0x0000022938f91dcc: ;   {runtime_call UncommonTrapBlob}
  0x0000022938f91dcc: 243c 90e8 

  0x0000022938f91dd0: ; ImmutableOopMap {rbp=NarrowOop [32]=Oop [48]=NarrowOop [52]=NarrowOop [60]=NarrowOop [64]=Oop }
                      ;*if_acmpeq {reexecute=1 rethrow=0 return_oop=0}
                      ; - (reexecute) java.lang.invoke.Invokers::checkExactType@7 (line 529)
                      ; - java.lang.invoke.LambdaForm$MH/0x0000022949009800::invokeExact_MT@11
                      ; - jdk.internal.reflect.DirectMethodHandleAccessor::invokeImpl@72 (line 155)
                      ; - jdk.internal.reflect.DirectMethodHandleAccessor::invoke@23 (line 103)
  0x0000022938f91dd0: 8c25 7dff 

  0x0000022938f91dd4: ;   {other}
  0x0000022938f91dd4: 0f1f 8400 | 4c07 0015 | baf6 ffff | ff48 8b6c 

  0x0000022938f91de4: ;   {runtime_call UncommonTrapBlob}
  0x0000022938f91de4: 2438 90e8 

  0x0000022938f91de8: ; ImmutableOopMap {rbp=Oop }
                      ;*getfield customized {reexecute=1 rethrow=0 return_oop=0}
                      ; - (reexecute) java.lang.invoke.Invokers::checkCustomized@12 (line 625)
                      ; - java.lang.invoke.Invokers$Holder::invokeExact_MT@15
                      ; - jdk.internal.reflect.DirectMethodHandleAccessor::invokeImpl@92 (line 156)
                      ; - jdk.internal.reflect.DirectMethodHandleAccessor::invoke@23 (line 103)
  0x0000022938f91de8: 7425 7dff 

  0x0000022938f91dec: ;   {other}
  0x0000022938f91dec: 0f1f 8400 | 6407 0016 | bae4 ffff | ff48 8b6c | 2438 4489 

  0x0000022938f91e00: ;   {runtime_call UncommonTrapBlob}
  0x0000022938f91e00: 4c24 38e8 

  0x0000022938f91e04: ; ImmutableOopMap {rbp=Oop [48]=Oop [56]=NarrowOop [64]=Oop }
                      ;*aaload {reexecute=0 rethrow=0 return_oop=0}
                      ; - jdk.internal.reflect.DirectMethodHandleAccessor::invokeImpl@85 (line 156)
                      ; - jdk.internal.reflect.DirectMethodHandleAccessor::invoke@23 (line 103)
  0x0000022938f91e04: 5825 7dff 

  0x0000022938f91e08: ;   {other}
  0x0000022938f91e08: 0f1f 8400 | 8007 0017 | ba45 ffff | ff48 ff74 | 2438 488f | 4424 2048 | ff74 2440 | 488f 4424 
  0x0000022938f91e28: 2844 894c | 2430 894c | 2434 4489 | 5424 3844 | 895c 2440 

  0x0000022938f91e3c: ;   {runtime_call UncommonTrapBlob}
  0x0000022938f91e3c: 6666 90e8 

  0x0000022938f91e40: ; ImmutableOopMap {rbp=NarrowOop [32]=Oop [40]=Oop [48]=NarrowOop [52]=NarrowOop [56]=NarrowOop [64]=NarrowOop }
                      ;*if_acmpeq {reexecute=1 rethrow=0 return_oop=0}
                      ; - (reexecute) java.lang.invoke.Invokers::checkExactType@7 (line 529)
                      ; - java.lang.invoke.Invokers$Holder::invokeExact_MT@11
                      ; - jdk.internal.reflect.DirectMethodHandleAccessor::invokeImpl@92 (line 156)
                      ; - jdk.internal.reflect.DirectMethodHandleAccessor::invoke@23 (line 103)
  0x0000022938f91e40: 1c25 7dff 

  0x0000022938f91e44: ;   {other}
  0x0000022938f91e44: 0f1f 8400 | bc07 0018 | baf6 ffff | ff48 8b6c 

  0x0000022938f91e54: ;   {runtime_call UncommonTrapBlob}
  0x0000022938f91e54: 2438 90e8 

  0x0000022938f91e58: ; ImmutableOopMap {rbp=Oop [48]=Oop [64]=Oop }
                      ;*invokevirtual getClass {reexecute=0 rethrow=0 return_oop=0}
                      ; - jdk.internal.reflect.DirectMethodHandleAccessor::checkReceiver@5 (line 196)
                      ; - jdk.internal.reflect.DirectMethodHandleAccessor::invoke@9 (line 99)
  0x0000022938f91e58: 0425 7dff 

  0x0000022938f91e5c: ;   {other}
  0x0000022938f91e5c: 0f1f 8400 | d407 0019 | baf6 ffff 

  0x0000022938f91e68: ;   {runtime_call UncommonTrapBlob}
  0x0000022938f91e68: ff66 90e8 

  0x0000022938f91e6c: ; ImmutableOopMap {rbp=Oop [48]=Oop [56]=Oop [64]=Oop }
                      ;*invokevirtual isAssignableFrom {reexecute=0 rethrow=0 return_oop=0}
                      ; - jdk.internal.reflect.DirectMethodHandleAccessor::checkReceiver@8 (line 196)
                      ; - jdk.internal.reflect.DirectMethodHandleAccessor::invoke@9 (line 99)
  0x0000022938f91e6c: f024 7dff 

  0x0000022938f91e70: ;   {other}
  0x0000022938f91e70: 0f1f 8400 | e807 001a | baf4 ffff | ff44 8944 

  0x0000022938f91e80: ;   {runtime_call UncommonTrapBlob}
  0x0000022938f91e80: 2448 90e8 

  0x0000022938f91e84: ; ImmutableOopMap {rbp=Oop [48]=Oop [56]=Oop [64]=Oop [72]=NarrowOop }
                      ;*invokevirtual isAssignableFrom {reexecute=0 rethrow=0 return_oop=0}
                      ; - jdk.internal.reflect.DirectMethodHandleAccessor::checkReceiver@8 (line 196)
                      ; - jdk.internal.reflect.DirectMethodHandleAccessor::invoke@9 (line 99)
  0x0000022938f91e84: d824 7dff 

  0x0000022938f91e88: ;   {other}
  0x0000022938f91e88: 0f1f 8400 | 0008 001b | ba5e ffff | ff48 8b6c 

  0x0000022938f91e98: ;   {runtime_call UncommonTrapBlob}
  0x0000022938f91e98: 2438 90e8 

  0x0000022938f91e9c: ; ImmutableOopMap {rbp=Oop }
                      ;*invokevirtual type {reexecute=0 rethrow=0 return_oop=0}
                      ; - java.lang.invoke.Invokers::checkExactType@1 (line 528)
                      ; - java.lang.invoke.Invokers$Holder::invokeExact_MT@10
                      ; - jdk.internal.reflect.DirectMethodHandleAccessor::invokeImpl@41 (line 153)
                      ; - jdk.internal.reflect.DirectMethodHandleAccessor::invoke@23 (line 103)
  0x0000022938f91e9c: c024 7dff 

  0x0000022938f91ea0: ;   {other}
  0x0000022938f91ea0: 0f1f 8400 | 1808 001c | baf6 ffff | ff48 8b6c 

  0x0000022938f91eb0: ;   {runtime_call UncommonTrapBlob}
  0x0000022938f91eb0: 2438 90e8 

  0x0000022938f91eb4: ; ImmutableOopMap {rbp=Oop }
                      ;*invokevirtual type {reexecute=0 rethrow=0 return_oop=0}
                      ; - java.lang.invoke.Invokers::checkExactType@1 (line 528)
                      ; - java.lang.invoke.Invokers$Holder::invokeExact_MT@10
                      ; - jdk.internal.reflect.DirectMethodHandleAccessor::invokeImpl@104 (line 157)
                      ; - jdk.internal.reflect.DirectMethodHandleAccessor::invoke@23 (line 103)
  0x0000022938f91eb4: a824 7dff 

  0x0000022938f91eb8: ;   {other}
  0x0000022938f91eb8: 0f1f 8400 | 3008 001d | baf6 ffff | ff48 8b6c 

  0x0000022938f91ec8: ;   {runtime_call UncommonTrapBlob}
  0x0000022938f91ec8: 2438 90e8 

  0x0000022938f91ecc: ; ImmutableOopMap {rbp=Oop }
                      ;*aaload {reexecute=0 rethrow=0 return_oop=0}
                      ; - jdk.internal.reflect.DirectMethodHandleAccessor::invokeImpl@54 (line 154)
                      ; - jdk.internal.reflect.DirectMethodHandleAccessor::invoke@23 (line 103)
  0x0000022938f91ecc: 9024 7dff 

  0x0000022938f91ed0: ;   {other}
  0x0000022938f91ed0: 0f1f 8400 | 4808 001e | baf6 ffff | ff48 8b6c 

  0x0000022938f91ee0: ;   {runtime_call UncommonTrapBlob}
  0x0000022938f91ee0: 2438 90e8 

  0x0000022938f91ee4: ; ImmutableOopMap {rbp=Oop }
                      ;*invokevirtual type {reexecute=0 rethrow=0 return_oop=0}
                      ; - java.lang.invoke.Invokers::checkExactType@1 (line 528)
                      ; - java.lang.invoke.Invokers$Holder::invokeExact_MT@10
                      ; - jdk.internal.reflect.DirectMethodHandleAccessor::invokeImpl@55 (line 154)
                      ; - jdk.internal.reflect.DirectMethodHandleAccessor::invoke@23 (line 103)
  0x0000022938f91ee4: 7824 7dff 

  0x0000022938f91ee8: ;   {other}
  0x0000022938f91ee8: 0f1f 8400 | 6008 001f | baf6 ffff | ff48 8b6c 

  0x0000022938f91ef8: ;   {runtime_call UncommonTrapBlob}
  0x0000022938f91ef8: 2438 90e8 

  0x0000022938f91efc: ; ImmutableOopMap {rbp=Oop }
                      ;*aaload {reexecute=0 rethrow=0 return_oop=0}
                      ; - jdk.internal.reflect.DirectMethodHandleAccessor::invokeImpl@68 (line 155)
                      ; - jdk.internal.reflect.DirectMethodHandleAccessor::invoke@23 (line 103)
  0x0000022938f91efc: 6024 7dff 

  0x0000022938f91f00: ;   {other}
  0x0000022938f91f00: 0f1f 8400 | 7808 0020 | baf6 ffff | ff48 8b6c 

  0x0000022938f91f10: ;   {runtime_call UncommonTrapBlob}
  0x0000022938f91f10: 2438 90e8 

  0x0000022938f91f14: ; ImmutableOopMap {rbp=Oop }
                      ;*invokevirtual type {reexecute=0 rethrow=0 return_oop=0}
                      ; - java.lang.invoke.Invokers::checkExactType@1 (line 528)
                      ; - java.lang.invoke.LambdaForm$MH/0x0000022949009800::invokeExact_MT@11
                      ; - jdk.internal.reflect.DirectMethodHandleAccessor::invokeImpl@72 (line 155)
                      ; - jdk.internal.reflect.DirectMethodHandleAccessor::invoke@23 (line 103)
  0x0000022938f91f14: 4824 7dff 

  0x0000022938f91f18: ;   {other}
  0x0000022938f91f18: 0f1f 8400 | 9008 0021 | baf6 ffff | ff48 8b6c 

  0x0000022938f91f28: ;   {runtime_call UncommonTrapBlob}
  0x0000022938f91f28: 2438 90e8 

  0x0000022938f91f2c: ; ImmutableOopMap {rbp=Oop }
                      ;*aaload {reexecute=0 rethrow=0 return_oop=0}
                      ; - jdk.internal.reflect.DirectMethodHandleAccessor::invokeImpl@85 (line 156)
                      ; - jdk.internal.reflect.DirectMethodHandleAccessor::invoke@23 (line 103)
  0x0000022938f91f2c: 3024 7dff 

  0x0000022938f91f30: ;   {other}
  0x0000022938f91f30: 0f1f 8400 | a808 0022 | baf6 ffff | ff48 8b6c 

  0x0000022938f91f40: ;   {runtime_call UncommonTrapBlob}
  0x0000022938f91f40: 2438 90e8 

  0x0000022938f91f44: ; ImmutableOopMap {rbp=Oop }
                      ;*invokevirtual type {reexecute=0 rethrow=0 return_oop=0}
                      ; - java.lang.invoke.Invokers::checkExactType@1 (line 528)
                      ; - java.lang.invoke.Invokers$Holder::invokeExact_MT@11
                      ; - jdk.internal.reflect.DirectMethodHandleAccessor::invokeImpl@92 (line 156)
                      ; - jdk.internal.reflect.DirectMethodHandleAccessor::invoke@23 (line 103)
  0x0000022938f91f44: 1824 7dff 

  0x0000022938f91f48: ;   {other}
  0x0000022938f91f48: 0f1f 8400 | c008 0023 | 488b d0e9 | 8f01 0000 | 498b d749 | bae0 077b | f8ff 7f00 | 0041 ffd2 
  0x0000022938f91f68: ;   {other}
  0x0000022938f91f68: 0f1f 8400 | 0000 0000 | e93a 0100 | 0048 8bd0 | e96a 0100 | 00eb 0a48 | ff74 2420 | 488f 4424 
  0x0000022938f91f88: 3844 8b50 | 0849 b800 | 0000 4829 | 0200 004d | 03c2 4889 | 4424 28eb | 70eb 0a48 | ff74 2420 
  0x0000022938f91fa8: 488f 4424 | 3844 8b50 | 0849 b800 | 0000 4829 | 0200 004d | 03c2 4889 | 4424 28eb | 4ceb 0044 
  0x0000022938f91fc8: 8b58 0849 | b800 0000 | 4829 0200 | 004d 03c3 | 4889 4424 | 28eb 32eb | 0044 8b58 | 0849 b800 
  0x0000022938f91fe8: 0000 4829 | 0200 004d | 03c3 4889 | 4424 28eb | 18eb 0044 | 8b58 0849 | b800 0000 | 4829 0200 
  0x0000022938f92008: 004d 03c3 | 4889 4424 

  0x0000022938f92010: ;   {metadata('java/lang/ClassCastException')}
  0x0000022938f92010: 2849 ba90 | 001b 4829 | 0200 004d | 3bc2 0f84 | 6101 0000 

  0x0000022938f92024: ;   {metadata('java/lang/invoke/WrongMethodTypeException')}
  0x0000022938f92024: 49ba 6081 | 7349 2902 | 0000 4d3b | c20f 844e 

  0x0000022938f92034: ;   {metadata('java/lang/NullPointerException')}
  0x0000022938f92034: 0100 0049 | baa0 1b1b | 4829 0200 | 004d 3bc2 | 0f84 5a01 | 0000 498b | 87b8 0100 | 004c 8bd0 
  0x0000022938f92054: 4983 c228 | 4d3b 97c8 | 0100 000f | 8303 0100 | 004d 8997 | b801 0000 | 410f 1882 | 0001 0000 
  0x0000022938f92074: 48c7 0001 

  0x0000022938f92078: ;   {metadata('java/lang/reflect/InvocationTargetException')}
  0x0000022938f92078: 0000 00c7 | 4008 901b | 0401 4489 | 600c 4c89 | 6010 4c89 | 6018 4c89 | 6020 488b | e845 33c0 
  0x0000022938f92098: ;   {optimized virtual_call}
  0x0000022938f92098: 488b d5e8 

  0x0000022938f9209c: ; ImmutableOopMap {rbp=Oop [40]=Oop }
                      ;*invokespecial <init> {reexecute=0 rethrow=0 return_oop=0}
                      ; - java.lang.reflect.InvocationTargetException::<init>@5 (line 68)
                      ; - jdk.internal.reflect.DirectMethodHandleAccessor::invoke@88 (line 118)
  0x0000022938f9209c: 4f01 0000 

  0x0000022938f920a0: ;   {other}
  0x0000022938f920a0: 0f1f 8400 | 180a 0024 | 4180 7f38 | 0075 424c | 8bd5 4c8b | 5c24 284d | 8bc3 49c1 | e803 4489 
  0x0000022938f920c0: 4524 4d33 | da49 c1eb | 154d 85db | 7416 49c1 | ea09 48b9 | 00e0 503d | 2902 0000 | 4903 ca80 
  0x0000022938f920e0: 3902 753d | 488b d548 | 83c4 605d 

  0x0000022938f920ec: ;   {runtime_call _rethrow_Java}
  0x0000022938f920ec: e96f c689 | ff44 8b55 | 2445 85d2 | 74b5 4d8b | 5f28 498b | ca48 c1e1 | 034d 85db | 0f84 4afe 
  0x0000022938f9210c: ffff 4d8b | 5730 4b89 | 4c1a f849 | 83c3 f84d | 895f 28eb | 8e4d 8b57 | 404d 8b5f | 48f0 8344 
  0x0000022938f9212c: 24c0 0080 | 3900 74b0 | 4488 214d | 85d2 751a | 498b d749 | bac0 077b | f8ff 7f00 | 0041 ffd2 
  0x0000022938f9214c: ;   {other}
  0x0000022938f9214c: 0f1f 8400 | 0000 0000 | eb8e 4b89 | 4c13 f849 | 83c2 f84d | 8957 40e9 | 7cff ffff 

  0x0000022938f92168: ;   {metadata('java/lang/reflect/InvocationTargetException')}
  0x0000022938f92168: 48ba 901b | 0449 2902 

  0x0000022938f92170: ;   {runtime_call _new_instance_Java}
  0x0000022938f92170: 0000 90e8 

  0x0000022938f92174: ; ImmutableOopMap {[40]=Oop }
                      ;*new {reexecute=0 rethrow=0 return_oop=1}
                      ; - jdk.internal.reflect.DirectMethodHandleAccessor::invoke@83 (line 118)
  0x0000022938f92174: e8d1 89ff 

  0x0000022938f92178: ;   {other}
  0x0000022938f92178: 0f1f 8400 | f00a 0025 | e90d ffff | ff4c 8b54 | 2428 ba9d | ffff ff4c | 8954 2420 

  0x0000022938f92194: ;   {runtime_call UncommonTrapBlob}
  0x0000022938f92194: 6666 90e8 

  0x0000022938f92198: ; ImmutableOopMap {[32]=Oop [56]=Oop }
                      ;*astore_3 {reexecute=0 rethrow=0 return_oop=0}
                      ; - jdk.internal.reflect.DirectMethodHandleAccessor::invoke@27 (line 104)
  0x0000022938f92198: c421 7dff 

  0x0000022938f9219c: ;   {other}
  0x0000022938f9219c: 0f1f 8400 | 140b 0026 | 4c8b 5424 | 28ba 9dff | ffff 4c89 

  0x0000022938f921b0: ;   {runtime_call UncommonTrapBlob}
  0x0000022938f921b0: 5424 20e8 

  0x0000022938f921b4: ; ImmutableOopMap {[32]=Oop [56]=Oop }
                      ;*astore_3 {reexecute=0 rethrow=0 return_oop=0}
                      ; - jdk.internal.reflect.DirectMethodHandleAccessor::invoke@55 (line 111)
  0x0000022938f921b4: a821 7dff 

  0x0000022938f921b8: ;   {other}
  0x0000022938f921b8: 0f1f 8400 | 300b 0027 

  0x0000022938f921c0: ;   {internal_word}
  0x0000022938f921c0: 49ba 9919 | f938 2902 | 0000 4d89 | 9760 0400 

  0x0000022938f921d0: ;   {runtime_call SafepointBlob}
  0x0000022938f921d0: 00e9 0a32 

  0x0000022938f921d4: ;   {runtime_call StubRoutines (final stubs)}
  0x0000022938f921d4: 7dff e865 | 557b ffe9 | eaf6 ffff 
[Stub Code]
  0x0000022938f921e0: ;   {no_reloc}
  0x0000022938f921e0: 48bb 0000 | 0000 0000 

  0x0000022938f921e8: ;   {runtime_call nmethod}
  0x0000022938f921e8: 0000 e9fb 

  0x0000022938f921ec: ;   {static_stub}
  0x0000022938f921ec: ffff ff48 | bbe8 c945 | 4829 0200 

  0x0000022938f921f8: ;   {runtime_call I2C/C2I adapters}
  0x0000022938f921f8: 00e9 381d 

  0x0000022938f921fc: ;   {static_stub}
  0x0000022938f921fc: 7dff 48bb | 0000 0000 | 0000 0000 

  0x0000022938f92208: ;   {runtime_call nmethod}
  0x0000022938f92208: e9fb ffff 

  0x0000022938f9220c: ;   {static_stub}
  0x0000022938f9220c: ff48 bb00 | 0000 0000 

  0x0000022938f92214: ;   {runtime_call nmethod}
  0x0000022938f92214: 0000 00e9 | fbff ffff 

  0x0000022938f9221c: ;   {static_stub}
  0x0000022938f9221c: 48bb 0000 | 0000 0000 

  0x0000022938f92224: ;   {runtime_call nmethod}
  0x0000022938f92224: 0000 e9fb 

  0x0000022938f92228: ;   {static_stub}
  0x0000022938f92228: ffff ff48 | bb00 0000 | 0000 0000 

  0x0000022938f92234: ;   {runtime_call nmethod}
  0x0000022938f92234: 00e9 fbff 

  0x0000022938f92238: ;   {runtime_call ExceptionBlob}
  0x0000022938f92238: ffff e921 | 8689 ffe8 | 0000 0000 | 4883 2c24 

  0x0000022938f92248: ;   {runtime_call DeoptimizationBlob}
  0x0000022938f92248: 05e9 3224 | 7dff e800 | 0000 0048 | 832c 2405 

  0x0000022938f92258: ;   {runtime_call DeoptimizationBlob}
  0x0000022938f92258: e923 247d | fff4 f4f4 
[/MachCode]


Compiled method (c1) 18317 4193   !   3       jdk.internal.reflect.DirectMethodHandleAccessor::invoke (92 bytes)
 total in heap  [0x00000229317fdc88,0x0000022931800940] = 11448
 relocation     [0x00000229317fdd60,0x00000229317fe0a8] = 840
 main code      [0x00000229317fe0c0,0x0000022931800768] = 9896
 stub code      [0x0000022931800768,0x00000229318008a8] = 320
 oops           [0x00000229318008a8,0x00000229318008d0] = 40
 metadata       [0x00000229318008d0,0x0000022931800940] = 112
 immutable data [0x000002298ee3f850,0x000002298ee40b50] = 4864
 dependencies   [0x000002298ee3f850,0x000002298ee3f870] = 32
 nul chk table  [0x000002298ee3f870,0x000002298ee3f928] = 184
 handler table  [0x000002298ee3f928,0x000002298ee40138] = 2064
 scopes pcs     [0x000002298ee40138,0x000002298ee406b8] = 1408
 scopes data    [0x000002298ee406b8,0x000002298ee40b50] = 1176

[Constant Pool (empty)]

[MachCode]
[Instructions begin]
  0x00000229317fe0c0: 660f 1f84 | 0000 0000 | 0066 0f1f | 8400 0000 | 0000 448b | 5208 443b 

  0x00000229317fe0d8: ;   {runtime_call ic_miss_stub}
  0x00000229317fe0d8: 5008 0f85 | 0004 f606 
[Verified Entry Point]
  0x00000229317fe0e0: e97b 94f1 | 06ff ff55 | 4881 ec60 | 0100 0090 | 4181 7f20 | 0900 0000 

  0x00000229317fe0f8: ;   {runtime_call StubRoutines (final stubs)}
  0x00000229317fe0f8: 7405 e841 | 96f4 0648 | 8994 24b0 | 0000 004c | 8984 24c0 

  0x00000229317fe10c: ;   {metadata(method data for {method} {0x0000022948298240} 'invoke' '(Ljava/lang/Object;[Ljava/lang/Object;)Ljava/lang/Object;' in 'jdk/internal/reflect/DirectMethodHandleAccessor')}
  0x00000229317fe10c: 0000 0048 | bee0 8b3d | 8929 0200 | 008b becc | 0000 0083 | c702 89be | cc00 0000 | 81e7 fe07 
  0x00000229317fe12c: 0000 85ff | 0f84 3321 | 0000 488b 

  0x00000229317fe138: ;   {metadata(method data for {method} {0x0000022948298240} 'invoke' '(Ljava/lang/Object;[Ljava/lang/Object;)Ljava/lang/Object;' in 'jdk/internal/reflect/DirectMethodHandleAccessor')}
  0x00000229317fe138: f248 bfe0 | 8b3d 8929 | 0200 0048 | 8387 1801 

  0x00000229317fe148: ;   {metadata(method data for {method} {0x000002294843e4f8} 'isStatic' '()Z' in 'jdk/internal/reflect/DirectMethodHandleAccessor')}
  0x00000229317fe148: 0000 0148 | be18 8f3d | 8929 0200 | 008b becc | 0000 0083 | c702 89be | cc00 0000 | 81e7 feff 
  0x00000229317fe168: 1f00 85ff | 0f84 1821 | 0000 8b72 | 1081 e600 | 0200 0081 | fe00 0200 

  0x00000229317fe180: ;   {metadata(method data for {method} {0x000002294843e4f8} 'isStatic' '()Z' in 'jdk/internal/reflect/DirectMethodHandleAccessor')}
  0x00000229317fe180: 0048 be18 | 8f3d 8929 | 0200 00bf | 1801 0000 | 7505 bf28 | 0100 0048 | 8b1c 3e48 | 8d5b 0148 
  0x00000229317fe1a0: 891c 3e0f | 851a 0000 

  0x00000229317fe1a8: ;   {metadata(method data for {method} {0x000002294843e4f8} 'isStatic' '()Z' in 'jdk/internal/reflect/DirectMethodHandleAccessor')}
  0x00000229317fe1a8: 0048 be18 | 8f3d 8929 | 0200 00ff | 8638 0100 | 00be 0100 | 0000 e905 | 0000 00be | 0000 0000 
  0x00000229317fe1c8: 83e6 0185 

  0x00000229317fe1cc: ;   {metadata(method data for {method} {0x0000022948298240} 'invoke' '(Ljava/lang/Object;[Ljava/lang/Object;)Ljava/lang/Object;' in 'jdk/internal/reflect/DirectMethodHandleAccessor')}
  0x00000229317fe1cc: f648 bee0 | 8b3d 8929 | 0200 00bf | 4801 0000 | 7505 bf58 | 0100 0048 | 8b1c 3e48 | 8d5b 0148 
  0x00000229317fe1ec: 891c 3e4c | 898c 24b8 | 0000 000f | 8537 0000 | 0048 8bf2 

  0x00000229317fe200: ;   {metadata(method data for {method} {0x0000022948298240} 'invoke' '(Ljava/lang/Object;[Ljava/lang/Object;)Ljava/lang/Object;' in 'jdk/internal/reflect/DirectMethodHandleAccessor')}
  0x00000229317fe200: 48bf e08b | 3d89 2902 | 0000 4883 | 8768 0100 | 0001 498b | f04c 8bc6 | 488b fa48 

  0x00000229317fe21c: ;   {optimized virtual_call}
  0x00000229317fe21c: 8bd7 90e8 

  0x00000229317fe220: ; ImmutableOopMap {[176]=Oop [184]=Oop [192]=Oop }
                      ;*invokevirtual checkReceiver {reexecute=0 rethrow=0 return_oop=0}
                      ; - jdk.internal.reflect.DirectMethodHandleAccessor::invoke@9 (line 99)
  0x00000229317fe220: 3cd5 fdff 

  0x00000229317fe224: ;   {other}
  0x00000229317fe224: 0f1f 8400 | 9c05 0000 | 488b 9424 | b000 0000 | 448b 420c 

  0x00000229317fe238: ;   {metadata(method data for {method} {0x0000022948298240} 'invoke' '(Ljava/lang/Object;[Ljava/lang/Object;)Ljava/lang/Object;' in 'jdk/internal/reflect/DirectMethodHandleAccessor')}
  0x00000229317fe238: 48be e08b | 3d89 2902 | 0000 4883 | 8698 0100 | 0001 498b | d04c 8b84 | 24b8 0000 

  0x00000229317fe254: ;   {static_call}
  0x00000229317fe254: 0066 90e8 

  0x00000229317fe258: ; ImmutableOopMap {[176]=Oop [184]=Oop [192]=Oop }
                      ;*invokestatic checkArgumentCount {reexecute=0 rethrow=0 return_oop=0}
                      ; - jdk.internal.reflect.DirectMethodHandleAccessor::invoke@17 (line 101)
  0x00000229317fe258: 042c 0000 

  0x00000229317fe25c: ;   {other}
  0x00000229317fe25c: 0f1f 8400 | d405 0001 | 488b 9424 | b000 0000 

  0x00000229317fe26c: ;   {metadata(method data for {method} {0x0000022948298240} 'invoke' '(Ljava/lang/Object;[Ljava/lang/Object;)Ljava/lang/Object;' in 'jdk/internal/reflect/DirectMethodHandleAccessor')}
  0x00000229317fe26c: 4c8b c249 | b9e0 8b3d | 8929 0200 | 0049 8381 | a801 0000 

  0x00000229317fe280: ;   {metadata(method data for {method} {0x000002294843e290} 'invokeImpl' '(Ljava/lang/Object;[Ljava/lang/Object;)Ljava/lang/Object;' in 'jdk/internal/reflect/DirectMethodHandleAccessor')}
  0x00000229317fe280: 0149 b858 | 933d 8929 | 0200 0045 | 8b88 cc00 | 0000 4183 | c102 4589 | 88cc 0000 | 0041 81e1 
  0x00000229317fe2a0: feff 1f00 | 4585 c90f | 84fe 1f00 | 0044 8b42 

  0x00000229317fe2b0: ;   {metadata(method data for {method} {0x000002294843e290} 'invokeImpl' '(Ljava/lang/Object;[Ljava/lang/Object;)Ljava/lang/Object;' in 'jdk/internal/reflect/DirectMethodHandleAccessor')}
  0x00000229317fe2b0: 0c49 b958 | 933d 8929 | 0200 00bf | 2001 0000 | 4585 c048 | 8bf7 bf30 | 0100 0048 | 0f45 fe41 
  0x00000229317fe2d0: 83f8 0148 | 8bf7 bf40 | 0100 0048 | 0f45 fe41 | 83f8 0248 | 8bf7 bf50 | 0100 0048 | 0f45 fe41 
  0x00000229317fe2f0: 83f8 0348 | 8bf7 bf60 | 0100 0048 | 0f45 fe49 | 8b34 3941 | ba01 0000 | 0049 03f2 | 4989 3439 
  0x00000229317fe310: 4585 c00f | 84d9 1500 | 0041 83f8 | 010f 847f | 0f00 0041 | 83f8 020f | 84ed 0800 | 0041 83f8 
  0x00000229317fe330: 030f 8413 | 0200 004c | 8b8c 24b8 | 0000 004c | 8b84 24c0 | 0000 008b | 7218 48c1 | e603 6690 
  0x00000229317fe350: ;   {oop(a 'java/lang/invoke/MethodType'{0x00000007235e6cc0} = (Ljava/lang/Object;[Ljava/lang/Object;)Ljava/lang/Object;)}
  0x00000229317fe350: 48bf c06c | 5e23 0700 | 0000 483b 

  0x00000229317fe35c: ;   {metadata(method data for {method} {0x000002294843e290} 'invokeImpl' '(Ljava/lang/Object;[Ljava/lang/Object;)Ljava/lang/Object;' in 'jdk/internal/reflect/DirectMethodHandleAccessor')}
  0x00000229317fe35c: 0648 bb58 | 933d 8929 | 0200 0048 | 8d9b 7803 | 0000 4d85 | c075 0ef6 | 4308 0175 | 50f0 4883 
  0x00000229317fe37c: 4b08 01eb | 4841 8b40 | 0849 ba00 | 0000 4829 | 0200 0049 | 03c2 4c8b | d048 3343 | 0848 a9fc 
  0x00000229317fe39c: ffff ff74 | 28a8 0275 | 2448 f743 | 08fe ffff | ff74 1649 | 8bc2 4833 | 4308 48a9 | fcff ffff 
  0x00000229317fe3bc: 740b 4883 | 4b08 02eb | 0448 8943 | 084d 85c9 | 750e f643 | 1801 7550 | f048 834b | 1801 eb48 
  0x00000229317fe3dc: 418b 4108 | 49ba 0000 | 0048 2902 | 0000 4903 | c24c 8bd0 | 4833 4318 | 48a9 fcff | ffff 7428 
  0x00000229317fe3fc: a802 7524 | 48f7 4318 | feff ffff | 7416 498b | c248 3343 | 1848 a9fc | ffff ff74 | 0b48 834b 
  0x00000229317fe41c: 1802 eb04 | 4889 4318 

  0x00000229317fe424: ;   {metadata(method data for {method} {0x000002294843e290} 'invokeImpl' '(Ljava/lang/Object;[Ljava/lang/Object;)Ljava/lang/Object;' in 'jdk/internal/reflect/DirectMethodHandleAccessor')}
  0x00000229317fe424: 488b de48 | b858 933d | 8929 0200 | 008b 5b08 | 49ba 0000 | 0048 2902 | 0000 4903 | da48 3b98 
  0x00000229317fe444: 5003 0000 | 750d 4883 | 8058 0300 | 0001 e960 | 0000 0048 | 3b98 6003 | 0000 750d | 4883 8068 
  0x00000229317fe464: 0300 0001 | e94a 0000 | 0048 83b8 | 5003 0000 | 0075 1748 | 8998 5003 | 0000 48c7 | 8058 0300 
  0x00000229317fe484: 0001 0000 | 00e9 2900 | 0000 4883 | b860 0300 | 0000 7517 | 4889 9860 | 0300 0048 | c780 6803 
  0x00000229317fe4a4: 0000 0100 | 0000 e908 | 0000 0048 | 8380 4803 | 0000 0148 | 8bd6 0f1f 

  0x00000229317fe4bc: ;   {optimized virtual_call}
  0x00000229317fe4bc: 4400 00e8 

  0x00000229317fe4c0: ; ImmutableOopMap {[176]=Oop }
                      ;*invokevirtual invokeExact {reexecute=0 rethrow=0 return_oop=0}
                      ; - jdk.internal.reflect.DirectMethodHandleAccessor::invokeImpl@104 (line 157)
                      ; - jdk.internal.reflect.DirectMethodHandleAccessor::invoke@23 (line 103)
  0x00000229317fe4c0: 1c03 f606 

  0x00000229317fe4c4: ;   {other}
  0x00000229317fe4c4: 0f1f 8400 | 3c08 0002 

  0x00000229317fe4cc: ;   {metadata(method data for {method} {0x000002294843e290} 'invokeImpl' '(Ljava/lang/Object;[Ljava/lang/Object;)Ljava/lang/Object;' in 'jdk/internal/reflect/DirectMethodHandleAccessor')}
  0x00000229317fe4cc: 48ba 5893 | 3d89 2902 | 0000 488d | 9298 0300 | 0048 85c0 | 750c f602 | 0175 4df0 | 4883 0a01 
  0x00000229317fe4ec: eb46 8b70 | 0849 ba00 | 0000 4829 | 0200 0049 | 03f2 4c8b | d648 3332 | 48f7 c6fc | ffff ff74 
  0x00000229317fe50c: 2740 f6c6 | 0275 2148 | f702 feff | ffff 7415 | 498b f248 | 3332 48f7 | c6fc ffff | ff74 0948 
  0x00000229317fe52c: 830a 02eb | 0348 8932 | 4881 c460 | 0100 005d 

  0x00000229317fe53c: ;   {poll_return}
  0x00000229317fe53c: 493b a748 | 0400 000f | 87a1 1d00 | 00c3 4c8b | 8c24 b800 | 0000 4c8b | 8424 c000 | 0000 8b72 
  0x00000229317fe55c: 1848 c1e6 | 0348 89b4 | 24d0 0000 | 0041 8379 | 0c00 0f86 | 961d 0000 | 418b 7910 | 48c1 e703 
  0x00000229317fe57c: 4889 bc24 | c800 0000 | 4183 790c | 010f 868d | 1d00 0041 | 8b59 1448 | c1e3 0348 | 899c 24d8 
  0x00000229317fe59c: 0000 0041 | 8379 0c02 | 0f86 841d | 0000 418b | 4118 48c1 | e003 4889 | 8424 e000 

  0x00000229317fe5b8: ;   {metadata(method data for {method} {0x000002294843e290} 'invokeImpl' '(Ljava/lang/Object;[Ljava/lang/Object;)Ljava/lang/Object;' in 'jdk/internal/reflect/DirectMethodHandleAccessor')}
  0x00000229317fe5b8: 0000 48b9 | 5893 3d89 | 2902 0000 | 488d 8900 | 0300 004d | 85c0 750e | f641 0801 | 7554 f048 
  0x00000229317fe5d8: 8349 0801 | eb4c 458b | 4808 49ba | 0000 0048 | 2902 0000 | 4d03 ca4d | 8bd1 4c33 | 4908 49f7 
  0x00000229317fe5f8: c1fc ffff | ff74 2b41 | f6c1 0275 | 2548 f741 | 08fe ffff | ff74 174d | 8bca 4c33 | 4908 49f7 
  0x00000229317fe618: c1fc ffff | ff74 0b48 | 8349 0802 | eb04 4c89 

  0x00000229317fe628: ;   {metadata(method data for {method} {0x00000229481e00e0} 'invokeExact_MT' '(Ljava/lang/Object;Ljava/lang/Object;Ljava/lang/Object;Ljava/lang/Object;Ljava/lang/Object;Ljava/lang/Object;)Ljava/lang/Object;' in 'java/lang/invoke/Invokers$Holder')}
  0x00000229317fe628: 4908 48b9 | 109a 3d89 | 2902 0000 | 488d 89b8 | 0200 0048 | 85f6 750c | f601 0175 | 4ef0 4883 
  0x00000229317fe648: 0901 eb47 | 448b 4e08 | 49ba 0000 | 0048 2902 | 0000 4d03 | ca4d 8bd1 | 4c33 0949 | f7c1 fcff 
  0x00000229317fe668: ffff 7427 | 41f6 c102 | 7521 48f7 | 01fe ffff | ff74 154d | 8bca 4c33 | 0949 f7c1 | fcff ffff 
  0x00000229317fe688: 7409 4883 | 0902 eb03 | 4c89 094d | 85c0 750e | f641 1001 | 7554 f048 | 8349 1001 | eb4c 458b 
  0x00000229317fe6a8: 4808 49ba | 0000 0048 | 2902 0000 | 4d03 ca4d | 8bd1 4c33 | 4910 49f7 | c1fc ffff | ff74 2b41 
  0x00000229317fe6c8: f6c1 0275 | 2548 f741 | 10fe ffff | ff74 174d | 8bca 4c33 | 4910 49f7 | c1fc ffff | ff74 0b48 
  0x00000229317fe6e8: 8349 1002 | eb04 4c89 

  0x00000229317fe6f0: ;   {metadata(method data for {method} {0x000002294843e290} 'invokeImpl' '(Ljava/lang/Object;[Ljava/lang/Object;)Ljava/lang/Object;' in 'jdk/internal/reflect/DirectMethodHandleAccessor')}
  0x00000229317fe6f0: 4910 48b9 | 5893 3d89 | 2902 0000 | 4883 81d0 | 0200 0001 

  0x00000229317fe704: ;   {metadata(method data for {method} {0x00000229481e00e0} 'invokeExact_MT' '(Ljava/lang/Object;Ljava/lang/Object;Ljava/lang/Object;Ljava/lang/Object;Ljava/lang/Object;Ljava/lang/Object;)Ljava/lang/Object;' in 'java/lang/invoke/Invokers$Holder')}
  0x00000229317fe704: 48b9 109a | 3d89 2902 | 0000 448b | 89cc 0000 | 0041 83c1 | 0244 8989 | cc00 0000 | 4181 e1fe 
  0x00000229317fe724: ff1f 0045 | 85c9 0f84 | 101c 0000 

  0x00000229317fe730: ;   {metadata(method data for {method} {0x00000229481e00e0} 'invokeExact_MT' '(Ljava/lang/Object;Ljava/lang/Object;Ljava/lang/Object;Ljava/lang/Object;Ljava/lang/Object;Ljava/lang/Object;)Ljava/lang/Object;' in 'java/lang/invoke/Invokers$Holder')}
  0x00000229317fe730: 48b9 109a | 3d89 2902 | 0000 488d | 8988 0100 | 0048 85f6 | 750e f641 | 0801 7554 | f048 8349 
  0x00000229317fe750: 0801 eb4c | 448b 4e08 | 49ba 0000 | 0048 2902 | 0000 4d03 | ca4d 8bd1 | 4c33 4908 | 49f7 c1fc 
  0x00000229317fe770: ffff ff74 | 2b41 f6c1 | 0275 2548 | f741 08fe | ffff ff74 | 174d 8bca | 4c33 4908 | 49f7 c1fc 
  0x00000229317fe790: ffff ff74 | 0b48 8349 | 0802 eb04 | 4c89 4908 

  0x00000229317fe7a0: ;   {metadata(method data for {method} {0x00000229481e00e0} 'invokeExact_MT' '(Ljava/lang/Object;Ljava/lang/Object;Ljava/lang/Object;Ljava/lang/Object;Ljava/lang/Object;Ljava/lang/Object;)Ljava/lang/Object;' in 'java/lang/invoke/Invokers$Holder')}
  0x00000229317fe7a0: 48b9 109a | 3d89 2902 | 0000 4883 | 8178 0100 

  0x00000229317fe7b0: ;   {metadata(method data for {method} {0x00000229484467a0} 'checkExactType' '(Ljava/lang/invoke/MethodHandle;Ljava/lang/invoke/MethodType;)V' in 'java/lang/invoke/Invokers')}
  0x00000229317fe7b0: 0001 48b9 | 889a 2689 | 2902 0000 | 448b 89cc | 0000 0041 | 83c1 0244 | 8989 cc00 | 0000 4181 
  0x00000229317fe7d0: e1fe ff1f | 0045 85c9 | 0f84 831b | 0000 483b | 0648 8bce 

  0x00000229317fe7e4: ;   {metadata(method data for {method} {0x00000229484467a0} 'checkExactType' '(Ljava/lang/invoke/MethodHandle;Ljava/lang/invoke/MethodType;)V' in 'java/lang/invoke/Invokers')}
  0x00000229317fe7e4: 49b9 889a | 2689 2902 | 0000 8b49 | 0849 ba00 | 0000 4829 | 0200 0049 | 03ca 493b | 8920 0100 
  0x00000229317fe804: 0075 0d49 | 8381 2801 | 0000 01e9 | 6000 0000 | 493b 8930 | 0100 0075 | 0d49 8381 | 3801 0000 
  0x00000229317fe824: 01e9 4a00 | 0000 4983 | b920 0100 | 0000 7517 | 4989 8920 | 0100 0049 | c781 2801 | 0000 0100 
  0x00000229317fe844: 0000 e929 | 0000 0049 | 83b9 3001 | 0000 0075 | 1749 8989 | 3001 0000 | 49c7 8138 | 0100 0001 
  0x00000229317fe864: 0000 00e9 | 0800 0000 | 4983 8118 | 0100 0001 | 8b4e 1048 

  0x00000229317fe878: ;   {oop(a 'java/lang/invoke/MethodType'{0x0000000722406178} = (Ljava/lang/Object;Ljava/lang/Object;Ljava/lang/Object;Ljava/lang/Object;)Ljava/lang/Object;)}
  0x00000229317fe878: c1e1 0349 | b978 6140 | 2207 0000 | 0049 3bc9 

  0x00000229317fe888: ;   {metadata(method data for {method} {0x00000229484467a0} 'checkExactType' '(Ljava/lang/invoke/MethodHandle;Ljava/lang/invoke/MethodType;)V' in 'java/lang/invoke/Invokers')}
  0x00000229317fe888: 49b9 889a | 2689 2902 | 0000 41bb | 5801 0000 | 7506 41bb | 4801 0000 | 4f8b 2c19 | 4d8d 6d01 
  0x00000229317fe8a8: 4f89 2c19 | 0f85 9514 

  0x00000229317fe8b0: ;   {metadata(method data for {method} {0x00000229481e00e0} 'invokeExact_MT' '(Ljava/lang/Object;Ljava/lang/Object;Ljava/lang/Object;Ljava/lang/Object;Ljava/lang/Object;Ljava/lang/Object;)Ljava/lang/Object;' in 'java/lang/invoke/Invokers$Holder')}
  0x00000229317fe8b0: 0000 48b9 | 109a 3d89 | 2902 0000 | 488d 89c0 | 0100 0044 | 8b4e 0849 | ba00 0000 | 4829 0200 
  0x00000229317fe8d0: 004d 03ca | 4d8b d14c | 3349 0849 | f7c1 fcff | ffff 742b | 41f6 c102 | 7525 48f7 | 4108 feff 
  0x00000229317fe8f0: ffff 7417 | 4d8b ca4c | 3349 0849 | f7c1 fcff | ffff 740b | 4883 4908 | 02eb 044c 

  0x00000229317fe90c: ;   {metadata(method data for {method} {0x00000229481e00e0} 'invokeExact_MT' '(Ljava/lang/Object;Ljava/lang/Object;Ljava/lang/Object;Ljava/lang/Object;Ljava/lang/Object;Ljava/lang/Object;)Ljava/lang/Object;' in 'java/lang/invoke/Invokers$Holder')}
  0x00000229317fe90c: 8949 0848 | b910 9a3d | 8929 0200 | 0048 8381 | b001 0000 

  0x00000229317fe920: ;   {metadata(method data for {method} {0x0000022948446698} 'checkCustomized' '(Ljava/lang/invoke/MethodHandle;)V' in 'java/lang/invoke/Invokers')}
  0x00000229317fe920: 0148 b9b8 | 9e26 8929 | 0200 0044 | 8b89 cc00 | 0000 4183 | c102 4489 | 89cc 0000 | 0041 81e1 
  0x00000229317fe940: feff 1f00 | 4585 c90f | 843a 1a00 

  0x00000229317fe94c: ;   {metadata(method data for {method} {0x0000022948446698} 'checkCustomized' '(Ljava/lang/invoke/MethodHandle;)V' in 'java/lang/invoke/Invokers')}
  0x00000229317fe94c: 0048 b9b8 | 9e26 8929 | 0200 0048 | 8381 1801 

  0x00000229317fe95c: ;   {metadata(method data for {method} {0x00000229481cfca8} 'isCompileConstant' '(Ljava/lang/Object;)Z' in 'java/lang/invoke/MethodHandleImpl')}
  0x00000229317fe95c: 0000 0148 | b970 a026 | 8929 0200 | 0044 8b89 | cc00 0000 | 4183 c102 | 4489 89cc | 0000 0041 
  0x00000229317fe97c: 81e1 feff | 1f00 4585 | c90f 841d 

  0x00000229317fe988: ;   {metadata(method data for {method} {0x0000022948446698} 'checkCustomized' '(Ljava/lang/invoke/MethodHandle;)V' in 'java/lang/invoke/Invokers')}
  0x00000229317fe988: 1a00 0048 | b9b8 9e26 | 8929 0200 | 00ff 8128 | 0100 008b | 4e14 48c1 | e103 8b49 | 1c48 c1e1 
  0x00000229317fe9a8: 0348 85c9 

  0x00000229317fe9ac: ;   {metadata(method data for {method} {0x0000022948446698} 'checkCustomized' '(Ljava/lang/invoke/MethodHandle;)V' in 'java/lang/invoke/Invokers')}
  0x00000229317fe9ac: 48b9 b89e | 2689 2902 | 0000 41b9 | 4801 0000 | 7506 41b9 | 5801 0000 | 4e8b 1c09 | 4d8d 5b01 
  0x00000229317fe9cc: 4e89 1c09 | 0f85 2600 

  0x00000229317fe9d4: ;   {metadata(method data for {method} {0x0000022948446698} 'checkCustomized' '(Ljava/lang/invoke/MethodHandle;)V' in 'java/lang/invoke/Invokers')}
  0x00000229317fe9d4: 0000 48b9 | b89e 2689 | 2902 0000 | 4883 8168 | 0100 0001 | 488b d60f 

  0x00000229317fe9ec: ;   {static_call}
  0x00000229317fe9ec: 1f40 00e8 

  0x00000229317fe9f0: ; ImmutableOopMap {[176]=Oop [192]=Oop [200]=Oop [208]=Oop [216]=Oop [224]=Oop }
                      ;*invokestatic maybeCustomize {reexecute=0 rethrow=0 return_oop=0}
                      ; - java.lang.invoke.Invokers::checkCustomized@19 (line 626)
                      ; - java.lang.invoke.Invokers$Holder::invokeExact_MT@15
                      ; - jdk.internal.reflect.DirectMethodHandleAccessor::invokeImpl@92 (line 156)
                      ; - jdk.internal.reflect.DirectMethodHandleAccessor::invoke@23 (line 103)
  0x00000229317fe9f0: acf3 5007 

  0x00000229317fe9f4: ;   {other}
  0x00000229317fe9f4: 0f1f 8400 | 6c0d 0003 | 488b bc24 | c800 0000 | 4c8b 8424 | c000 0000 

  0x00000229317fea0c: ;   {metadata(method data for {method} {0x00000229481e00e0} 'invokeExact_MT' '(Ljava/lang/Object;Ljava/lang/Object;Ljava/lang/Object;Ljava/lang/Object;Ljava/lang/Object;Ljava/lang/Object;)Ljava/lang/Object;' in 'java/lang/invoke/Invokers$Holder')}
  0x00000229317fea0c: 49b9 109a | 3d89 2902 | 0000 4d8d | 8908 0200 | 004d 85c0 | 750f 41f6 | 4108 0175 | 54f0 4983 
  0x00000229317fea2c: 4908 01eb | 4c41 8b70 | 0849 ba00 | 0000 4829 | 0200 0049 | 03f2 4c8b | d649 3371 | 0848 f7c6 
  0x00000229317fea4c: fcff ffff | 742b 40f6 | c602 7525 | 49f7 4108 | feff ffff | 7417 498b | f249 3371 | 0848 f7c6 
  0x00000229317fea6c: fcff ffff | 740b 4983 | 4908 02eb | 0449 8971 | 0848 85ff | 750f 41f6 | 4118 0175 | 53f0 4983 
  0x00000229317fea8c: 4918 01eb | 4b8b 7708 | 49ba 0000 | 0048 2902 | 0000 4903 | f24c 8bd6 | 4933 7118 | 48f7 c6fc 
  0x00000229317feaac: ffff ff74 | 2b40 f6c6 | 0275 2549 | f741 18fe | ffff ff74 | 1749 8bf2 | 4933 7118 | 48f7 c6fc 
  0x00000229317feacc: ffff ff74 | 0b49 8349 | 1802 eb04 | 4989 7118 | 488b b424 | d000 0000 

  0x00000229317feae4: ;   {metadata(method data for {method} {0x00000229481e00e0} 'invokeExact_MT' '(Ljava/lang/Object;Ljava/lang/Object;Ljava/lang/Object;Ljava/lang/Object;Ljava/lang/Object;Ljava/lang/Object;)Ljava/lang/Object;' in 'java/lang/invoke/Invokers$Holder')}
  0x00000229317feae4: 49b9 109a | 3d89 2902 | 0000 4983 | 81d8 0100 | 0001 4c8b | cf48 8bbc | 24d8 0000 | 0048 8bb4 
  0x00000229317feb04: 24e0 0000 | 0048 8b94 | 24d0 0000 | 0066 0f1f 

  0x00000229317feb14: ;   {optimized virtual_call}
  0x00000229317feb14: 4400 00e8 

  0x00000229317feb18: ; ImmutableOopMap {[176]=Oop }
                      ;*invokevirtual invokeBasic {reexecute=0 rethrow=0 return_oop=0}
                      ; - java.lang.invoke.Invokers$Holder::invokeExact_MT@24
                      ; - jdk.internal.reflect.DirectMethodHandleAccessor::invokeImpl@92 (line 156)
                      ; - jdk.internal.reflect.DirectMethodHandleAccessor::invoke@23 (line 103)
  0x00000229317feb18: 64e1 4b07 

  0x00000229317feb1c: ;   {other}
  0x00000229317feb1c: 0f1f 8400 | 940e 0004 

  0x00000229317feb24: ;   {metadata(method data for {method} {0x00000229481e00e0} 'invokeExact_MT' '(Ljava/lang/Object;Ljava/lang/Object;Ljava/lang/Object;Ljava/lang/Object;Ljava/lang/Object;Ljava/lang/Object;)Ljava/lang/Object;' in 'java/lang/invoke/Invokers$Holder')}
  0x00000229317feb24: 48ba 109a | 3d89 2902 | 0000 488d | 9228 0200 | 0048 85c0 | 750c f602 | 0175 4df0 | 4883 0a01 
  0x00000229317feb44: eb46 8b70 | 0849 ba00 | 0000 4829 | 0200 0049 | 03f2 4c8b | d648 3332 | 48f7 c6fc | ffff ff74 
  0x00000229317feb64: 2740 f6c6 | 0275 2148 | f702 feff | ffff 7415 | 498b f248 | 3332 48f7 | c6fc ffff | ff74 0948 
  0x00000229317feb84: 830a 02eb | 0348 8932 

  0x00000229317feb8c: ;   {metadata(method data for {method} {0x000002294843e290} 'invokeImpl' '(Ljava/lang/Object;[Ljava/lang/Object;)Ljava/lang/Object;' in 'jdk/internal/reflect/DirectMethodHandleAccessor')}
  0x00000229317feb8c: 48ba 5893 | 3d89 2902 | 0000 488d | 9220 0300 | 0048 85c0 | 750c f602 | 0175 4df0 | 4883 0a01 
  0x00000229317febac: eb46 8b70 | 0849 ba00 | 0000 4829 | 0200 0049 | 03f2 4c8b | d648 3332 | 48f7 c6fc | ffff ff74 
  0x00000229317febcc: 2740 f6c6 | 0275 2148 | f702 feff | ffff 7415 | 498b f248 | 3332 48f7 | c6fc ffff | ff74 0948 
  0x00000229317febec: 830a 02eb | 0348 8932 

  0x00000229317febf4: ;   {metadata(method data for {method} {0x000002294843e290} 'invokeImpl' '(Ljava/lang/Object;[Ljava/lang/Object;)Ljava/lang/Object;' in 'jdk/internal/reflect/DirectMethodHandleAccessor')}
  0x00000229317febf4: 48ba 5893 | 3d89 2902 | 0000 ff82 | 3003 0000 | 4881 c460 | 0100 005d 

  0x00000229317fec0c: ;   {poll_return}
  0x00000229317fec0c: 493b a748 | 0400 000f | 87b5 1700 | 00c3 4c8b | 8c24 b800 | 0000 4c8b | 8424 c000 | 0000 8b72 
  0x00000229317fec2c: 1848 c1e6 | 0348 89b4 | 24f0 0000 | 0041 8379 | 0c00 0f86 | aa17 0000 | 418b 7910 | 48c1 e703 
  0x00000229317fec4c: 4889 bc24 | e800 0000 | 4183 790c | 010f 86a1 | 1700 0041 | 8b59 1448 | c1e3 0348 | 899c 24f8 
  0x00000229317fec6c: ;   {metadata(method data for {method} {0x000002294843e290} 'invokeImpl' '(Ljava/lang/Object;[Ljava/lang/Object;)Ljava/lang/Object;' in 'jdk/internal/reflect/DirectMethodHandleAccessor')}
  0x00000229317fec6c: 0000 0048 | b858 933d | 8929 0200 | 0048 8d80 | 8802 0000 | 4d85 c075 | 0ef6 4008 | 0175 53f0 
  0x00000229317fec8c: 4883 4808 | 01eb 4b41 | 8b48 0849 | ba00 0000 | 4829 0200 | 0049 03ca | 4c8b d148 | 3348 0848 
  0x00000229317fecac: f7c1 fcff | ffff 742a | f6c1 0275 | 2548 f740 | 08fe ffff | ff74 1749 | 8bca 4833 | 4808 48f7 
  0x00000229317feccc: c1fc ffff | ff74 0b48 | 8348 0802 | eb04 4889 

  0x00000229317fecdc: ;   {metadata(method data for {method} {0x000002298942f2b8} 'invokeExact_MT' '(Ljava/lang/Object;Ljava/lang/Object;Ljava/lang/Object;Ljava/lang/Object;Ljava/lang/Object;)Ljava/lang/Object;' in 'java/lang/invoke/LambdaForm$MH+0x0000022949009800')}
  0x00000229317fecdc: 4808 48b8 | f8f4 4289 | 2902 0000 | 488d 80b0 | 0200 0048 | 85f6 750c | f600 0175 | 4cf0 4883 
  0x00000229317fecfc: 0801 eb45 | 8b4e 0849 | ba00 0000 | 4829 0200 | 0049 03ca | 4c8b d148 | 3308 48f7 | c1fc ffff 
  0x00000229317fed1c: ff74 26f6 | c102 7521 | 48f7 00fe | ffff ff74 | 1549 8bca | 4833 0848 | f7c1 fcff | ffff 7409 
  0x00000229317fed3c: 4883 0802 | eb03 4889 | 084d 85c0 | 750e f640 | 1001 7553 | f048 8348 | 1001 eb4b | 418b 4808 
  0x00000229317fed5c: 49ba 0000 | 0048 2902 | 0000 4903 | ca4c 8bd1 | 4833 4810 | 48f7 c1fc | ffff ff74 | 2af6 c102 
  0x00000229317fed7c: 7525 48f7 | 4010 feff | ffff 7417 | 498b ca48 | 3348 1048 | f7c1 fcff | ffff 740b | 4883 4810 
  0x00000229317fed9c: 02eb 0448 

  0x00000229317feda0: ;   {metadata(method data for {method} {0x000002294843e290} 'invokeImpl' '(Ljava/lang/Object;[Ljava/lang/Object;)Ljava/lang/Object;' in 'jdk/internal/reflect/DirectMethodHandleAccessor')}
  0x00000229317feda0: 8948 1048 | b858 933d | 8929 0200 | 0048 8380 | 5802 0000 

  0x00000229317fedb4: ;   {metadata(method data for {method} {0x000002298942f2b8} 'invokeExact_MT' '(Ljava/lang/Object;Ljava/lang/Object;Ljava/lang/Object;Ljava/lang/Object;Ljava/lang/Object;)Ljava/lang/Object;' in 'java/lang/invoke/LambdaForm$MH+0x0000022949009800')}
  0x00000229317fedb4: 0148 b8f8 | f442 8929 | 0200 008b | 88cc 0000 | 0083 c102 | 8988 cc00 | 0000 81e1 | feff 1f00 
  0x00000229317fedd4: 85c9 0f84 | 3616 0000 

  0x00000229317feddc: ;   {metadata(method data for {method} {0x000002298942f2b8} 'invokeExact_MT' '(Ljava/lang/Object;Ljava/lang/Object;Ljava/lang/Object;Ljava/lang/Object;Ljava/lang/Object;)Ljava/lang/Object;' in 'java/lang/invoke/LambdaForm$MH+0x0000022949009800')}
  0x00000229317feddc: 48b8 f8f4 | 4289 2902 | 0000 488d | 8088 0100 | 0048 85f6 | 750e f640 | 0801 7552 | f048 8348 
  0x00000229317fedfc: 0801 eb4a | 8b4e 0849 | ba00 0000 | 4829 0200 | 0049 03ca | 4c8b d148 | 3348 0848 | f7c1 fcff 
  0x00000229317fee1c: ffff 742a | f6c1 0275 | 2548 f740 | 08fe ffff | ff74 1749 | 8bca 4833 | 4808 48f7 | c1fc ffff 
  0x00000229317fee3c: ff74 0b48 | 8348 0802 | eb04 4889 

  0x00000229317fee48: ;   {metadata(method data for {method} {0x000002298942f2b8} 'invokeExact_MT' '(Ljava/lang/Object;Ljava/lang/Object;Ljava/lang/Object;Ljava/lang/Object;Ljava/lang/Object;)Ljava/lang/Object;' in 'java/lang/invoke/LambdaForm$MH+0x0000022949009800')}
  0x00000229317fee48: 4808 48b8 | f8f4 4289 | 2902 0000 | 4883 8078 | 0100 0001 

  0x00000229317fee5c: ;   {metadata(method data for {method} {0x00000229484467a0} 'checkExactType' '(Ljava/lang/invoke/MethodHandle;Ljava/lang/invoke/MethodType;)V' in 'java/lang/invoke/Invokers')}
  0x00000229317fee5c: 48b8 889a | 2689 2902 | 0000 8b88 | cc00 0000 | 83c1 0289 | 88cc 0000 | 0081 e1fe | ff1f 0085 
  0x00000229317fee7c: c90f 84b0 | 1500 0048 | 3b06 488b 

  0x00000229317fee88: ;   {metadata(method data for {method} {0x00000229484467a0} 'checkExactType' '(Ljava/lang/invoke/MethodHandle;Ljava/lang/invoke/MethodType;)V' in 'java/lang/invoke/Invokers')}
  0x00000229317fee88: c648 b988 | 9a26 8929 | 0200 008b | 4008 49ba | 0000 0048 | 2902 0000 | 4903 c248 | 3b81 2001 
  0x00000229317feea8: 0000 750d | 4883 8128 | 0100 0001 | e960 0000 | 0048 3b81 | 3001 0000 | 750d 4883 | 8138 0100 
  0x00000229317feec8: 0001 e94a | 0000 0048 | 83b9 2001 | 0000 0075 | 1748 8981 | 2001 0000 | 48c7 8128 | 0100 0001 
  0x00000229317feee8: 0000 00e9 | 2900 0000 | 4883 b930 | 0100 0000 | 7517 4889 | 8130 0100 | 0048 c781 | 3801 0000 
  0x00000229317fef08: 0100 0000 | e908 0000 | 0048 8381 | 1801 0000 | 018b 4610 | 48c1 e003 

  0x00000229317fef20: ;   {oop(a 'java/lang/invoke/MethodType'{0x0000000722404250} = (Ljava/lang/Object;Ljava/lang/Object;Ljava/lang/Object;)Ljava/lang/Object;)}
  0x00000229317fef20: 48b9 5042 | 4022 0700 | 0000 483b 

  0x00000229317fef2c: ;   {metadata(method data for {method} {0x00000229484467a0} 'checkExactType' '(Ljava/lang/invoke/MethodHandle;Ljava/lang/invoke/MethodType;)V' in 'java/lang/invoke/Invokers')}
  0x00000229317fef2c: c148 b988 | 9a26 8929 | 0200 0041 | b958 0100 | 0075 0641 | b948 0100 | 004e 8b1c | 094d 8d5b 
  0x00000229317fef4c: 014e 891c | 090f 85b0 

  0x00000229317fef54: ;   {metadata(method data for {method} {0x000002298942f2b8} 'invokeExact_MT' '(Ljava/lang/Object;Ljava/lang/Object;Ljava/lang/Object;Ljava/lang/Object;Ljava/lang/Object;)Ljava/lang/Object;' in 'java/lang/invoke/LambdaForm$MH+0x0000022949009800')}
  0x00000229317fef54: 0d00 0048 | b8f8 f442 | 8929 0200 | 0048 8d80 | c001 0000 | 8b4e 0849 | ba00 0000 | 4829 0200 
  0x00000229317fef74: 0049 03ca | 4c8b d148 | 3348 0848 | f7c1 fcff | ffff 742a | f6c1 0275 | 2548 f740 | 08fe ffff 
  0x00000229317fef94: ff74 1749 | 8bca 4833 | 4808 48f7 | c1fc ffff | ff74 0b48 | 8348 0802 | eb04 4889 

  0x00000229317fefb0: ;   {metadata(method data for {method} {0x000002298942f2b8} 'invokeExact_MT' '(Ljava/lang/Object;Ljava/lang/Object;Ljava/lang/Object;Ljava/lang/Object;Ljava/lang/Object;)Ljava/lang/Object;' in 'java/lang/invoke/LambdaForm$MH+0x0000022949009800')}
  0x00000229317fefb0: 4808 48b8 | f8f4 4289 | 2902 0000 | 4883 80b0 | 0100 0001 

  0x00000229317fefc4: ;   {metadata(method data for {method} {0x0000022948446698} 'checkCustomized' '(Ljava/lang/invoke/MethodHandle;)V' in 'java/lang/invoke/Invokers')}
  0x00000229317fefc4: 48b8 b89e | 2689 2902 | 0000 8b88 | cc00 0000 | 83c1 0289 | 88cc 0000 | 0081 e1fe | ff1f 0085 
  0x00000229317fefe4: c90f 846e 

  0x00000229317fefe8: ;   {metadata(method data for {method} {0x0000022948446698} 'checkCustomized' '(Ljava/lang/invoke/MethodHandle;)V' in 'java/lang/invoke/Invokers')}
  0x00000229317fefe8: 1400 0048 | b8b8 9e26 | 8929 0200 | 0048 8380 | 1801 0000 

  0x00000229317feffc: ;   {metadata(method data for {method} {0x00000229481cfca8} 'isCompileConstant' '(Ljava/lang/Object;)Z' in 'java/lang/invoke/MethodHandleImpl')}
  0x00000229317feffc: 0148 b870 | a026 8929 | 0200 008b | 88cc 0000 | 0083 c102 | 8988 cc00 | 0000 81e1 | feff 1f00 
  0x00000229317ff01c: 85c9 0f84 | 5614 0000 

  0x00000229317ff024: ;   {metadata(method data for {method} {0x0000022948446698} 'checkCustomized' '(Ljava/lang/invoke/MethodHandle;)V' in 'java/lang/invoke/Invokers')}
  0x00000229317ff024: 48b8 b89e | 2689 2902 | 0000 ff80 | 2801 0000 | 8b46 1448 | c1e0 038b | 401c 48c1 | e003 4885 
  0x00000229317ff044: ;   {metadata(method data for {method} {0x0000022948446698} 'checkCustomized' '(Ljava/lang/invoke/MethodHandle;)V' in 'java/lang/invoke/Invokers')}
  0x00000229317ff044: c048 b8b8 | 9e26 8929 | 0200 00b9 | 4801 0000 | 7505 b958 | 0100 004c | 8b0c 084d | 8d49 014c 
  0x00000229317ff064: 890c 080f | 8527 0000 

  0x00000229317ff06c: ;   {metadata(method data for {method} {0x0000022948446698} 'checkCustomized' '(Ljava/lang/invoke/MethodHandle;)V' in 'java/lang/invoke/Invokers')}
  0x00000229317ff06c: 0048 b8b8 | 9e26 8929 | 0200 0048 | 8380 6801 | 0000 0148 | 8bd6 0f1f 

  0x00000229317ff084: ;   {static_call}
  0x00000229317ff084: 4400 00e8 

  0x00000229317ff088: ; ImmutableOopMap {[176]=Oop [192]=Oop [232]=Oop [240]=Oop [248]=Oop }
                      ;*invokestatic maybeCustomize {reexecute=0 rethrow=0 return_oop=0}
                      ; - java.lang.invoke.Invokers::checkCustomized@19 (line 626)
                      ; - java.lang.invoke.LambdaForm$MH/0x0000022949009800::invokeExact_MT@15
                      ; - jdk.internal.reflect.DirectMethodHandleAccessor::invokeImpl@72 (line 155)
                      ; - jdk.internal.reflect.DirectMethodHandleAccessor::invoke@23 (line 103)
  0x00000229317ff088: 14ed 5007 

  0x00000229317ff08c: ;   {other}
  0x00000229317ff08c: 0f1f 8400 | 0414 0005 | 488b bc24 | e800 0000 | 4c8b 8424 | c000 0000 

  0x00000229317ff0a4: ;   {metadata(method data for {method} {0x000002298942f2b8} 'invokeExact_MT' '(Ljava/lang/Object;Ljava/lang/Object;Ljava/lang/Object;Ljava/lang/Object;Ljava/lang/Object;)Ljava/lang/Object;' in 'java/lang/invoke/LambdaForm$MH+0x0000022949009800')}
  0x00000229317ff0a4: 49b9 f8f4 | 4289 2902 | 0000 4d8d | 8908 0200 | 004d 85c0 | 750f 41f6 | 4108 0175 | 53f0 4983 
  0x00000229317ff0c4: 4908 01eb | 4b41 8b50 | 0849 ba00 | 0000 4829 | 0200 0049 | 03d2 4c8b | d249 3351 | 0848 f7c2 
  0x00000229317ff0e4: fcff ffff | 742a f6c2 | 0275 2549 | f741 08fe | ffff ff74 | 1749 8bd2 | 4933 5108 | 48f7 c2fc 
  0x00000229317ff104: ffff ff74 | 0b49 8349 | 0802 eb04 | 4989 5108 | 4885 ff75 | 0f41 f641 | 1801 7552 | f049 8349 
  0x00000229317ff124: 1801 eb4a | 8b57 0849 | ba00 0000 | 4829 0200 | 0049 03d2 | 4c8b d249 | 3351 1848 | f7c2 fcff 
  0x00000229317ff144: ffff 742a | f6c2 0275 | 2549 f741 | 18fe ffff | ff74 1749 | 8bd2 4933 | 5118 48f7 | c2fc ffff 
  0x00000229317ff164: ff74 0b49 | 8349 1802 | eb04 4989 | 5118 488b | b424 f000 

  0x00000229317ff178: ;   {metadata(method data for {method} {0x000002298942f2b8} 'invokeExact_MT' '(Ljava/lang/Object;Ljava/lang/Object;Ljava/lang/Object;Ljava/lang/Object;Ljava/lang/Object;)Ljava/lang/Object;' in 'java/lang/invoke/LambdaForm$MH+0x0000022949009800')}
  0x00000229317ff178: 0000 49b9 | f8f4 4289 | 2902 0000 | 4983 81d8 | 0100 0001 | 4c8b cf48 | 8bbc 24f8 | 0000 0048 
  0x00000229317ff198: 8b94 24f0 

  0x00000229317ff19c: ;   {optimized virtual_call}
  0x00000229317ff19c: 0000 00e8 

  0x00000229317ff1a0: ; ImmutableOopMap {[176]=Oop }
                      ;*invokevirtual invokeBasic {reexecute=0 rethrow=0 return_oop=0}
                      ; - java.lang.invoke.LambdaForm$MH/0x0000022949009800::invokeExact_MT@22
                      ; - jdk.internal.reflect.DirectMethodHandleAccessor::invokeImpl@72 (line 155)
                      ; - jdk.internal.reflect.DirectMethodHandleAccessor::invoke@23 (line 103)
  0x00000229317ff1a0: 5cf8 4b07 

  0x00000229317ff1a4: ;   {other}
  0x00000229317ff1a4: 0f1f 8400 | 1c15 0006 

  0x00000229317ff1ac: ;   {metadata(method data for {method} {0x000002298942f2b8} 'invokeExact_MT' '(Ljava/lang/Object;Ljava/lang/Object;Ljava/lang/Object;Ljava/lang/Object;Ljava/lang/Object;)Ljava/lang/Object;' in 'java/lang/invoke/LambdaForm$MH+0x0000022949009800')}
  0x00000229317ff1ac: 48ba f8f4 | 4289 2902 | 0000 488d | 9228 0200 | 0048 85c0 | 750c f602 | 0175 4df0 | 4883 0a01 
  0x00000229317ff1cc: eb46 8b70 | 0849 ba00 | 0000 4829 | 0200 0049 | 03f2 4c8b | d648 3332 | 48f7 c6fc | ffff ff74 
  0x00000229317ff1ec: 2740 f6c6 | 0275 2148 | f702 feff | ffff 7415 | 498b f248 | 3332 48f7 | c6fc ffff | ff74 0948 
  0x00000229317ff20c: 830a 02eb | 0348 8932 

  0x00000229317ff214: ;   {metadata(method data for {method} {0x000002294843e290} 'invokeImpl' '(Ljava/lang/Object;[Ljava/lang/Object;)Ljava/lang/Object;' in 'jdk/internal/reflect/DirectMethodHandleAccessor')}
  0x00000229317ff214: 48ba 5893 | 3d89 2902 | 0000 488d | 92a8 0200 | 0048 85c0 | 750c f602 | 0175 4df0 | 4883 0a01 
  0x00000229317ff234: eb46 8b70 | 0849 ba00 | 0000 4829 | 0200 0049 | 03f2 4c8b | d648 3332 | 48f7 c6fc | ffff ff74 
  0x00000229317ff254: 2740 f6c6 | 0275 2148 | f702 feff | ffff 7415 | 498b f248 | 3332 48f7 | c6fc ffff | ff74 0948 
  0x00000229317ff274: 830a 02eb | 0348 8932 

  0x00000229317ff27c: ;   {metadata(method data for {method} {0x000002294843e290} 'invokeImpl' '(Ljava/lang/Object;[Ljava/lang/Object;)Ljava/lang/Object;' in 'jdk/internal/reflect/DirectMethodHandleAccessor')}
  0x00000229317ff27c: 48ba 5893 | 3d89 2902 | 0000 ff82 | b802 0000 | 4881 c460 | 0100 005d 

  0x00000229317ff294: ;   {poll_return}
  0x00000229317ff294: 493b a748 | 0400 000f | 87ff 1100 | 00c3 4c8b | 8c24 b800 | 0000 4c8b | 8424 c000 | 0000 8b72 
  0x00000229317ff2b4: 1848 c1e6 | 0348 89b4 | 2408 0100 | 0041 8379 | 0c00 0f86 | f411 0000 | 418b 7910 | 48c1 e703 
  0x00000229317ff2d4: 4889 bc24 | 0001 0000 

  0x00000229317ff2dc: ;   {metadata(method data for {method} {0x000002294843e290} 'invokeImpl' '(Ljava/lang/Object;[Ljava/lang/Object;)Ljava/lang/Object;' in 'jdk/internal/reflect/DirectMethodHandleAccessor')}
  0x00000229317ff2dc: 48bb 5893 | 3d89 2902 | 0000 488d | 9b10 0200 | 004d 85c0 | 750e f643 | 0801 7550 | f048 834b 
  0x00000229317ff2fc: 0801 eb48 | 418b 4008 | 49ba 0000 | 0048 2902 | 0000 4903 | c24c 8bd0 | 4833 4308 | 48a9 fcff 
  0x00000229317ff31c: ffff 7428 | a802 7524 | 48f7 4308 | feff ffff | 7416 498b | c248 3343 | 0848 a9fc | ffff ff74 
  0x00000229317ff33c: 0b48 834b | 0802 eb04 | 4889 4308 

  0x00000229317ff348: ;   {metadata(method data for {method} {0x00000229481e0030} 'invokeExact_MT' '(Ljava/lang/Object;Ljava/lang/Object;Ljava/lang/Object;Ljava/lang/Object;)Ljava/lang/Object;' in 'java/lang/invoke/Invokers$Holder')}
  0x00000229317ff348: 48bb 5097 | 3d89 2902 | 0000 488d | 9ba8 0200 | 0048 85f6 | 750c f603 | 0175 49f0 | 4883 0b01 
  0x00000229317ff368: eb42 8b46 | 0849 ba00 | 0000 4829 | 0200 0049 | 03c2 4c8b | d048 3303 | 48a9 fcff | ffff 7424 
  0x00000229317ff388: a802 7520 | 48f7 03fe | ffff ff74 | 1449 8bc2 | 4833 0348 | a9fc ffff | ff74 0948 | 830b 02eb 
  0x00000229317ff3a8: 0348 8903 | 4d85 c075 | 0ef6 4310 | 0175 50f0 | 4883 4b10 | 01eb 4841 | 8b40 0849 | ba00 0000 
  0x00000229317ff3c8: 4829 0200 | 0049 03c2 | 4c8b d048 | 3343 1048 | a9fc ffff | ff74 28a8 | 0275 2448 | f743 10fe 
  0x00000229317ff3e8: ffff ff74 | 1649 8bc2 | 4833 4310 | 48a9 fcff | ffff 740b | 4883 4b10 | 02eb 0448 

  0x00000229317ff404: ;   {metadata(method data for {method} {0x000002294843e290} 'invokeImpl' '(Ljava/lang/Object;[Ljava/lang/Object;)Ljava/lang/Object;' in 'jdk/internal/reflect/DirectMethodHandleAccessor')}
  0x00000229317ff404: 8943 1048 | bb58 933d | 8929 0200 | 0048 8383 | e001 0000 

  0x00000229317ff418: ;   {metadata(method data for {method} {0x00000229481e0030} 'invokeExact_MT' '(Ljava/lang/Object;Ljava/lang/Object;Ljava/lang/Object;Ljava/lang/Object;)Ljava/lang/Object;' in 'java/lang/invoke/Invokers$Holder')}
  0x00000229317ff418: 0148 bb50 | 973d 8929 | 0200 008b | 83cc 0000 | 0083 c002 | 8983 cc00 | 0000 25fe | ff1f 0085 
  0x00000229317ff438: c00f 8493 

  0x00000229317ff43c: ;   {metadata(method data for {method} {0x00000229481e0030} 'invokeExact_MT' '(Ljava/lang/Object;Ljava/lang/Object;Ljava/lang/Object;Ljava/lang/Object;)Ljava/lang/Object;' in 'java/lang/invoke/Invokers$Holder')}
  0x00000229317ff43c: 1000 0048 | bb50 973d | 8929 0200 | 0048 8d9b | 8801 0000 | 4885 f675 | 0ef6 4308 | 0175 4ff0 
  0x00000229317ff45c: 4883 4b08 | 01eb 478b | 4608 49ba | 0000 0048 | 2902 0000 | 4903 c24c | 8bd0 4833 | 4308 48a9 
  0x00000229317ff47c: fcff ffff | 7428 a802 | 7524 48f7 | 4308 feff | ffff 7416 | 498b c248 | 3343 0848 | a9fc ffff 
  0x00000229317ff49c: ff74 0b48 | 834b 0802 | eb04 4889 

  0x00000229317ff4a8: ;   {metadata(method data for {method} {0x00000229481e0030} 'invokeExact_MT' '(Ljava/lang/Object;Ljava/lang/Object;Ljava/lang/Object;Ljava/lang/Object;)Ljava/lang/Object;' in 'java/lang/invoke/Invokers$Holder')}
  0x00000229317ff4a8: 4308 48bb | 5097 3d89 | 2902 0000 | 4883 8378 | 0100 0001 

  0x00000229317ff4bc: ;   {metadata(method data for {method} {0x00000229484467a0} 'checkExactType' '(Ljava/lang/invoke/MethodHandle;Ljava/lang/invoke/MethodType;)V' in 'java/lang/invoke/Invokers')}
  0x00000229317ff4bc: 48bb 889a | 2689 2902 | 0000 8b83 | cc00 0000 | 83c0 0289 | 83cc 0000 | 0025 feff | 1f00 85c0 
  0x00000229317ff4dc: 0f84 1110 | 0000 483b | 0648 8bde 

  0x00000229317ff4e8: ;   {metadata(method data for {method} {0x00000229484467a0} 'checkExactType' '(Ljava/lang/invoke/MethodHandle;Ljava/lang/invoke/MethodType;)V' in 'java/lang/invoke/Invokers')}
  0x00000229317ff4e8: 48b8 889a | 2689 2902 | 0000 8b5b | 0849 ba00 | 0000 4829 | 0200 0049 | 03da 483b | 9820 0100 
  0x00000229317ff508: 0075 0d48 | 8380 2801 | 0000 01e9 | 6000 0000 | 483b 9830 | 0100 0075 | 0d48 8380 | 3801 0000 
  0x00000229317ff528: 01e9 4a00 | 0000 4883 | b820 0100 | 0000 7517 | 4889 9820 | 0100 0048 | c780 2801 | 0000 0100 
  0x00000229317ff548: 0000 e929 | 0000 0048 | 83b8 3001 | 0000 0075 | 1748 8998 | 3001 0000 | 48c7 8038 | 0100 0001 
  0x00000229317ff568: 0000 00e9 | 0800 0000 | 4883 8018 | 0100 0001 | 8b5e 1048 

  0x00000229317ff57c: ;   {oop(a 'java/lang/invoke/MethodType'{0x00000007224041b0} = (Ljava/lang/Object;Ljava/lang/Object;)Ljava/lang/Object;)}
  0x00000229317ff57c: c1e3 0348 | b8b0 4140 | 2207 0000 | 0048 3bd8 

  0x00000229317ff58c: ;   {metadata(method data for {method} {0x00000229484467a0} 'checkExactType' '(Ljava/lang/invoke/MethodHandle;Ljava/lang/invoke/MethodType;)V' in 'java/lang/invoke/Invokers')}
  0x00000229317ff58c: 48b8 889a | 2689 2902 | 0000 b958 | 0100 0075 | 05b9 4801 | 0000 4c8b | 0c08 4d8d | 4901 4c89 
  0x00000229317ff5ac: 0c08 0f85 | 1307 0000 

  0x00000229317ff5b4: ;   {metadata(method data for {method} {0x00000229481e0030} 'invokeExact_MT' '(Ljava/lang/Object;Ljava/lang/Object;Ljava/lang/Object;Ljava/lang/Object;)Ljava/lang/Object;' in 'java/lang/invoke/Invokers$Holder')}
  0x00000229317ff5b4: 48bb 5097 | 3d89 2902 | 0000 488d | 9bc0 0100 | 008b 4608 | 49ba 0000 | 0048 2902 | 0000 4903 
  0x00000229317ff5d4: c24c 8bd0 | 4833 4308 | 48a9 fcff | ffff 7428 | a802 7524 | 48f7 4308 | feff ffff | 7416 498b 
  0x00000229317ff5f4: c248 3343 | 0848 a9fc | ffff ff74 | 0b48 834b | 0802 eb04 | 4889 4308 

  0x00000229317ff60c: ;   {metadata(method data for {method} {0x00000229481e0030} 'invokeExact_MT' '(Ljava/lang/Object;Ljava/lang/Object;Ljava/lang/Object;Ljava/lang/Object;)Ljava/lang/Object;' in 'java/lang/invoke/Invokers$Holder')}
  0x00000229317ff60c: 48bb 5097 | 3d89 2902 | 0000 4883 | 83b0 0100 

  0x00000229317ff61c: ;   {metadata(method data for {method} {0x0000022948446698} 'checkCustomized' '(Ljava/lang/invoke/MethodHandle;)V' in 'java/lang/invoke/Invokers')}
  0x00000229317ff61c: 0001 48bb | b89e 2689 | 2902 0000 | 8b83 cc00 | 0000 83c0 | 0289 83cc | 0000 0025 | feff 1f00 
  0x00000229317ff63c: 85c0 0f84 | d50e 0000 

  0x00000229317ff644: ;   {metadata(method data for {method} {0x0000022948446698} 'checkCustomized' '(Ljava/lang/invoke/MethodHandle;)V' in 'java/lang/invoke/Invokers')}
  0x00000229317ff644: 48bb b89e | 2689 2902 | 0000 4883 | 8318 0100 

  0x00000229317ff654: ;   {metadata(method data for {method} {0x00000229481cfca8} 'isCompileConstant' '(Ljava/lang/Object;)Z' in 'java/lang/invoke/MethodHandleImpl')}
  0x00000229317ff654: 0001 48bb | 70a0 2689 | 2902 0000 | 8b83 cc00 | 0000 83c0 | 0289 83cc | 0000 0025 | feff 1f00 
  0x00000229317ff674: 85c0 0f84 | be0e 0000 

  0x00000229317ff67c: ;   {metadata(method data for {method} {0x0000022948446698} 'checkCustomized' '(Ljava/lang/invoke/MethodHandle;)V' in 'java/lang/invoke/Invokers')}
  0x00000229317ff67c: 48bb b89e | 2689 2902 | 0000 ff83 | 2801 0000 | 8b5e 1448 | c1e3 038b | 5b1c 48c1 | e303 4885 
  0x00000229317ff69c: ;   {metadata(method data for {method} {0x0000022948446698} 'checkCustomized' '(Ljava/lang/invoke/MethodHandle;)V' in 'java/lang/invoke/Invokers')}
  0x00000229317ff69c: db48 bbb8 | 9e26 8929 | 0200 00b8 | 4801 0000 | 7505 b858 | 0100 0048 | 8b0c 0348 | 8d49 0148 
  0x00000229317ff6bc: 890c 030f | 8527 0000 

  0x00000229317ff6c4: ;   {metadata(method data for {method} {0x0000022948446698} 'checkCustomized' '(Ljava/lang/invoke/MethodHandle;)V' in 'java/lang/invoke/Invokers')}
  0x00000229317ff6c4: 0048 bbb8 | 9e26 8929 | 0200 0048 | 8383 6801 | 0000 0148 | 8bd6 0f1f 

  0x00000229317ff6dc: ;   {static_call}
  0x00000229317ff6dc: 4400 00e8 

  0x00000229317ff6e0: ; ImmutableOopMap {[176]=Oop [192]=Oop [256]=Oop [264]=Oop }
                      ;*invokestatic maybeCustomize {reexecute=0 rethrow=0 return_oop=0}
                      ; - java.lang.invoke.Invokers::checkCustomized@19 (line 626)
                      ; - java.lang.invoke.Invokers$Holder::invokeExact_MT@14
                      ; - jdk.internal.reflect.DirectMethodHandleAccessor::invokeImpl@55 (line 154)
                      ; - jdk.internal.reflect.DirectMethodHandleAccessor::invoke@23 (line 103)
  0x00000229317ff6e0: bce6 5007 

  0x00000229317ff6e4: ;   {other}
  0x00000229317ff6e4: 0f1f 8400 | 5c1a 0007 | 488b bc24 | 0001 0000 | 4c8b 8424 | c000 0000 

  0x00000229317ff6fc: ;   {metadata(method data for {method} {0x00000229481e0030} 'invokeExact_MT' '(Ljava/lang/Object;Ljava/lang/Object;Ljava/lang/Object;Ljava/lang/Object;)Ljava/lang/Object;' in 'java/lang/invoke/Invokers$Holder')}
  0x00000229317ff6fc: 49b9 5097 | 3d89 2902 | 0000 4d8d | 8908 0200 | 004d 85c0 | 750f 41f6 | 4108 0175 | 53f0 4983 
  0x00000229317ff71c: 4908 01eb | 4b41 8b50 | 0849 ba00 | 0000 4829 | 0200 0049 | 03d2 4c8b | d249 3351 | 0848 f7c2 
  0x00000229317ff73c: fcff ffff | 742a f6c2 | 0275 2549 | f741 08fe | ffff ff74 | 1749 8bd2 | 4933 5108 | 48f7 c2fc 
  0x00000229317ff75c: ffff ff74 | 0b49 8349 | 0802 eb04 | 4989 5108 | 4885 ff75 | 0f41 f641 | 1801 7552 | f049 8349 
  0x00000229317ff77c: 1801 eb4a | 8b57 0849 | ba00 0000 | 4829 0200 | 0049 03d2 | 4c8b d249 | 3351 1848 | f7c2 fcff 
  0x00000229317ff79c: ffff 742a | f6c2 0275 | 2549 f741 | 18fe ffff | ff74 1749 | 8bd2 4933 | 5118 48f7 | c2fc ffff 
  0x00000229317ff7bc: ff74 0b49 | 8349 1802 | eb04 4989 | 5118 488b | b424 0801 

  0x00000229317ff7d0: ;   {metadata(method data for {method} {0x00000229481e0030} 'invokeExact_MT' '(Ljava/lang/Object;Ljava/lang/Object;Ljava/lang/Object;Ljava/lang/Object;)Ljava/lang/Object;' in 'java/lang/invoke/Invokers$Holder')}
  0x00000229317ff7d0: 0000 49b9 | 5097 3d89 | 2902 0000 | 4983 81d8 | 0100 0001 | 4c8b cf48 | 8b94 2408 

  0x00000229317ff7ec: ;   {optimized virtual_call}
  0x00000229317ff7ec: 0100 00e8 

  0x00000229317ff7f0: ; ImmutableOopMap {[176]=Oop }
                      ;*invokevirtual invokeBasic {reexecute=0 rethrow=0 return_oop=0}
                      ; - java.lang.invoke.Invokers$Holder::invokeExact_MT@20
                      ; - jdk.internal.reflect.DirectMethodHandleAccessor::invokeImpl@55 (line 154)
                      ; - jdk.internal.reflect.DirectMethodHandleAccessor::invoke@23 (line 103)
  0x00000229317ff7f0: 0c80 4a07 

  0x00000229317ff7f4: ;   {other}
  0x00000229317ff7f4: 0f1f 8400 | 6c1b 0008 

  0x00000229317ff7fc: ;   {metadata(method data for {method} {0x00000229481e0030} 'invokeExact_MT' '(Ljava/lang/Object;Ljava/lang/Object;Ljava/lang/Object;Ljava/lang/Object;)Ljava/lang/Object;' in 'java/lang/invoke/Invokers$Holder')}
  0x00000229317ff7fc: 48ba 5097 | 3d89 2902 | 0000 488d | 9228 0200 | 0048 85c0 | 750c f602 | 0175 4df0 | 4883 0a01 
  0x00000229317ff81c: eb46 8b70 | 0849 ba00 | 0000 4829 | 0200 0049 | 03f2 4c8b | d648 3332 | 48f7 c6fc | ffff ff74 
  0x00000229317ff83c: 2740 f6c6 | 0275 2148 | f702 feff | ffff 7415 | 498b f248 | 3332 48f7 | c6fc ffff | ff74 0948 
  0x00000229317ff85c: 830a 02eb | 0348 8932 

  0x00000229317ff864: ;   {metadata(method data for {method} {0x000002294843e290} 'invokeImpl' '(Ljava/lang/Object;[Ljava/lang/Object;)Ljava/lang/Object;' in 'jdk/internal/reflect/DirectMethodHandleAccessor')}
  0x00000229317ff864: 48ba 5893 | 3d89 2902 | 0000 488d | 9230 0200 | 0048 85c0 | 750c f602 | 0175 4df0 | 4883 0a01 
  0x00000229317ff884: eb46 8b70 | 0849 ba00 | 0000 4829 | 0200 0049 | 03f2 4c8b | d648 3332 | 48f7 c6fc | ffff ff74 
  0x00000229317ff8a4: 2740 f6c6 | 0275 2148 | f702 feff | ffff 7415 | 498b f248 | 3332 48f7 | c6fc ffff | ff74 0948 
  0x00000229317ff8c4: 830a 02eb | 0348 8932 

  0x00000229317ff8cc: ;   {metadata(method data for {method} {0x000002294843e290} 'invokeImpl' '(Ljava/lang/Object;[Ljava/lang/Object;)Ljava/lang/Object;' in 'jdk/internal/reflect/DirectMethodHandleAccessor')}
  0x00000229317ff8cc: 48ba 5893 | 3d89 2902 | 0000 ff82 | 4002 0000 | 4881 c460 | 0100 005d 

  0x00000229317ff8e4: ;   {poll_return}
  0x00000229317ff8e4: 493b a748 | 0400 000f | 876f 0c00 | 00c3 4c8b | 8424 c000 | 0000 8b72 | 1848 c1e6 | 0348 89b4 
  0x00000229317ff904: 2410 0100 

  0x00000229317ff908: ;   {metadata(method data for {method} {0x000002294843e290} 'invokeImpl' '(Ljava/lang/Object;[Ljava/lang/Object;)Ljava/lang/Object;' in 'jdk/internal/reflect/DirectMethodHandleAccessor')}
  0x00000229317ff908: 0048 bf58 | 933d 8929 | 0200 0048 | 8dbf a801 | 0000 4d85 | c075 0ef6 | 4708 0175 | 33f0 4883 
  0x00000229317ff928: 4f08 01eb | 2b41 8b58 | 0849 ba00 | 0000 4829 | 0200 0049 | 03da 4c8b | d348 335f | 0848 f7c3 
  0x00000229317ff948: fcff ffff | 740a f6c3 | 0275 0548 | 834f 0802 

  0x00000229317ff958: ;   {metadata(method data for {method} {0x00000229481e0190} 'invokeExact_MT' '(Ljava/lang/Object;Ljava/lang/Object;Ljava/lang/Object;)Ljava/lang/Object;' in 'java/lang/invoke/Invokers$Holder')}
  0x00000229317ff958: 48bf c008 | 2a89 2902 | 0000 488d | bf90 0200 | 0048 85f6 | 750a f607 | 0175 05f0 | 4883 0f01 
  0x00000229317ff978: ;   {metadata(method data for {method} {0x000002294843e290} 'invokeImpl' '(Ljava/lang/Object;[Ljava/lang/Object;)Ljava/lang/Object;' in 'jdk/internal/reflect/DirectMethodHandleAccessor')}
  0x00000229317ff978: 48bf 5893 | 3d89 2902 | 0000 4883 | 8778 0100 

  0x00000229317ff988: ;   {metadata(method data for {method} {0x00000229481e0190} 'invokeExact_MT' '(Ljava/lang/Object;Ljava/lang/Object;Ljava/lang/Object;)Ljava/lang/Object;' in 'java/lang/invoke/Invokers$Holder')}
  0x00000229317ff988: 0001 48bf | c008 2a89 | 2902 0000 | 8b9f cc00 | 0000 83c3 | 0289 9fcc | 0000 0081 | e3fe ff1f 
  0x00000229317ff9a8: 0085 db0f | 84c5 0b00 

  0x00000229317ff9b0: ;   {metadata(method data for {method} {0x00000229481e0190} 'invokeExact_MT' '(Ljava/lang/Object;Ljava/lang/Object;Ljava/lang/Object;)Ljava/lang/Object;' in 'java/lang/invoke/Invokers$Holder')}
  0x00000229317ff9b0: 0048 bfc0 | 082a 8929 | 0200 0048 | 8dbf 8801 | 0000 4885 | f675 0cf6 | 4708 0175 | 06f0 4883 
  0x00000229317ff9d0: ;   {metadata(method data for {method} {0x00000229481e0190} 'invokeExact_MT' '(Ljava/lang/Object;Ljava/lang/Object;Ljava/lang/Object;)Ljava/lang/Object;' in 'java/lang/invoke/Invokers$Holder')}
  0x00000229317ff9d0: 4f08 0148 | bfc0 082a | 8929 0200 | 0048 8387 | 7801 0000 

  0x00000229317ff9e4: ;   {metadata(method data for {method} {0x00000229484467a0} 'checkExactType' '(Ljava/lang/invoke/MethodHandle;Ljava/lang/invoke/MethodType;)V' in 'java/lang/invoke/Invokers')}
  0x00000229317ff9e4: 0148 bf88 | 9a26 8929 | 0200 008b | 9fcc 0000 | 0083 c302 | 899f cc00 | 0000 81e3 | feff 1f00 
  0x00000229317ffa04: 85db 0f84 | 8b0b 0000 

  0x00000229317ffa0c: ; implicit exception: dispatches to 0x00000229318005b8
  0x00000229317ffa0c: 483b 0648 

  0x00000229317ffa10: ;   {metadata(method data for {method} {0x00000229484467a0} 'checkExactType' '(Ljava/lang/invoke/MethodHandle;Ljava/lang/invoke/MethodType;)V' in 'java/lang/invoke/Invokers')}
  0x00000229317ffa10: 8bfe 48bb | 889a 2689 | 2902 0000 | 8b7f 0849 | ba00 0000 | 4829 0200 | 0049 03fa | 483b bb20 
  0x00000229317ffa30: 0100 0075 | 0d48 8383 | 2801 0000 | 01e9 6000 | 0000 483b | bb30 0100 | 0075 0d48 | 8383 3801 
  0x00000229317ffa50: 0000 01e9 | 4a00 0000 | 4883 bb20 | 0100 0000 | 7517 4889 | bb20 0100 | 0048 c783 | 2801 0000 
  0x00000229317ffa70: 0100 0000 | e929 0000 | 0048 83bb | 3001 0000 | 0075 1748 | 89bb 3001 | 0000 48c7 | 8338 0100 
  0x00000229317ffa90: 0001 0000 | 00e9 0800 | 0000 4883 | 8318 0100 | 0001 8b7e | 1048 c1e7 

  0x00000229317ffaa8: ;   {oop(a 'java/lang/invoke/MethodType'{0x0000000722404590} = (Ljava/lang/Object;)Ljava/lang/Object;)}
  0x00000229317ffaa8: 0348 bb90 | 4540 2207 | 0000 0048 

  0x00000229317ffab4: ;   {metadata(method data for {method} {0x00000229484467a0} 'checkExactType' '(Ljava/lang/invoke/MethodHandle;Ljava/lang/invoke/MethodType;)V' in 'java/lang/invoke/Invokers')}
  0x00000229317ffab4: 3bfb 48bb | 889a 2689 | 2902 0000 | b858 0100 | 0075 05b8 | 4801 0000 | 488b 0c03 | 488d 4901 
  0x00000229317ffad4: 4889 0c03 | 0f85 a801 

  0x00000229317ffadc: ;   {metadata(method data for {method} {0x00000229481e0190} 'invokeExact_MT' '(Ljava/lang/Object;Ljava/lang/Object;Ljava/lang/Object;)Ljava/lang/Object;' in 'java/lang/invoke/Invokers$Holder')}
  0x00000229317ffadc: 0000 48bf | c008 2a89 | 2902 0000 | 4883 87b0 | 0100 0001 

  0x00000229317ffaf0: ;   {metadata(method data for {method} {0x0000022948446698} 'checkCustomized' '(Ljava/lang/invoke/MethodHandle;)V' in 'java/lang/invoke/Invokers')}
  0x00000229317ffaf0: 48bf b89e | 2689 2902 | 0000 8b9f | cc00 0000 | 83c3 0289 | 9fcc 0000 | 0081 e3fe | ff1f 0085 
  0x00000229317ffb10: db0f 84a6 

  0x00000229317ffb14: ;   {metadata(method data for {method} {0x0000022948446698} 'checkCustomized' '(Ljava/lang/invoke/MethodHandle;)V' in 'java/lang/invoke/Invokers')}
  0x00000229317ffb14: 0a00 0048 | bfb8 9e26 | 8929 0200 | 0048 8387 | 1801 0000 

  0x00000229317ffb28: ;   {metadata(method data for {method} {0x00000229481cfca8} 'isCompileConstant' '(Ljava/lang/Object;)Z' in 'java/lang/invoke/MethodHandleImpl')}
  0x00000229317ffb28: 0148 bf70 | a026 8929 | 0200 008b | 9fcc 0000 | 0083 c302 | 899f cc00 | 0000 81e3 | feff 1f00 
  0x00000229317ffb48: 85db 0f84 | 8e0a 0000 

  0x00000229317ffb50: ;   {metadata(method data for {method} {0x0000022948446698} 'checkCustomized' '(Ljava/lang/invoke/MethodHandle;)V' in 'java/lang/invoke/Invokers')}
  0x00000229317ffb50: 48bf b89e | 2689 2902 | 0000 ff87 | 2801 0000 | 8b7e 1448 | c1e7 038b | 7f1c 48c1 | e703 4885 
  0x00000229317ffb70: ;   {metadata(method data for {method} {0x0000022948446698} 'checkCustomized' '(Ljava/lang/invoke/MethodHandle;)V' in 'java/lang/invoke/Invokers')}
  0x00000229317ffb70: ff48 bfb8 | 9e26 8929 | 0200 00bb | 4801 0000 | 7505 bb58 | 0100 0048 | 8b04 1f48 | 8d40 0148 
  0x00000229317ffb90: 8904 1f0f | 8523 0000 

  0x00000229317ffb98: ;   {metadata(method data for {method} {0x0000022948446698} 'checkCustomized' '(Ljava/lang/invoke/MethodHandle;)V' in 'java/lang/invoke/Invokers')}
  0x00000229317ffb98: 0048 bfb8 | 9e26 8929 | 0200 0048 | 8387 6801 | 0000 0148 

  0x00000229317ffbac: ;   {static_call}
  0x00000229317ffbac: 8bd6 90e8 

  0x00000229317ffbb0: ; ImmutableOopMap {[176]=Oop [192]=Oop [272]=Oop }
                      ;*invokestatic maybeCustomize {reexecute=0 rethrow=0 return_oop=0}
                      ; - java.lang.invoke.Invokers::checkCustomized@19 (line 626)
                      ; - java.lang.invoke.Invokers$Holder::invokeExact_MT@14
                      ; - jdk.internal.reflect.DirectMethodHandleAccessor::invokeImpl@41 (line 153)
                      ; - jdk.internal.reflect.DirectMethodHandleAccessor::invoke@23 (line 103)
  0x00000229317ffbb0: ece1 5007 

  0x00000229317ffbb4: ;   {other}
  0x00000229317ffbb4: 0f1f 8400 | 2c1f 0009 | 488b b424 | 1001 0000 

  0x00000229317ffbc4: ;   {metadata(method data for {method} {0x00000229481e0190} 'invokeExact_MT' '(Ljava/lang/Object;Ljava/lang/Object;Ljava/lang/Object;)Ljava/lang/Object;' in 'java/lang/invoke/Invokers$Holder')}
  0x00000229317ffbc4: 49b8 c008 | 2a89 2902 | 0000 4983 | 80d8 0100 | 0001 4c8b | 8424 c000 | 0000 488b | 9424 1001 
  0x00000229317ffbe4: ;   {optimized virtual_call}
  0x00000229317ffbe4: 0000 90e8 

  0x00000229317ffbe8: ; ImmutableOopMap {[176]=Oop }
                      ;*invokevirtual invokeBasic {reexecute=0 rethrow=0 return_oop=0}
                      ; - java.lang.invoke.Invokers$Holder::invokeExact_MT@19
                      ; - jdk.internal.reflect.DirectMethodHandleAccessor::invokeImpl@41 (line 153)
                      ; - jdk.internal.reflect.DirectMethodHandleAccessor::invoke@23 (line 103)
  0x00000229317ffbe8: 14b6 4b07 

  0x00000229317ffbec: ;   {other}
  0x00000229317ffbec: 0f1f 8400 | 641f 000a 

  0x00000229317ffbf4: ;   {metadata(method data for {method} {0x00000229481e0190} 'invokeExact_MT' '(Ljava/lang/Object;Ljava/lang/Object;Ljava/lang/Object;)Ljava/lang/Object;' in 'java/lang/invoke/Invokers$Holder')}
  0x00000229317ffbf4: 48ba c008 | 2a89 2902 | 0000 488d | 9218 0200 | 0048 85c0 | 750a f602 | 0175 05f0 | 4883 0a01 
  0x00000229317ffc14: ;   {metadata(method data for {method} {0x000002294843e290} 'invokeImpl' '(Ljava/lang/Object;[Ljava/lang/Object;)Ljava/lang/Object;' in 'jdk/internal/reflect/DirectMethodHandleAccessor')}
  0x00000229317ffc14: 48ba 5893 | 3d89 2902 | 0000 488d | 92b8 0100 | 0048 85c0 | 750c f602 | 0175 31f0 | 4883 0a01 
  0x00000229317ffc34: eb2a 448b | 4008 49ba | 0000 0048 | 2902 0000 | 4d03 c24d | 8bd0 4c33 | 0249 f7c0 | fcff ffff 
  0x00000229317ffc54: 740a 41f6 | c002 7504 | 4883 0a02 

  0x00000229317ffc60: ;   {metadata(method data for {method} {0x000002294843e290} 'invokeImpl' '(Ljava/lang/Object;[Ljava/lang/Object;)Ljava/lang/Object;' in 'jdk/internal/reflect/DirectMethodHandleAccessor')}
  0x00000229317ffc60: 48ba 5893 | 3d89 2902 | 0000 ff82 | c801 0000 | 4881 c460 | 0100 005d 

  0x00000229317ffc78: ;   {poll_return}
  0x00000229317ffc78: 493b a748 | 0400 000f | 877f 0900 

  0x00000229317ffc84: ;   {metadata(method data for {method} {0x00000229484467a0} 'checkExactType' '(Ljava/lang/invoke/MethodHandle;Ljava/lang/invoke/MethodType;)V' in 'java/lang/invoke/Invokers')}
  0x00000229317ffc84: 00c3 48ba | 889a 2689 | 2902 0000 | 4883 8268 | 0100 0001 

  0x00000229317ffc98: ;   {oop(a 'java/lang/invoke/MethodType'{0x0000000722404590} = (Ljava/lang/Object;)Ljava/lang/Object;)}
  0x00000229317ffc98: 49b8 9045 | 4022 0700 | 0000 488b 

  0x00000229317ffca4: ;   {static_call}
  0x00000229317ffca4: d766 90e8 

  0x00000229317ffca8: ; ImmutableOopMap {[176]=Oop [192]=Oop [272]=Oop }
                      ;*invokestatic newWrongMethodTypeException {reexecute=0 rethrow=0 return_oop=0}
                      ; - java.lang.invoke.Invokers::checkExactType@12 (line 530)
                      ; - java.lang.invoke.Invokers$Holder::invokeExact_MT@10
                      ; - jdk.internal.reflect.DirectMethodHandleAccessor::invokeImpl@41 (line 153)
                      ; - jdk.internal.reflect.DirectMethodHandleAccessor::invoke@23 (line 103)
  0x00000229317ffca8: 34f1 f506 

  0x00000229317ffcac: ;   {other}
  0x00000229317ffcac: 0f1f 8400 | 2420 000b 

  0x00000229317ffcb4: ; implicit exception: dispatches to 0x000002293180061a
                      ; ImmutableOopMap {rax=Oop [176]=Oop [192]=Oop [272]=Oop }
                      ;*athrow {reexecute=1 rethrow=0 return_oop=0}
                      ; - (reexecute) java.lang.invoke.Invokers::checkExactType@15 (line 530)
                      ; - java.lang.invoke.Invokers$Holder::invokeExact_MT@10
                      ; - jdk.internal.reflect.DirectMethodHandleAccessor::invokeImpl@41 (line 153)
                      ; - jdk.internal.reflect.DirectMethodHandleAccessor::invoke@23 (line 103)
                      ;   {section_word}
  0x00000229317ffcb4: 483b 0048 | bab7 fc7f | 3129 0200 

  0x00000229317ffcc0: ;   {runtime_call handle_exception_nofpu Runtime1 stub}
  0x00000229317ffcc0: 00e8 9a4a 

  0x00000229317ffcc4: ;   {metadata(method data for {method} {0x00000229484467a0} 'checkExactType' '(Ljava/lang/invoke/MethodHandle;Ljava/lang/invoke/MethodType;)V' in 'java/lang/invoke/Invokers')}
  0x00000229317ffcc4: 0207 9048 | ba88 9a26 | 8929 0200 | 0048 8382 | 6801 0000 

  0x00000229317ffcd8: ;   {oop(a 'java/lang/invoke/MethodType'{0x00000007224041b0} = (Ljava/lang/Object;Ljava/lang/Object;)Ljava/lang/Object;)}
  0x00000229317ffcd8: 0149 b8b0 | 4140 2207 | 0000 0048 

  0x00000229317ffce4: ;   {static_call}
  0x00000229317ffce4: 8bd3 90e8 

  0x00000229317ffce8: ; ImmutableOopMap {[176]=Oop [192]=Oop [256]=Oop [264]=Oop }
                      ;*invokestatic newWrongMethodTypeException {reexecute=0 rethrow=0 return_oop=0}
                      ; - java.lang.invoke.Invokers::checkExactType@12 (line 530)
                      ; - java.lang.invoke.Invokers$Holder::invokeExact_MT@10
                      ; - jdk.internal.reflect.DirectMethodHandleAccessor::invokeImpl@55 (line 154)
                      ; - jdk.internal.reflect.DirectMethodHandleAccessor::invoke@23 (line 103)
  0x00000229317ffce8: f4f0 f506 

  0x00000229317ffcec: ;   {other}
  0x00000229317ffcec: 0f1f 8400 | 6420 000d 

  0x00000229317ffcf4: ; implicit exception: dispatches to 0x000002293180061f
                      ; ImmutableOopMap {rax=Oop [176]=Oop [192]=Oop [256]=Oop [264]=Oop }
                      ;*athrow {reexecute=1 rethrow=0 return_oop=0}
                      ; - (reexecute) java.lang.invoke.Invokers::checkExactType@15 (line 530)
                      ; - java.lang.invoke.Invokers$Holder::invokeExact_MT@10
                      ; - jdk.internal.reflect.DirectMethodHandleAccessor::invokeImpl@55 (line 154)
                      ; - jdk.internal.reflect.DirectMethodHandleAccessor::invoke@23 (line 103)
                      ;   {section_word}
  0x00000229317ffcf4: 483b 0048 | baf7 fc7f | 3129 0200 

  0x00000229317ffd00: ;   {runtime_call handle_exception_nofpu Runtime1 stub}
  0x00000229317ffd00: 00e8 5a4a 

  0x00000229317ffd04: ;   {metadata(method data for {method} {0x00000229484467a0} 'checkExactType' '(Ljava/lang/invoke/MethodHandle;Ljava/lang/invoke/MethodType;)V' in 'java/lang/invoke/Invokers')}
  0x00000229317ffd04: 0207 9048 | ba88 9a26 | 8929 0200 | 0048 8382 | 6801 0000 

  0x00000229317ffd18: ;   {oop(a 'java/lang/invoke/MethodType'{0x0000000722404250} = (Ljava/lang/Object;Ljava/lang/Object;Ljava/lang/Object;)Ljava/lang/Object;)}
  0x00000229317ffd18: 0149 b850 | 4240 2207 | 0000 0048 

  0x00000229317ffd24: ;   {static_call}
  0x00000229317ffd24: 8bd0 90e8 

  0x00000229317ffd28: ; ImmutableOopMap {[176]=Oop [192]=Oop [232]=Oop [240]=Oop [248]=Oop }
                      ;*invokestatic newWrongMethodTypeException {reexecute=0 rethrow=0 return_oop=0}
                      ; - java.lang.invoke.Invokers::checkExactType@12 (line 530)
                      ; - java.lang.invoke.LambdaForm$MH/0x0000022949009800::invokeExact_MT@11
                      ; - jdk.internal.reflect.DirectMethodHandleAccessor::invokeImpl@72 (line 155)
                      ; - jdk.internal.reflect.DirectMethodHandleAccessor::invoke@23 (line 103)
  0x00000229317ffd28: b4f0 f506 

  0x00000229317ffd2c: ;   {other}
  0x00000229317ffd2c: 0f1f 8400 | a420 000f 

  0x00000229317ffd34: ; implicit exception: dispatches to 0x0000022931800624
                      ; ImmutableOopMap {rax=Oop [176]=Oop [192]=Oop [232]=Oop [240]=Oop [248]=Oop }
                      ;*athrow {reexecute=1 rethrow=0 return_oop=0}
                      ; - (reexecute) java.lang.invoke.Invokers::checkExactType@15 (line 530)
                      ; - java.lang.invoke.LambdaForm$MH/0x0000022949009800::invokeExact_MT@11
                      ; - jdk.internal.reflect.DirectMethodHandleAccessor::invokeImpl@72 (line 155)
                      ; - jdk.internal.reflect.DirectMethodHandleAccessor::invoke@23 (line 103)
                      ;   {section_word}
  0x00000229317ffd34: 483b 0048 | ba37 fd7f | 3129 0200 

  0x00000229317ffd40: ;   {runtime_call handle_exception_nofpu Runtime1 stub}
  0x00000229317ffd40: 00e8 1a4a 

  0x00000229317ffd44: ;   {metadata(method data for {method} {0x00000229484467a0} 'checkExactType' '(Ljava/lang/invoke/MethodHandle;Ljava/lang/invoke/MethodType;)V' in 'java/lang/invoke/Invokers')}
  0x00000229317ffd44: 0207 9048 | ba88 9a26 | 8929 0200 | 0048 8382 | 6801 0000 

  0x00000229317ffd58: ;   {oop(a 'java/lang/invoke/MethodType'{0x0000000722406178} = (Ljava/lang/Object;Ljava/lang/Object;Ljava/lang/Object;Ljava/lang/Object;)Ljava/lang/Object;)}
  0x00000229317ffd58: 0149 b978 | 6140 2207 | 0000 0048 | 8bd1 4d8b | c166 0f1f 

  0x00000229317ffd6c: ;   {static_call}
  0x00000229317ffd6c: 4400 00e8 

  0x00000229317ffd70: ; ImmutableOopMap {[176]=Oop [192]=Oop [200]=Oop [208]=Oop [216]=Oop [224]=Oop }
                      ;*invokestatic newWrongMethodTypeException {reexecute=0 rethrow=0 return_oop=0}
                      ; - java.lang.invoke.Invokers::checkExactType@12 (line 530)
                      ; - java.lang.invoke.Invokers$Holder::invokeExact_MT@11
                      ; - jdk.internal.reflect.DirectMethodHandleAccessor::invokeImpl@92 (line 156)
                      ; - jdk.internal.reflect.DirectMethodHandleAccessor::invoke@23 (line 103)
  0x00000229317ffd70: 6cf0 f506 

  0x00000229317ffd74: ;   {other}
  0x00000229317ffd74: 0f1f 8400 | ec20 0011 

  0x00000229317ffd7c: ; implicit exception: dispatches to 0x0000022931800629
                      ; ImmutableOopMap {rax=Oop [176]=Oop [192]=Oop [200]=Oop [208]=Oop [216]=Oop [224]=Oop }
                      ;*athrow {reexecute=1 rethrow=0 return_oop=0}
                      ; - (reexecute) java.lang.invoke.Invokers::checkExactType@15 (line 530)
                      ; - java.lang.invoke.Invokers$Holder::invokeExact_MT@11
                      ; - jdk.internal.reflect.DirectMethodHandleAccessor::invokeImpl@92 (line 156)
                      ; - jdk.internal.reflect.DirectMethodHandleAccessor::invoke@23 (line 103)
                      ;   {section_word}
  0x00000229317ffd7c: 483b 0048 | ba7f fd7f | 3129 0200 

  0x00000229317ffd88: ;   {runtime_call handle_exception_nofpu Runtime1 stub}
  0x00000229317ffd88: 00e8 d249 | 0207 9049 | 8b87 0005 | 0000 4d33 | d24d 8997 | 0005 0000 | 4d33 d24d | 8997 0805 
  0x00000229317ffda8: 0000 488b | 9424 b000 

  0x00000229317ffdb0: ;   {metadata(method data for {method} {0x0000022948298240} 'invoke' '(Ljava/lang/Object;[Ljava/lang/Object;)Ljava/lang/Object;' in 'jdk/internal/reflect/DirectMethodHandleAccessor')}
  0x00000229317ffdb0: 0000 49b8 | e08b 3d89 | 2902 0000 | 4983 8048 | 0200 0001 

  0x00000229317ffdc4: ;   {metadata(method data for {method} {0x000002294843e238} 'isIllegalArgument' '(Ljava/lang/RuntimeException;)Z' in 'jdk/internal/reflect/DirectMethodHandleAccessor')}
  0x00000229317ffdc4: 48ba e09c | 3d89 2902 | 0000 448b | 82cc 0000 | 0041 83c0 | 0244 8982 | cc00 0000 | 4181 e0fe 
  0x00000229317ffde4: ff1f 0045 | 85c0 0f84 | 3e08 0000 

  0x00000229317ffdf0: ;   {oop(a 'java/lang/Class'{0x000000072268aaf8} = 'jdk/internal/reflect/DirectMethodHandleAccessor')}
  0x00000229317ffdf0: 48ba f8aa | 6822 0700 | 0000 4c8b | c048 8984 | 2418 0100 

  0x00000229317ffe04: ;   {static_call}
  0x00000229317ffe04: 0066 90e8 

  0x00000229317ffe08: ; ImmutableOopMap {[280]=Oop }
                      ;*invokestatic isIllegalArgument {reexecute=0 rethrow=0 return_oop=0}
                      ; - jdk.internal.reflect.DirectMethodHandleAccessor::isIllegalArgument@3 (line 191)
                      ; - jdk.internal.reflect.DirectMethodHandleAccessor::invoke@58 (line 112)
  0x00000229317ffe08: d4ef f506 

  0x00000229317ffe0c: ;   {other}
  0x00000229317ffe0c: 0f1f 8400 | 8421 0013 | 83e0 0185 

  0x00000229317ffe18: ;   {metadata(method data for {method} {0x0000022948298240} 'invoke' '(Ljava/lang/Object;[Ljava/lang/Object;)Ljava/lang/Object;' in 'jdk/internal/reflect/DirectMethodHandleAccessor')}
  0x00000229317ffe18: c048 b8e0 | 8b3d 8929 | 0200 00ba | 7802 0000 | 7405 ba88 | 0200 004c | 8b04 104d | 8d40 014c 
  0x00000229317ffe38: 8904 100f | 84b8 0200 | 00e9 0b02 | 0000 488b | 9424 b000 | 0000 498b | 8700 0500 | 004d 33d2 
  0x00000229317ffe58: 4d89 9700 | 0500 004d | 33d2 4d89 | 9708 0500 

  0x00000229317ffe68: ;   {metadata(method data for {method} {0x0000022948298240} 'invoke' '(Ljava/lang/Object;[Ljava/lang/Object;)Ljava/lang/Object;' in 'jdk/internal/reflect/DirectMethodHandleAccessor')}
  0x00000229317ffe68: 0049 b8e0 | 8b3d 8929 | 0200 0049 | 8380 d801 

  0x00000229317ffe78: ;   {metadata(method data for {method} {0x000002294843e238} 'isIllegalArgument' '(Ljava/lang/RuntimeException;)Z' in 'jdk/internal/reflect/DirectMethodHandleAccessor')}
  0x00000229317ffe78: 0000 0148 | bae0 9c3d | 8929 0200 | 0044 8b82 | cc00 0000 | 4183 c002 | 4489 82cc | 0000 0041 
  0x00000229317ffe98: 81e0 feff | 1f00 4585 | c00f 84a8 

  0x00000229317ffea4: ;   {oop(a 'java/lang/Class'{0x000000072268aaf8} = 'jdk/internal/reflect/DirectMethodHandleAccessor')}
  0x00000229317ffea4: 0700 0048 | baf8 aa68 | 2207 0000 | 004c 8bc0 | 4889 8424 | 2001 0000 

  0x00000229317ffebc: ;   {static_call}
  0x00000229317ffebc: 6666 90e8 

  0x00000229317ffec0: ; ImmutableOopMap {[288]=Oop }
                      ;*invokestatic isIllegalArgument {reexecute=0 rethrow=0 return_oop=0}
                      ; - jdk.internal.reflect.DirectMethodHandleAccessor::isIllegalArgument@3 (line 191)
                      ; - jdk.internal.reflect.DirectMethodHandleAccessor::invoke@30 (line 105)
  0x00000229317ffec0: 1cef f506 

  0x00000229317ffec4: ;   {other}
  0x00000229317ffec4: 0f1f 8400 | 3c22 0014 | 83e0 0185 

  0x00000229317ffed0: ;   {metadata(method data for {method} {0x0000022948298240} 'invoke' '(Ljava/lang/Object;[Ljava/lang/Object;)Ljava/lang/Object;' in 'jdk/internal/reflect/DirectMethodHandleAccessor')}
  0x00000229317ffed0: c048 bae0 | 8b3d 8929 | 0200 00be | 0802 0000 | 7405 be18 | 0200 0048 | 8b3c 3248 | 8d7f 0148 
  0x00000229317ffef0: 893c 320f | 84a8 0000 | 000f 1f80 | 0000 0000 

  0x00000229317fff00: ;   {no_reloc}
  0x00000229317fff00: e97a 0700 | 0000 0000 | 0000 498b | 87b8 0100 | 0048 8d78 | 2849 3bbf | c801 0000 | 0f87 6707 
  0x00000229317fff20: 0000 4989 | bfb8 0100 | 0048 c700 | 0100 0000 | 488b ca49 | ba00 0000 | 4829 0200 | 0049 2bca 
  0x00000229317fff40: 8948 0848 | 33c9 8948 | 0c48 33c9 | 4889 4810 | 4889 4818 | 4889 4820 

  0x00000229317fff58: ;   {metadata(method data for {method} {0x0000022948298240} 'invoke' '(Ljava/lang/Object;[Ljava/lang/Object;)Ljava/lang/Object;' in 'jdk/internal/reflect/DirectMethodHandleAccessor')}
  0x00000229317fff58: 4c8b c048 | bae0 8b3d | 8929 0200 | 0048 8382 | 2802 0000 

  0x00000229317fff6c: ;   {oop("argument type mismatch"{0x0000000722ddf3d8})}
  0x00000229317fff6c: 0149 b8d8 | f3dd 2207 | 0000 0048 | 8bd0 4889 | 8424 2801 | 0000 0f1f 

  0x00000229317fff84: ;   {optimized virtual_call}
  0x00000229317fff84: 4400 00e8 

  0x00000229317fff88: ; ImmutableOopMap {[296]=Oop }
                      ;*invokespecial <init> {reexecute=0 rethrow=0 return_oop=0}
                      ; - jdk.internal.reflect.DirectMethodHandleAccessor::invoke@42 (line 107)
  0x00000229317fff88: 54e8 f506 

  0x00000229317fff8c: ;   {other}
  0x00000229317fff8c: 0f1f 8400 | 0423 0015 | 488b 8424 | 2801 0000 | e9b9 0700 | 004c 8b84 | 2420 0100 | 000f 1f80 
  0x00000229317fffac: 0000 0000 

  0x00000229317fffb0: ;   {no_reloc}
  0x00000229317fffb0: e9f0 0600 | 0000 0000 | 0000 80ba | 3101 0000 | 040f 85ed | 0600 0049 | 8b87 b801 | 0000 488d 
  0x00000229317fffd0: 7828 493b | bfc8 0100 | 000f 87d5 | 0600 0049 | 89bf b801 | 0000 48c7 | 0001 0000 | 0048 8bca 
  0x00000229317ffff0: 49ba 0000 | 0048 2902 | 0000 492b | ca89 4808 | 4833 c989 | 480c 4833 | c948 8948 | 1048 8948 
  0x0000022931800010: 1848 8948 | 2048 8bd0 

  0x0000022931800018: ;   {metadata(method data for {method} {0x0000022948298240} 'invoke' '(Ljava/lang/Object;[Ljava/lang/Object;)Ljava/lang/Object;' in 'jdk/internal/reflect/DirectMethodHandleAccessor')}
  0x0000022931800018: 48be e08b | 3d89 2902 | 0000 4883 | 8638 0200 | 0001 488b | d048 8984 | 2430 0100 

  0x0000022931800034: ;   {optimized virtual_call}
  0x0000022931800034: 0066 90e8 

  0x0000022931800038: ; ImmutableOopMap {[304]=Oop }
                      ;*invokespecial <init> {reexecute=0 rethrow=0 return_oop=0}
                      ; - jdk.internal.reflect.DirectMethodHandleAccessor::invoke@51 (line 109)
  0x0000022931800038: a4e7 f506 

  0x000002293180003c: ;   {other}
  0x000002293180003c: 0f1f 8400 | b423 0016 | 488b 8424 | 3001 0000 | e909 0700 | 000f 1f80 | 0000 0000 

  0x0000022931800058: ;   {no_reloc}
  0x0000022931800058: e973 0600 | 0000 0000 | 0000 498b | 87b8 0100 | 0048 8d78 | 2849 3bbf | c801 0000 | 0f87 6006 
  0x0000022931800078: 0000 4989 | bfb8 0100 | 0048 c700 | 0100 0000 | 488b ca49 | ba00 0000 | 4829 0200 | 0049 2bca 
  0x0000022931800098: 8948 0848 | 33c9 8948 | 0c48 33c9 | 4889 4810 | 4889 4818 | 4889 4820 

  0x00000229318000b0: ;   {metadata(method data for {method} {0x0000022948298240} 'invoke' '(Ljava/lang/Object;[Ljava/lang/Object;)Ljava/lang/Object;' in 'jdk/internal/reflect/DirectMethodHandleAccessor')}
  0x00000229318000b0: 4c8b c048 | bae0 8b3d | 8929 0200 | 0048 8382 | 9802 0000 | 014c 8b84 | 2418 0100 | 0048 8bd0 
  0x00000229318000d0: 4889 8424 | 3801 0000 | 0f1f 8000 

  0x00000229318000dc: ;   {optimized virtual_call}
  0x00000229318000dc: 0000 00e8 

  0x00000229318000e0: ; ImmutableOopMap {[312]=Oop }
                      ;*invokespecial <init> {reexecute=0 rethrow=0 return_oop=0}
                      ; - jdk.internal.reflect.DirectMethodHandleAccessor::invoke@69 (line 113)
  0x00000229318000e0: fce6 f506 

  0x00000229318000e4: ;   {other}
  0x00000229318000e4: 0f1f 8400 | 5c24 0017 | 488b 8424 | 3801 0000 | e961 0600 | 004c 8b84 | 2418 0100 | 000f 1f80 
  0x0000022931800104: 0000 0000 

  0x0000022931800108: ;   {no_reloc}
  0x0000022931800108: e9e9 0500 | 0000 0000 | 0000 80ba | 3101 0000 | 040f 85e6 | 0500 0049 | 8b87 b801 | 0000 488d 
  0x0000022931800128: 7828 493b | bfc8 0100 | 000f 87ce | 0500 0049 | 89bf b801 | 0000 48c7 | 0001 0000 | 0048 8bca 
  0x0000022931800148: 49ba 0000 | 0048 2902 | 0000 492b | ca89 4808 | 4833 c989 | 480c 4833 | c948 8948 | 1048 8948 
  0x0000022931800168: 1848 8948 | 2048 8bd0 

  0x0000022931800170: ;   {metadata(method data for {method} {0x0000022948298240} 'invoke' '(Ljava/lang/Object;[Ljava/lang/Object;)Ljava/lang/Object;' in 'jdk/internal/reflect/DirectMethodHandleAccessor')}
  0x0000022931800170: 48be e08b | 3d89 2902 | 0000 4883 | 86a8 0200 | 0001 488b | d048 8984 | 2440 0100 

  0x000002293180018c: ;   {optimized virtual_call}
  0x000002293180018c: 0066 90e8 

  0x0000022931800190: ; ImmutableOopMap {[320]=Oop }
                      ;*invokespecial <init> {reexecute=0 rethrow=0 return_oop=0}
                      ; - jdk.internal.reflect.DirectMethodHandleAccessor::invoke@78 (line 115)
  0x0000022931800190: 4ce6 f506 

  0x0000022931800194: ;   {other}
  0x0000022931800194: 0f1f 8400 | 0c25 0018 | 488b 8424 | 4001 0000 | e9b1 0500 | 0049 8b87 | 0005 0000 | 4d33 d24d 
  0x00000229318001b4: 8997 0005 | 0000 4d33 | d24d 8997 | 0805 0000 | 4c8b c090 

  0x00000229318001c8: ;   {metadata('java/lang/reflect/InvocationTargetException')}
  0x00000229318001c8: 48ba 901b | 0449 2902 | 0000 80ba | 3101 0000 | 040f 8551 | 0500 0049 | 8b87 b801 | 0000 488d 
  0x00000229318001e8: 7828 493b | bfc8 0100 | 000f 8739 | 0500 0049 | 89bf b801 | 0000 48c7 | 0001 0000 | 0048 8bca 
  0x0000022931800208: 49ba 0000 | 0048 2902 | 0000 492b | ca89 4808 | 4833 c989 | 480c 4833 | c948 8948 | 1048 8948 
  0x0000022931800228: 1848 8948 | 2048 8bd0 

  0x0000022931800230: ;   {metadata(method data for {method} {0x0000022948298240} 'invoke' '(Ljava/lang/Object;[Ljava/lang/Object;)Ljava/lang/Object;' in 'jdk/internal/reflect/DirectMethodHandleAccessor')}
  0x0000022931800230: 48be e08b | 3d89 2902 | 0000 4883 | 86b8 0200 | 0001 488b | d048 8984 | 2448 0100 

  0x000002293180024c: ;   {optimized virtual_call}
  0x000002293180024c: 0066 90e8 

  0x0000022931800250: ; ImmutableOopMap {[328]=Oop }
                      ;*invokespecial <init> {reexecute=0 rethrow=0 return_oop=0}
                      ; - jdk.internal.reflect.DirectMethodHandleAccessor::invoke@88 (line 118)
  0x0000022931800250: 6905 0000 

  0x0000022931800254: ;   {other}
  0x0000022931800254: 0f1f 8400 | cc25 0019 | 488b 8424 | 4801 0000 | e9f1 0400 

  0x0000022931800268: ;   {metadata({method} {0x0000022948298240} 'invoke' '(Ljava/lang/Object;[Ljava/lang/Object;)Ljava/lang/Object;' in 'jdk/internal/reflect/DirectMethodHandleAccessor')}
  0x0000022931800268: 0049 ba38 | 8229 4829 | 0200 004c | 8954 2408 | 48c7 0424 | ffff ffff 

  0x0000022931800280: ;   {runtime_call counter_overflow Runtime1 stub}
  0x0000022931800280: e85b 8202 

  0x0000022931800284: ; ImmutableOopMap {rdx=Oop r8=Oop r9=Oop [176]=Oop [192]=Oop }
                      ;*synchronization entry
                      ; - jdk.internal.reflect.DirectMethodHandleAccessor::invoke@-1 (line 98)
  0x0000022931800284: 07e9 acde 

  0x0000022931800288: ;   {metadata({method} {0x000002294843e4f8} 'isStatic' '()Z' in 'jdk/internal/reflect/DirectMethodHandleAccessor')}
  0x0000022931800288: ffff 49ba | f0e4 4348 | 2902 0000 | 4c89 5424 | 0848 c704 | 24ff ffff 

  0x00000229318002a0: ;   {runtime_call counter_overflow Runtime1 stub}
  0x00000229318002a0: ffe8 3a82 

  0x00000229318002a4: ; ImmutableOopMap {rdx=Oop r8=Oop r9=Oop [176]=Oop [192]=Oop }
                      ;*synchronization entry
                      ; - jdk.internal.reflect.DirectMethodHandleAccessor::isStatic@-1 (line 183)
                      ; - jdk.internal.reflect.DirectMethodHandleAccessor::invoke@1 (line 98)
  0x00000229318002a4: 0207 e9c7 

  0x00000229318002a8: ;   {metadata({method} {0x000002294843e290} 'invokeImpl' '(Ljava/lang/Object;[Ljava/lang/Object;)Ljava/lang/Object;' in 'jdk/internal/reflect/DirectMethodHandleAccessor')}
  0x00000229318002a8: deff ff49 | ba88 e243 | 4829 0200 | 004c 8954 | 2408 48c7 | 0424 ffff 

  0x00000229318002c0: ;   {runtime_call counter_overflow Runtime1 stub}
  0x00000229318002c0: ffff e819 

  0x00000229318002c4: ; ImmutableOopMap {rdx=Oop [176]=Oop [184]=Oop [192]=Oop }
                      ;*synchronization entry
                      ; - jdk.internal.reflect.DirectMethodHandleAccessor::invokeImpl@-1 (line 152)
                      ; - jdk.internal.reflect.DirectMethodHandleAccessor::invoke@23 (line 103)
  0x00000229318002c4: 8202 07e9 | e1df ffff | 48bf f8f0 | 7524 0700 | 0000 b800 

  0x00000229318002d8: ;   {runtime_call load_appendix_patching Runtime1 stub}
  0x00000229318002d8: 0f05 0ae8 

  0x00000229318002dc: ; ImmutableOopMap {rdx=Oop r9=Oop r8=Oop rsi=Oop [176]=Oop [192]=Oop }
                      ;*invokevirtual invokeExact {reexecute=1 rethrow=0 return_oop=0}
                      ; - (reexecute) jdk.internal.reflect.DirectMethodHandleAccessor::invokeImpl@104 (line 157)
                      ; - jdk.internal.reflect.DirectMethodHandleAccessor::invoke@23 (line 103)
  0x00000229318002dc: 807a 0207 | e96b e0ff 

  0x00000229318002e4: ;   {runtime_call throw_null_pointer_exception Runtime1 stub}
  0x00000229318002e4: ffe8 761a 

  0x00000229318002e8: ; ImmutableOopMap {rdx=Oop r9=Oop r8=Oop rsi=Oop rdi=Oop [176]=Oop [192]=Oop }
                      ;*invokevirtual invokeExact {reexecute=0 rethrow=0 return_oop=0}
                      ; - jdk.internal.reflect.DirectMethodHandleAccessor::invokeImpl@104 (line 157)
                      ; - jdk.internal.reflect.DirectMethodHandleAccessor::invoke@23 (line 103)
                      ;   {internal_word}
  0x00000229318002e8: 0207 49ba | 3ce5 7f31 | 2902 0000 | 4d89 9760 

  0x00000229318002f8: ;   {runtime_call SafepointBlob}
  0x00000229318002f8: 0400 00e9 | e050 f606 

  0x0000022931800300: ;   {runtime_call throw_null_pointer_exception Runtime1 stub}
  0x0000022931800300: e85b 1a02 

  0x0000022931800304: ; ImmutableOopMap {rdx=Oop r9=Oop r8=Oop rsi=Oop [176]=Oop [192]=Oop [208]=Oop }
                      ;*aaload {reexecute=0 rethrow=0 return_oop=0}
                      ; - jdk.internal.reflect.DirectMethodHandleAccessor::invokeImpl@85 (line 156)
                      ; - jdk.internal.reflect.DirectMethodHandleAccessor::invoke@23 (line 103)
                      ;   {runtime_call throw_null_pointer_exception Runtime1 stub}
  0x0000022931800304: 07e8 561a 

  0x0000022931800308: ; ImmutableOopMap {rdx=Oop r9=Oop r8=Oop rsi=Oop [176]=Oop [192]=Oop [208]=Oop }
                      ;*aaload {reexecute=0 rethrow=0 return_oop=0}
                      ; - jdk.internal.reflect.DirectMethodHandleAccessor::invokeImpl@85 (line 156)
                      ; - jdk.internal.reflect.DirectMethodHandleAccessor::invoke@23 (line 103)
  0x0000022931800308: 0207 48c7 | 0424 0000 | 0000 4c89 

  0x0000022931800314: ;   {runtime_call throw_range_check_failed Runtime1 stub}
  0x0000022931800314: 4c24 08e8 

  0x0000022931800318: ; ImmutableOopMap {rdx=Oop r9=Oop r8=Oop rsi=Oop [176]=Oop [192]=Oop [208]=Oop }
                      ;*aaload {reexecute=0 rethrow=0 return_oop=0}
                      ; - jdk.internal.reflect.DirectMethodHandleAccessor::invokeImpl@85 (line 156)
                      ; - jdk.internal.reflect.DirectMethodHandleAccessor::invoke@23 (line 103)
  0x0000022931800318: c40c 0207 | 48c7 0424 | 0100 0000 | 4c89 4c24 

  0x0000022931800328: ;   {runtime_call throw_range_check_failed Runtime1 stub}
  0x0000022931800328: 08e8 b20c 

  0x000002293180032c: ; ImmutableOopMap {rdx=Oop r9=Oop r8=Oop rsi=Oop rdi=Oop [176]=Oop [192]=Oop [200]=Oop [208]=Oop }
                      ;*aaload {reexecute=0 rethrow=0 return_oop=0}
                      ; - jdk.internal.reflect.DirectMethodHandleAccessor::invokeImpl@88 (line 156)
                      ; - jdk.internal.reflect.DirectMethodHandleAccessor::invoke@23 (line 103)
  0x000002293180032c: 0207 48c7 | 0424 0200 | 0000 4c89 

  0x0000022931800338: ;   {runtime_call throw_range_check_failed Runtime1 stub}
  0x0000022931800338: 4c24 08e8 

  0x000002293180033c: ; ImmutableOopMap {rdx=Oop r9=Oop r8=Oop rsi=Oop rdi=Oop rbx=Oop [176]=Oop [192]=Oop [200]=Oop [208]=Oop [216]=Oop }
                      ;*aaload {reexecute=0 rethrow=0 return_oop=0}
                      ; - jdk.internal.reflect.DirectMethodHandleAccessor::invokeImpl@91 (line 156)
                      ; - jdk.internal.reflect.DirectMethodHandleAccessor::invoke@23 (line 103)
  0x000002293180033c: a00c 0207 

  0x0000022931800340: ;   {metadata({method} {0x00000229481e00e0} 'invokeExact_MT' '(Ljava/lang/Object;Ljava/lang/Object;Ljava/lang/Object;Ljava/lang/Object;Ljava/lang/Object;Ljava/lang/Object;)Ljava/lang/Object;' in 'java/lang/invoke/Invokers$Holder')}
  0x0000022931800340: 49ba d800 | 1e48 2902 | 0000 4c89 | 5424 0848 | c704 24ff 

  0x0000022931800354: ;   {runtime_call counter_overflow Runtime1 stub}
  0x0000022931800354: ffff ffe8 

  0x0000022931800358: ; ImmutableOopMap {rdx=Oop r8=Oop rsi=Oop rdi=Oop rbx=Oop rax=Oop [176]=Oop [192]=Oop [200]=Oop [208]=Oop [216]=Oop [224]=Oop }
                      ;*synchronization entry
                      ; - java.lang.invoke.Invokers$Holder::invokeExact_MT@-1
                      ; - jdk.internal.reflect.DirectMethodHandleAccessor::invokeImpl@92 (line 156)
                      ; - jdk.internal.reflect.DirectMethodHandleAccessor::invoke@23 (line 103)
  0x0000022931800358: 8481 0207 | e9cf e3ff 

  0x0000022931800360: ;   {metadata({method} {0x00000229484467a0} 'checkExactType' '(Ljava/lang/invoke/MethodHandle;Ljava/lang/invoke/MethodType;)V' in 'java/lang/invoke/Invokers')}
  0x0000022931800360: ff49 ba98 | 6744 4829 | 0200 004c | 8954 2408 | 48c7 0424 | ffff ffff 

  0x0000022931800378: ;   {runtime_call counter_overflow Runtime1 stub}
  0x0000022931800378: e863 8102 

  0x000002293180037c: ; ImmutableOopMap {rdx=Oop r8=Oop rsi=Oop rdi=Oop rbx=Oop rax=Oop [176]=Oop [192]=Oop [200]=Oop [208]=Oop [216]=Oop [224]=Oop }
                      ;*synchronization entry
                      ; - java.lang.invoke.Invokers::checkExactType@-1 (line 528)
                      ; - java.lang.invoke.Invokers$Holder::invokeExact_MT@11
                      ; - jdk.internal.reflect.DirectMethodHandleAccessor::invokeImpl@92 (line 156)
                      ; - jdk.internal.reflect.DirectMethodHandleAccessor::invoke@23 (line 103)
  0x000002293180037c: 07e9 5ce4 

  0x0000022931800380: ;   {runtime_call throw_null_pointer_exception Runtime1 stub}
  0x0000022931800380: ffff e8d9 

  0x0000022931800384: ; ImmutableOopMap {rdx=Oop r8=Oop rsi=Oop rdi=Oop rbx=Oop rax=Oop [176]=Oop [192]=Oop [200]=Oop [208]=Oop [216]=Oop [224]=Oop }
                      ;*invokevirtual type {reexecute=0 rethrow=0 return_oop=0}
                      ; - java.lang.invoke.Invokers::checkExactType@1 (line 528)
                      ; - java.lang.invoke.Invokers$Holder::invokeExact_MT@11
                      ; - jdk.internal.reflect.DirectMethodHandleAccessor::invokeImpl@92 (line 156)
                      ; - jdk.internal.reflect.DirectMethodHandleAccessor::invoke@23 (line 103)
                      ;   {metadata({method} {0x0000022948446698} 'checkCustomized' '(Ljava/lang/invoke/MethodHandle;)V' in 'java/lang/invoke/Invokers')}
  0x0000022931800384: 1902 0749 | ba90 6644 | 4829 0200 | 004c 8954 | 2408 48c7 | 0424 ffff 

  0x000002293180039c: ;   {runtime_call counter_overflow Runtime1 stub}
  0x000002293180039c: ffff e83d 

  0x00000229318003a0: ; ImmutableOopMap {rdx=Oop r8=Oop rsi=Oop rdi=Oop rbx=Oop rax=Oop [176]=Oop [192]=Oop [200]=Oop [208]=Oop [216]=Oop [224]=Oop }
                      ;*synchronization entry
                      ; - java.lang.invoke.Invokers::checkCustomized@-1 (line 622)
                      ; - java.lang.invoke.Invokers$Holder::invokeExact_MT@15
                      ; - jdk.internal.reflect.DirectMethodHandleAccessor::invokeImpl@92 (line 156)
                      ; - jdk.internal.reflect.DirectMethodHandleAccessor::invoke@23 (line 103)
  0x00000229318003a0: 8102 07e9 | a5e5 ffff 

  0x00000229318003a8: ;   {metadata({method} {0x00000229481cfca8} 'isCompileConstant' '(Ljava/lang/Object;)Z' in 'java/lang/invoke/MethodHandleImpl')}
  0x00000229318003a8: 49ba a0fc | 1c48 2902 | 0000 4c89 | 5424 0848 | c704 24ff 

  0x00000229318003bc: ;   {runtime_call counter_overflow Runtime1 stub}
  0x00000229318003bc: ffff ffe8 

  0x00000229318003c0: ; ImmutableOopMap {rdx=Oop r8=Oop rsi=Oop rdi=Oop rbx=Oop rax=Oop [176]=Oop [192]=Oop [200]=Oop [208]=Oop [216]=Oop [224]=Oop }
                      ;*synchronization entry
                      ; - java.lang.invoke.MethodHandleImpl::isCompileConstant@-1 (line 620)
                      ; - java.lang.invoke.Invokers::checkCustomized@1 (line 622)
                      ; - java.lang.invoke.Invokers$Holder::invokeExact_MT@15
                      ; - jdk.internal.reflect.DirectMethodHandleAccessor::invokeImpl@92 (line 156)
                      ; - jdk.internal.reflect.DirectMethodHandleAccessor::invoke@23 (line 103)
  0x00000229318003c0: 1c81 0207 | e9c2 e5ff 

  0x00000229318003c8: ;   {runtime_call throw_null_pointer_exception Runtime1 stub}
  0x00000229318003c8: ffe8 9219 

  0x00000229318003cc: ; ImmutableOopMap {rdx=Oop r8=Oop rsi=Oop rdi=Oop rbx=Oop rax=Oop [176]=Oop [192]=Oop [200]=Oop [208]=Oop [216]=Oop [224]=Oop }
                      ;*getfield customized {reexecute=1 rethrow=0 return_oop=0}
                      ; - (reexecute) java.lang.invoke.Invokers::checkCustomized@12 (line 625)
                      ; - java.lang.invoke.Invokers$Holder::invokeExact_MT@15
                      ; - jdk.internal.reflect.DirectMethodHandleAccessor::invokeImpl@92 (line 156)
                      ; - jdk.internal.reflect.DirectMethodHandleAccessor::invoke@23 (line 103)
                      ;   {internal_word}
  0x00000229318003cc: 0207 49ba | 0cec 7f31 | 2902 0000 | 4d89 9760 

  0x00000229318003dc: ;   {runtime_call SafepointBlob}
  0x00000229318003dc: 0400 00e9 | fc4f f606 

  0x00000229318003e4: ;   {runtime_call throw_null_pointer_exception Runtime1 stub}
  0x00000229318003e4: e877 1902 

  0x00000229318003e8: ; ImmutableOopMap {rdx=Oop r9=Oop r8=Oop rsi=Oop [176]=Oop [192]=Oop [240]=Oop }
                      ;*aaload {reexecute=0 rethrow=0 return_oop=0}
                      ; - jdk.internal.reflect.DirectMethodHandleAccessor::invokeImpl@68 (line 155)
                      ; - jdk.internal.reflect.DirectMethodHandleAccessor::invoke@23 (line 103)
                      ;   {runtime_call throw_null_pointer_exception Runtime1 stub}
  0x00000229318003e8: 07e8 7219 

  0x00000229318003ec: ; ImmutableOopMap {rdx=Oop r9=Oop r8=Oop rsi=Oop [176]=Oop [192]=Oop [240]=Oop }
                      ;*aaload {reexecute=0 rethrow=0 return_oop=0}
                      ; - jdk.internal.reflect.DirectMethodHandleAccessor::invokeImpl@68 (line 155)
                      ; - jdk.internal.reflect.DirectMethodHandleAccessor::invoke@23 (line 103)
  0x00000229318003ec: 0207 48c7 | 0424 0000 | 0000 4c89 

  0x00000229318003f8: ;   {runtime_call throw_range_check_failed Runtime1 stub}
  0x00000229318003f8: 4c24 08e8 

  0x00000229318003fc: ; ImmutableOopMap {rdx=Oop r9=Oop r8=Oop rsi=Oop [176]=Oop [192]=Oop [240]=Oop }
                      ;*aaload {reexecute=0 rethrow=0 return_oop=0}
                      ; - jdk.internal.reflect.DirectMethodHandleAccessor::invokeImpl@68 (line 155)
                      ; - jdk.internal.reflect.DirectMethodHandleAccessor::invoke@23 (line 103)
  0x00000229318003fc: e00b 0207 | 48c7 0424 | 0100 0000 | 4c89 4c24 

  0x000002293180040c: ;   {runtime_call throw_range_check_failed Runtime1 stub}
  0x000002293180040c: 08e8 ce0b 

  0x0000022931800410: ; ImmutableOopMap {rdx=Oop r9=Oop r8=Oop rsi=Oop rdi=Oop [176]=Oop [192]=Oop [232]=Oop [240]=Oop }
                      ;*aaload {reexecute=0 rethrow=0 return_oop=0}
                      ; - jdk.internal.reflect.DirectMethodHandleAccessor::invokeImpl@71 (line 155)
                      ; - jdk.internal.reflect.DirectMethodHandleAccessor::invoke@23 (line 103)
                      ;   {metadata({method} {0x000002298942f2b8} 'invokeExact_MT' '(Ljava/lang/Object;Ljava/lang/Object;Ljava/lang/Object;Ljava/lang/Object;Ljava/lang/Object;)Ljava/lang/Object;' in 'java/lang/invoke/LambdaForm$MH+0x0000022949009800')}
  0x0000022931800410: 0207 49ba | b0f2 4289 | 2902 0000 | 4c89 5424 | 0848 c704 | 24ff ffff 

  0x0000022931800428: ;   {runtime_call counter_overflow Runtime1 stub}
  0x0000022931800428: ffe8 b280 

  0x000002293180042c: ; ImmutableOopMap {rdx=Oop r8=Oop rsi=Oop rdi=Oop rbx=Oop [176]=Oop [192]=Oop [232]=Oop [240]=Oop [248]=Oop }
                      ;*synchronization entry
                      ; - java.lang.invoke.LambdaForm$MH/0x0000022949009800::invokeExact_MT@-1
                      ; - jdk.internal.reflect.DirectMethodHandleAccessor::invokeImpl@72 (line 155)
                      ; - jdk.internal.reflect.DirectMethodHandleAccessor::invoke@23 (line 103)
  0x000002293180042c: 0207 e9a9 

  0x0000022931800430: ;   {metadata({method} {0x00000229484467a0} 'checkExactType' '(Ljava/lang/invoke/MethodHandle;Ljava/lang/invoke/MethodType;)V' in 'java/lang/invoke/Invokers')}
  0x0000022931800430: e9ff ff49 | ba98 6744 | 4829 0200 | 004c 8954 | 2408 48c7 | 0424 ffff 

  0x0000022931800448: ;   {runtime_call counter_overflow Runtime1 stub}
  0x0000022931800448: ffff e891 

  0x000002293180044c: ; ImmutableOopMap {rdx=Oop r8=Oop rsi=Oop rdi=Oop rbx=Oop [176]=Oop [192]=Oop [232]=Oop [240]=Oop [248]=Oop }
                      ;*synchronization entry
                      ; - java.lang.invoke.Invokers::checkExactType@-1 (line 528)
                      ; - java.lang.invoke.LambdaForm$MH/0x0000022949009800::invokeExact_MT@11
                      ; - jdk.internal.reflect.DirectMethodHandleAccessor::invokeImpl@72 (line 155)
                      ; - jdk.internal.reflect.DirectMethodHandleAccessor::invoke@23 (line 103)
  0x000002293180044c: 8002 07e9 | 2fea ffff 

  0x0000022931800454: ;   {runtime_call throw_null_pointer_exception Runtime1 stub}
  0x0000022931800454: e807 1902 

  0x0000022931800458: ; ImmutableOopMap {rdx=Oop r8=Oop rsi=Oop rdi=Oop rbx=Oop [176]=Oop [192]=Oop [232]=Oop [240]=Oop [248]=Oop }
                      ;*invokevirtual type {reexecute=0 rethrow=0 return_oop=0}
                      ; - java.lang.invoke.Invokers::checkExactType@1 (line 528)
                      ; - java.lang.invoke.LambdaForm$MH/0x0000022949009800::invokeExact_MT@11
                      ; - jdk.internal.reflect.DirectMethodHandleAccessor::invokeImpl@72 (line 155)
                      ; - jdk.internal.reflect.DirectMethodHandleAccessor::invoke@23 (line 103)
                      ;   {metadata({method} {0x0000022948446698} 'checkCustomized' '(Ljava/lang/invoke/MethodHandle;)V' in 'java/lang/invoke/Invokers')}
  0x0000022931800458: 0749 ba90 | 6644 4829 | 0200 004c | 8954 2408 | 48c7 0424 | ffff ffff 

  0x0000022931800470: ;   {runtime_call counter_overflow Runtime1 stub}
  0x0000022931800470: e86b 8002 

  0x0000022931800474: ; ImmutableOopMap {rdx=Oop r8=Oop rsi=Oop rdi=Oop rbx=Oop [176]=Oop [192]=Oop [232]=Oop [240]=Oop [248]=Oop }
                      ;*synchronization entry
                      ; - java.lang.invoke.Invokers::checkCustomized@-1 (line 622)
                      ; - java.lang.invoke.LambdaForm$MH/0x0000022949009800::invokeExact_MT@15
                      ; - jdk.internal.reflect.DirectMethodHandleAccessor::invokeImpl@72 (line 155)
                      ; - jdk.internal.reflect.DirectMethodHandleAccessor::invoke@23 (line 103)
  0x0000022931800474: 07e9 71eb 

  0x0000022931800478: ;   {metadata({method} {0x00000229481cfca8} 'isCompileConstant' '(Ljava/lang/Object;)Z' in 'java/lang/invoke/MethodHandleImpl')}
  0x0000022931800478: ffff 49ba | a0fc 1c48 | 2902 0000 | 4c89 5424 | 0848 c704 | 24ff ffff 

  0x0000022931800490: ;   {runtime_call counter_overflow Runtime1 stub}
  0x0000022931800490: ffe8 4a80 

  0x0000022931800494: ; ImmutableOopMap {rdx=Oop r8=Oop rsi=Oop rdi=Oop rbx=Oop [176]=Oop [192]=Oop [232]=Oop [240]=Oop [248]=Oop }
                      ;*synchronization entry
                      ; - java.lang.invoke.MethodHandleImpl::isCompileConstant@-1 (line 620)
                      ; - java.lang.invoke.Invokers::checkCustomized@1 (line 622)
                      ; - java.lang.invoke.LambdaForm$MH/0x0000022949009800::invokeExact_MT@15
                      ; - jdk.internal.reflect.DirectMethodHandleAccessor::invokeImpl@72 (line 155)
                      ; - jdk.internal.reflect.DirectMethodHandleAccessor::invoke@23 (line 103)
  0x0000022931800494: 0207 e989 

  0x0000022931800498: ;   {runtime_call throw_null_pointer_exception Runtime1 stub}
  0x0000022931800498: ebff ffe8 

  0x000002293180049c: ; ImmutableOopMap {rdx=Oop r8=Oop rsi=Oop rdi=Oop rbx=Oop [176]=Oop [192]=Oop [232]=Oop [240]=Oop [248]=Oop }
                      ;*getfield customized {reexecute=1 rethrow=0 return_oop=0}
                      ; - (reexecute) java.lang.invoke.Invokers::checkCustomized@12 (line 625)
                      ; - java.lang.invoke.LambdaForm$MH/0x0000022949009800::invokeExact_MT@15
                      ; - jdk.internal.reflect.DirectMethodHandleAccessor::invokeImpl@72 (line 155)
                      ; - jdk.internal.reflect.DirectMethodHandleAccessor::invoke@23 (line 103)
  0x000002293180049c: c018 0207 

  0x00000229318004a0: ;   {internal_word}
  0x00000229318004a0: 49ba 94f2 | 7f31 2902 | 0000 4d89 | 9760 0400 

  0x00000229318004b0: ;   {runtime_call SafepointBlob}
  0x00000229318004b0: 00e9 2a4f 

  0x00000229318004b4: ;   {runtime_call throw_null_pointer_exception Runtime1 stub}
  0x00000229318004b4: f606 e8a5 

  0x00000229318004b8: ; ImmutableOopMap {rdx=Oop r9=Oop r8=Oop rsi=Oop [176]=Oop [192]=Oop [264]=Oop }
                      ;*aaload {reexecute=0 rethrow=0 return_oop=0}
                      ; - jdk.internal.reflect.DirectMethodHandleAccessor::invokeImpl@54 (line 154)
                      ; - jdk.internal.reflect.DirectMethodHandleAccessor::invoke@23 (line 103)
                      ;   {runtime_call throw_null_pointer_exception Runtime1 stub}
  0x00000229318004b8: 1802 07e8 

  0x00000229318004bc: ; ImmutableOopMap {rdx=Oop r9=Oop r8=Oop rsi=Oop [176]=Oop [192]=Oop [264]=Oop }
                      ;*aaload {reexecute=0 rethrow=0 return_oop=0}
                      ; - jdk.internal.reflect.DirectMethodHandleAccessor::invokeImpl@54 (line 154)
                      ; - jdk.internal.reflect.DirectMethodHandleAccessor::invoke@23 (line 103)
  0x00000229318004bc: a018 0207 | 48c7 0424 | 0000 0000 | 4c89 4c24 

  0x00000229318004cc: ;   {runtime_call throw_range_check_failed Runtime1 stub}
  0x00000229318004cc: 08e8 0e0b 

  0x00000229318004d0: ; ImmutableOopMap {rdx=Oop r9=Oop r8=Oop rsi=Oop [176]=Oop [192]=Oop [264]=Oop }
                      ;*aaload {reexecute=0 rethrow=0 return_oop=0}
                      ; - jdk.internal.reflect.DirectMethodHandleAccessor::invokeImpl@54 (line 154)
                      ; - jdk.internal.reflect.DirectMethodHandleAccessor::invoke@23 (line 103)
                      ;   {metadata({method} {0x00000229481e0030} 'invokeExact_MT' '(Ljava/lang/Object;Ljava/lang/Object;Ljava/lang/Object;Ljava/lang/Object;)Ljava/lang/Object;' in 'java/lang/invoke/Invokers$Holder')}
  0x00000229318004d0: 0207 49ba | 2800 1e48 | 2902 0000 | 4c89 5424 | 0848 c704 | 24ff ffff 

  0x00000229318004e8: ;   {runtime_call counter_overflow Runtime1 stub}
  0x00000229318004e8: ffe8 f27f 

  0x00000229318004ec: ; ImmutableOopMap {rdx=Oop r8=Oop rsi=Oop rdi=Oop [176]=Oop [192]=Oop [256]=Oop [264]=Oop }
                      ;*synchronization entry
                      ; - java.lang.invoke.Invokers$Holder::invokeExact_MT@-1
                      ; - jdk.internal.reflect.DirectMethodHandleAccessor::invokeImpl@55 (line 154)
                      ; - jdk.internal.reflect.DirectMethodHandleAccessor::invoke@23 (line 103)
  0x00000229318004ec: 0207 e94c 

  0x00000229318004f0: ;   {metadata({method} {0x00000229484467a0} 'checkExactType' '(Ljava/lang/invoke/MethodHandle;Ljava/lang/invoke/MethodType;)V' in 'java/lang/invoke/Invokers')}
  0x00000229318004f0: efff ff49 | ba98 6744 | 4829 0200 | 004c 8954 | 2408 48c7 | 0424 ffff 

  0x0000022931800508: ;   {runtime_call counter_overflow Runtime1 stub}
  0x0000022931800508: ffff e8d1 

  0x000002293180050c: ; ImmutableOopMap {rdx=Oop r8=Oop rsi=Oop rdi=Oop [176]=Oop [192]=Oop [256]=Oop [264]=Oop }
                      ;*synchronization entry
                      ; - java.lang.invoke.Invokers::checkExactType@-1 (line 528)
                      ; - java.lang.invoke.Invokers$Holder::invokeExact_MT@10
                      ; - jdk.internal.reflect.DirectMethodHandleAccessor::invokeImpl@55 (line 154)
                      ; - jdk.internal.reflect.DirectMethodHandleAccessor::invoke@23 (line 103)
  0x000002293180050c: 7f02 07e9 | ceef ffff 

  0x0000022931800514: ;   {runtime_call throw_null_pointer_exception Runtime1 stub}
  0x0000022931800514: e847 1802 

  0x0000022931800518: ; ImmutableOopMap {rdx=Oop r8=Oop rsi=Oop rdi=Oop [176]=Oop [192]=Oop [256]=Oop [264]=Oop }
                      ;*invokevirtual type {reexecute=0 rethrow=0 return_oop=0}
                      ; - java.lang.invoke.Invokers::checkExactType@1 (line 528)
                      ; - java.lang.invoke.Invokers$Holder::invokeExact_MT@10
                      ; - jdk.internal.reflect.DirectMethodHandleAccessor::invokeImpl@55 (line 154)
                      ; - jdk.internal.reflect.DirectMethodHandleAccessor::invoke@23 (line 103)
                      ;   {metadata({method} {0x0000022948446698} 'checkCustomized' '(Ljava/lang/invoke/MethodHandle;)V' in 'java/lang/invoke/Invokers')}
  0x0000022931800518: 0749 ba90 | 6644 4829 | 0200 004c | 8954 2408 | 48c7 0424 | ffff ffff 

  0x0000022931800530: ;   {runtime_call counter_overflow Runtime1 stub}
  0x0000022931800530: e8ab 7f02 

  0x0000022931800534: ; ImmutableOopMap {rdx=Oop r8=Oop rsi=Oop rdi=Oop [176]=Oop [192]=Oop [256]=Oop [264]=Oop }
                      ;*synchronization entry
                      ; - java.lang.invoke.Invokers::checkCustomized@-1 (line 622)
                      ; - java.lang.invoke.Invokers$Holder::invokeExact_MT@14
                      ; - jdk.internal.reflect.DirectMethodHandleAccessor::invokeImpl@55 (line 154)
                      ; - jdk.internal.reflect.DirectMethodHandleAccessor::invoke@23 (line 103)
  0x0000022931800534: 07e9 0af1 

  0x0000022931800538: ;   {metadata({method} {0x00000229481cfca8} 'isCompileConstant' '(Ljava/lang/Object;)Z' in 'java/lang/invoke/MethodHandleImpl')}
  0x0000022931800538: ffff 49ba | a0fc 1c48 | 2902 0000 | 4c89 5424 | 0848 c704 | 24ff ffff 

  0x0000022931800550: ;   {runtime_call counter_overflow Runtime1 stub}
  0x0000022931800550: ffe8 8a7f 

  0x0000022931800554: ; ImmutableOopMap {rdx=Oop r8=Oop rsi=Oop rdi=Oop [176]=Oop [192]=Oop [256]=Oop [264]=Oop }
                      ;*synchronization entry
                      ; - java.lang.invoke.MethodHandleImpl::isCompileConstant@-1 (line 620)
                      ; - java.lang.invoke.Invokers::checkCustomized@1 (line 622)
                      ; - java.lang.invoke.Invokers$Holder::invokeExact_MT@14
                      ; - jdk.internal.reflect.DirectMethodHandleAccessor::invokeImpl@55 (line 154)
                      ; - jdk.internal.reflect.DirectMethodHandleAccessor::invoke@23 (line 103)
  0x0000022931800554: 0207 e921 

  0x0000022931800558: ;   {runtime_call throw_null_pointer_exception Runtime1 stub}
  0x0000022931800558: f1ff ffe8 

  0x000002293180055c: ; ImmutableOopMap {rdx=Oop r8=Oop rsi=Oop rdi=Oop [176]=Oop [192]=Oop [256]=Oop [264]=Oop }
                      ;*getfield customized {reexecute=1 rethrow=0 return_oop=0}
                      ; - (reexecute) java.lang.invoke.Invokers::checkCustomized@12 (line 625)
                      ; - java.lang.invoke.Invokers$Holder::invokeExact_MT@14
                      ; - jdk.internal.reflect.DirectMethodHandleAccessor::invokeImpl@55 (line 154)
                      ; - jdk.internal.reflect.DirectMethodHandleAccessor::invoke@23 (line 103)
  0x000002293180055c: 0018 0207 

  0x0000022931800560: ;   {internal_word}
  0x0000022931800560: 49ba e4f8 | 7f31 2902 | 0000 4d89 | 9760 0400 

  0x0000022931800570: ;   {runtime_call SafepointBlob}
  0x0000022931800570: 00e9 6a4e 

  0x0000022931800574: ;   {metadata({method} {0x00000229481e0190} 'invokeExact_MT' '(Ljava/lang/Object;Ljava/lang/Object;Ljava/lang/Object;)Ljava/lang/Object;' in 'java/lang/invoke/Invokers$Holder')}
  0x0000022931800574: f606 49ba | 8801 1e48 | 2902 0000 | 4c89 5424 | 0848 c704 | 24ff ffff 

  0x000002293180058c: ;   {runtime_call counter_overflow Runtime1 stub}
  0x000002293180058c: ffe8 4e7f 

  0x0000022931800590: ; ImmutableOopMap {rdx=Oop r8=Oop rsi=Oop [176]=Oop [192]=Oop [272]=Oop }
                      ;*synchronization entry
                      ; - java.lang.invoke.Invokers$Holder::invokeExact_MT@-1
                      ; - jdk.internal.reflect.DirectMethodHandleAccessor::invokeImpl@41 (line 153)
                      ; - jdk.internal.reflect.DirectMethodHandleAccessor::invoke@23 (line 103)
  0x0000022931800590: 0207 e91a 

  0x0000022931800594: ;   {metadata({method} {0x00000229484467a0} 'checkExactType' '(Ljava/lang/invoke/MethodHandle;Ljava/lang/invoke/MethodType;)V' in 'java/lang/invoke/Invokers')}
  0x0000022931800594: f4ff ff49 | ba98 6744 | 4829 0200 | 004c 8954 | 2408 48c7 | 0424 ffff 

  0x00000229318005ac: ;   {runtime_call counter_overflow Runtime1 stub}
  0x00000229318005ac: ffff e82d 

  0x00000229318005b0: ; ImmutableOopMap {rdx=Oop r8=Oop rsi=Oop [176]=Oop [192]=Oop [272]=Oop }
                      ;*synchronization entry
                      ; - java.lang.invoke.Invokers::checkExactType@-1 (line 528)
                      ; - java.lang.invoke.Invokers$Holder::invokeExact_MT@10
                      ; - jdk.internal.reflect.DirectMethodHandleAccessor::invokeImpl@41 (line 153)
                      ; - jdk.internal.reflect.DirectMethodHandleAccessor::invoke@23 (line 103)
  0x00000229318005b0: 7f02 07e9 | 54f4 ffff 

  0x00000229318005b8: ;   {runtime_call throw_null_pointer_exception Runtime1 stub}
  0x00000229318005b8: e8a3 1702 

  0x00000229318005bc: ; ImmutableOopMap {rdx=Oop r8=Oop rsi=Oop [176]=Oop [192]=Oop [272]=Oop }
                      ;*invokevirtual type {reexecute=0 rethrow=0 return_oop=0}
                      ; - java.lang.invoke.Invokers::checkExactType@1 (line 528)
                      ; - java.lang.invoke.Invokers$Holder::invokeExact_MT@10
                      ; - jdk.internal.reflect.DirectMethodHandleAccessor::invokeImpl@41 (line 153)
                      ; - jdk.internal.reflect.DirectMethodHandleAccessor::invoke@23 (line 103)
                      ;   {metadata({method} {0x0000022948446698} 'checkCustomized' '(Ljava/lang/invoke/MethodHandle;)V' in 'java/lang/invoke/Invokers')}
  0x00000229318005bc: 0749 ba90 | 6644 4829 | 0200 004c | 8954 2408 | 48c7 0424 | ffff ffff 

  0x00000229318005d4: ;   {runtime_call counter_overflow Runtime1 stub}
  0x00000229318005d4: e807 7f02 

  0x00000229318005d8: ; ImmutableOopMap {rdx=Oop r8=Oop rsi=Oop [176]=Oop [192]=Oop [272]=Oop }
                      ;*synchronization entry
                      ; - java.lang.invoke.Invokers::checkCustomized@-1 (line 622)
                      ; - java.lang.invoke.Invokers$Holder::invokeExact_MT@14
                      ; - jdk.internal.reflect.DirectMethodHandleAccessor::invokeImpl@41 (line 153)
                      ; - jdk.internal.reflect.DirectMethodHandleAccessor::invoke@23 (line 103)
  0x00000229318005d8: 07e9 39f5 

  0x00000229318005dc: ;   {metadata({method} {0x00000229481cfca8} 'isCompileConstant' '(Ljava/lang/Object;)Z' in 'java/lang/invoke/MethodHandleImpl')}
  0x00000229318005dc: ffff 49ba | a0fc 1c48 | 2902 0000 | 4c89 5424 | 0848 c704 | 24ff ffff 

  0x00000229318005f4: ;   {runtime_call counter_overflow Runtime1 stub}
  0x00000229318005f4: ffe8 e67e 

  0x00000229318005f8: ; ImmutableOopMap {rdx=Oop r8=Oop rsi=Oop [176]=Oop [192]=Oop [272]=Oop }
                      ;*synchronization entry
                      ; - java.lang.invoke.MethodHandleImpl::isCompileConstant@-1 (line 620)
                      ; - java.lang.invoke.Invokers::checkCustomized@1 (line 622)
                      ; - java.lang.invoke.Invokers$Holder::invokeExact_MT@14
                      ; - jdk.internal.reflect.DirectMethodHandleAccessor::invokeImpl@41 (line 153)
                      ; - jdk.internal.reflect.DirectMethodHandleAccessor::invoke@23 (line 103)
  0x00000229318005f8: 0207 e951 

  0x00000229318005fc: ;   {runtime_call throw_null_pointer_exception Runtime1 stub}
  0x00000229318005fc: f5ff ffe8 

  0x0000022931800600: ; ImmutableOopMap {rdx=Oop r8=Oop rsi=Oop [176]=Oop [192]=Oop [272]=Oop }
                      ;*getfield customized {reexecute=1 rethrow=0 return_oop=0}
                      ; - (reexecute) java.lang.invoke.Invokers::checkCustomized@12 (line 625)
                      ; - java.lang.invoke.Invokers$Holder::invokeExact_MT@14
                      ; - jdk.internal.reflect.DirectMethodHandleAccessor::invokeImpl@41 (line 153)
                      ; - jdk.internal.reflect.DirectMethodHandleAccessor::invoke@23 (line 103)
  0x0000022931800600: 5c17 0207 

  0x0000022931800604: ;   {internal_word}
  0x0000022931800604: 49ba 78fc | 7f31 2902 | 0000 4d89 | 9760 0400 

  0x0000022931800614: ;   {runtime_call SafepointBlob}
  0x0000022931800614: 00e9 c64d 

  0x0000022931800618: ;   {runtime_call throw_null_pointer_exception Runtime1 stub}
  0x0000022931800618: f606 e841 

  0x000002293180061c: ; ImmutableOopMap {rax=Oop [176]=Oop [192]=Oop [272]=Oop }
                      ;*athrow {reexecute=1 rethrow=0 return_oop=0}
                      ; - (reexecute) java.lang.invoke.Invokers::checkExactType@15 (line 530)
                      ; - java.lang.invoke.Invokers$Holder::invokeExact_MT@10
                      ; - jdk.internal.reflect.DirectMethodHandleAccessor::invokeImpl@41 (line 153)
                      ; - jdk.internal.reflect.DirectMethodHandleAccessor::invoke@23 (line 103)
                      ;   {runtime_call throw_null_pointer_exception Runtime1 stub}
  0x000002293180061c: 1702 07e8 

  0x0000022931800620: ; ImmutableOopMap {rax=Oop [176]=Oop [192]=Oop [256]=Oop [264]=Oop }
                      ;*athrow {reexecute=1 rethrow=0 return_oop=0}
                      ; - (reexecute) java.lang.invoke.Invokers::checkExactType@15 (line 530)
                      ; - java.lang.invoke.Invokers$Holder::invokeExact_MT@10
                      ; - jdk.internal.reflect.DirectMethodHandleAccessor::invokeImpl@55 (line 154)
                      ; - jdk.internal.reflect.DirectMethodHandleAccessor::invoke@23 (line 103)
  0x0000022931800620: 3c17 0207 

  0x0000022931800624: ;   {runtime_call throw_null_pointer_exception Runtime1 stub}
  0x0000022931800624: e837 1702 

  0x0000022931800628: ; ImmutableOopMap {rax=Oop [176]=Oop [192]=Oop [232]=Oop [240]=Oop [248]=Oop }
                      ;*athrow {reexecute=1 rethrow=0 return_oop=0}
                      ; - (reexecute) java.lang.invoke.Invokers::checkExactType@15 (line 530)
                      ; - java.lang.invoke.LambdaForm$MH/0x0000022949009800::invokeExact_MT@11
                      ; - jdk.internal.reflect.DirectMethodHandleAccessor::invokeImpl@72 (line 155)
                      ; - jdk.internal.reflect.DirectMethodHandleAccessor::invoke@23 (line 103)
                      ;   {runtime_call throw_null_pointer_exception Runtime1 stub}
  0x0000022931800628: 07e8 3217 

  0x000002293180062c: ; ImmutableOopMap {rax=Oop [176]=Oop [192]=Oop [200]=Oop [208]=Oop [216]=Oop [224]=Oop }
                      ;*athrow {reexecute=1 rethrow=0 return_oop=0}
                      ; - (reexecute) java.lang.invoke.Invokers::checkExactType@15 (line 530)
                      ; - java.lang.invoke.Invokers$Holder::invokeExact_MT@11
                      ; - jdk.internal.reflect.DirectMethodHandleAccessor::invokeImpl@92 (line 156)
                      ; - jdk.internal.reflect.DirectMethodHandleAccessor::invoke@23 (line 103)
                      ;   {metadata({method} {0x000002294843e238} 'isIllegalArgument' '(Ljava/lang/RuntimeException;)Z' in 'jdk/internal/reflect/DirectMethodHandleAccessor')}
  0x000002293180062c: 0207 49ba | 30e2 4348 | 2902 0000 | 4c89 5424 | 0848 c704 | 24ff ffff 

  0x0000022931800644: ;   {runtime_call counter_overflow Runtime1 stub}
  0x0000022931800644: ffe8 967e 

  0x0000022931800648: ; ImmutableOopMap {rax=Oop }
                      ;*synchronization entry
                      ; - jdk.internal.reflect.DirectMethodHandleAccessor::isIllegalArgument@-1 (line 191)
                      ; - jdk.internal.reflect.DirectMethodHandleAccessor::invoke@58 (line 112)
  0x0000022931800648: 0207 e9a1 

  0x000002293180064c: ;   {metadata({method} {0x000002294843e238} 'isIllegalArgument' '(Ljava/lang/RuntimeException;)Z' in 'jdk/internal/reflect/DirectMethodHandleAccessor')}
  0x000002293180064c: f7ff ff49 | ba30 e243 | 4829 0200 | 004c 8954 | 2408 48c7 | 0424 ffff 

  0x0000022931800664: ;   {runtime_call counter_overflow Runtime1 stub}
  0x0000022931800664: ffff e875 

  0x0000022931800668: ; ImmutableOopMap {rax=Oop }
                      ;*synchronization entry
                      ; - jdk.internal.reflect.DirectMethodHandleAccessor::isIllegalArgument@-1 (line 191)
                      ; - jdk.internal.reflect.DirectMethodHandleAccessor::invoke@30 (line 105)
  0x0000022931800668: 7e02 07e9 | 37f8 ffff 

  0x0000022931800670: ;   {metadata(nullptr)}
  0x0000022931800670: 48ba 0000 | 0000 0000 | 0000 b800 

  0x000002293180067c: ;   {runtime_call load_klass_patching Runtime1 stub}
  0x000002293180067c: 0f05 0ae8 

  0x0000022931800680: ; ImmutableOopMap {}
                      ;*new {reexecute=1 rethrow=0 return_oop=0}
                      ; - (reexecute) jdk.internal.reflect.DirectMethodHandleAccessor::invoke@36 (line 107)
  0x0000022931800680: dc6d 0207 | e977 f8ff | ff48 8bd2 

  0x000002293180068c: ;   {runtime_call fast_new_instance Runtime1 stub}
  0x000002293180068c: e8cf 1f02 

  0x0000022931800690: ; ImmutableOopMap {}
                      ;*new {reexecute=0 rethrow=0 return_oop=0}
                      ; - jdk.internal.reflect.DirectMethodHandleAccessor::invoke@36 (line 107)
  0x0000022931800690: 07e9 c2f8 

  0x0000022931800694: ;   {metadata(nullptr)}
  0x0000022931800694: ffff 48ba | 0000 0000 | 0000 0000 | b800 0f05 

  0x00000229318006a4: ;   {runtime_call load_klass_patching Runtime1 stub}
  0x00000229318006a4: 0ae8 b66d 

  0x00000229318006a8: ; ImmutableOopMap {r8=Oop }
                      ;*new {reexecute=1 rethrow=0 return_oop=0}
                      ; - (reexecute) jdk.internal.reflect.DirectMethodHandleAccessor::invoke@46 (line 109)
  0x00000229318006a8: 0207 e901 

  0x00000229318006ac: ;   {runtime_call throw_null_pointer_exception Runtime1 stub}
  0x00000229318006ac: f9ff ffe8 

  0x00000229318006b0: ; ImmutableOopMap {r8=Oop }
                      ;*new {reexecute=0 rethrow=0 return_oop=0}
                      ; - jdk.internal.reflect.DirectMethodHandleAccessor::invoke@46 (line 109)
  0x00000229318006b0: ac16 0207 

  0x00000229318006b4: ;   {runtime_call fast_new_instance_init_check Runtime1 stub}
  0x00000229318006b4: 488b d2e8 

  0x00000229318006b8: ; ImmutableOopMap {r8=Oop }
                      ;*new {reexecute=0 rethrow=0 return_oop=0}
                      ; - jdk.internal.reflect.DirectMethodHandleAccessor::invoke@46 (line 109)
  0x00000229318006b8: a422 0207 | e954 f9ff 

  0x00000229318006c0: ;   {metadata(nullptr)}
  0x00000229318006c0: ff48 ba00 | 0000 0000 | 0000 00b8 | 000f 050a 

  0x00000229318006d0: ;   {runtime_call load_klass_patching Runtime1 stub}
  0x00000229318006d0: e88b 6d02 

  0x00000229318006d4: ; ImmutableOopMap {[280]=Oop }
                      ;*new {reexecute=1 rethrow=0 return_oop=0}
                      ; - (reexecute) jdk.internal.reflect.DirectMethodHandleAccessor::invoke@64 (line 113)
  0x00000229318006d4: 07e9 7ef9 | ffff 488b 

  0x00000229318006dc: ;   {runtime_call fast_new_instance Runtime1 stub}
  0x00000229318006dc: d2e8 7e1f 

  0x00000229318006e0: ; ImmutableOopMap {[280]=Oop }
                      ;*new {reexecute=0 rethrow=0 return_oop=0}
                      ; - jdk.internal.reflect.DirectMethodHandleAccessor::invoke@64 (line 113)
  0x00000229318006e0: 0207 e9c9 

  0x00000229318006e4: ;   {metadata(nullptr)}
  0x00000229318006e4: f9ff ff48 | ba00 0000 | 0000 0000 | 00b8 000f 

  0x00000229318006f4: ;   {runtime_call load_klass_patching Runtime1 stub}
  0x00000229318006f4: 050a e865 

  0x00000229318006f8: ; ImmutableOopMap {r8=Oop }
                      ;*new {reexecute=1 rethrow=0 return_oop=0}
                      ; - (reexecute) jdk.internal.reflect.DirectMethodHandleAccessor::invoke@73 (line 115)
  0x00000229318006f8: 6d02 07e9 | 08fa ffff 

  0x0000022931800700: ;   {runtime_call throw_null_pointer_exception Runtime1 stub}
  0x0000022931800700: e85b 1602 

  0x0000022931800704: ; ImmutableOopMap {r8=Oop }
                      ;*new {reexecute=0 rethrow=0 return_oop=0}
                      ; - jdk.internal.reflect.DirectMethodHandleAccessor::invoke@73 (line 115)
  0x0000022931800704: 0748 8bd2 

  0x0000022931800708: ;   {runtime_call fast_new_instance_init_check Runtime1 stub}
  0x0000022931800708: e853 2202 

  0x000002293180070c: ; ImmutableOopMap {r8=Oop }
                      ;*new {reexecute=0 rethrow=0 return_oop=0}
                      ; - jdk.internal.reflect.DirectMethodHandleAccessor::invoke@73 (line 115)
  0x000002293180070c: 07e9 5bfa 

  0x0000022931800710: ;   {metadata('java/lang/reflect/InvocationTargetException')}
  0x0000022931800710: ffff 48ba | 901b 0449 | 2902 0000 | b800 0f05 

  0x0000022931800720: ;   {runtime_call load_klass_patching Runtime1 stub}
  0x0000022931800720: 0ae8 3a6d 

  0x0000022931800724: ; ImmutableOopMap {r8=Oop }
                      ;*new {reexecute=1 rethrow=0 return_oop=0}
                      ; - (reexecute) jdk.internal.reflect.DirectMethodHandleAccessor::invoke@83 (line 118)
  0x0000022931800724: 0207 e99d 

  0x0000022931800728: ;   {runtime_call throw_null_pointer_exception Runtime1 stub}
  0x0000022931800728: faff ffe8 

  0x000002293180072c: ; ImmutableOopMap {r8=Oop }
                      ;*new {reexecute=0 rethrow=0 return_oop=0}
                      ; - jdk.internal.reflect.DirectMethodHandleAccessor::invoke@83 (line 118)
  0x000002293180072c: 3016 0207 

  0x0000022931800730: ;   {runtime_call fast_new_instance_init_check Runtime1 stub}
  0x0000022931800730: 488b d2e8 

  0x0000022931800734: ; ImmutableOopMap {r8=Oop }
                      ;*new {reexecute=0 rethrow=0 return_oop=0}
                      ; - jdk.internal.reflect.DirectMethodHandleAccessor::invoke@83 (line 118)
  0x0000022931800734: 2822 0207 | e9f0 faff | ff49 8b87 | 0005 0000 | 49c7 8700 | 0500 0000 | 0000 0049 | c787 0805 
  0x0000022931800754: 0000 0000 | 0000 4881 | c460 0100 

  0x0000022931800760: ;   {runtime_call unwind_exception Runtime1 stub}
  0x0000022931800760: 005d e9f9 | fd01 07f4 
[Stub Code]
  0x0000022931800768: ;   {no_reloc}
  0x0000022931800768: 0f1f 4400 

  0x000002293180076c: ;   {static_stub}
  0x000002293180076c: 0048 bb28 | 001e 4829 

  0x0000022931800774: ;   {runtime_call I2C/C2I adapters}
  0x0000022931800774: 0200 00e9 | 4240 f506 

  0x000002293180077c: ;   {static_stub}
  0x000002293180077c: 9048 bb00 | 0000 0000 

  0x0000022931800784: ;   {runtime_call nmethod}
  0x0000022931800784: 0000 00e9 | fbff ffff 

  0x000002293180078c: ;   {static_stub}
  0x000002293180078c: 9048 bb00 | 0000 0000 

  0x0000022931800794: ;   {runtime_call nmethod}
  0x0000022931800794: 0000 00e9 | fbff ffff 

  0x000002293180079c: ;   {static_stub}
  0x000002293180079c: 9048 bb00 | 0000 0000 

  0x00000229318007a4: ;   {runtime_call nmethod}
  0x00000229318007a4: 0000 00e9 | fbff ffff 

  0x00000229318007ac: ;   {static_stub}
  0x00000229318007ac: 9048 bb00 | 0000 0000 

  0x00000229318007b4: ;   {runtime_call nmethod}
  0x00000229318007b4: 0000 00e9 | fbff ffff 

  0x00000229318007bc: ;   {static_stub}
  0x00000229318007bc: 9048 bb88 | 7502 8929 

  0x00000229318007c4: ;   {runtime_call I2C/C2I adapters}
  0x00000229318007c4: 0200 00e9 | 6a37 f606 

  0x00000229318007cc: ;   {static_stub}
  0x00000229318007cc: 48bb 0000 | 0000 0000 

  0x00000229318007d4: ;   {runtime_call nmethod}
  0x00000229318007d4: 0000 e9fb 

  0x00000229318007d8: ;   {static_stub}
  0x00000229318007d8: ffff ff48 | bb00 0000 | 0000 0000 

  0x00000229318007e4: ;   {runtime_call nmethod}
  0x00000229318007e4: 00e9 fbff 

  0x00000229318007e8: ;   {static_stub}
  0x00000229318007e8: ffff 48bb | 0000 0000 | 0000 0000 

  0x00000229318007f4: ;   {runtime_call nmethod}
  0x00000229318007f4: e9fb ffff 

  0x00000229318007f8: ;   {static_stub}
  0x00000229318007f8: ff48 bb00 | 0000 0000 

  0x0000022931800800: ;   {runtime_call nmethod}
  0x0000022931800800: 0000 00e9 | fbff ffff 

  0x0000022931800808: ;   {static_stub}
  0x0000022931800808: 48bb 0000 | 0000 0000 

  0x0000022931800810: ;   {runtime_call nmethod}
  0x0000022931800810: 0000 e9fb 

  0x0000022931800814: ;   {static_stub}
  0x0000022931800814: ffff ff48 | bb00 0000 | 0000 0000 

  0x0000022931800820: ;   {runtime_call nmethod}
  0x0000022931800820: 00e9 fbff 

  0x0000022931800824: ;   {static_stub}
  0x0000022931800824: ffff 48bb | 0000 0000 | 0000 0000 

  0x0000022931800830: ;   {runtime_call nmethod}
  0x0000022931800830: e9fb ffff 

  0x0000022931800834: ;   {static_stub}
  0x0000022931800834: ff48 bb00 | 0000 0000 

  0x000002293180083c: ;   {runtime_call nmethod}
  0x000002293180083c: 0000 00e9 | fbff ffff 

  0x0000022931800844: ;   {static_stub}
  0x0000022931800844: 48bb 0000 | 0000 0000 

  0x000002293180084c: ;   {runtime_call nmethod}
  0x000002293180084c: 0000 e9fb 

  0x0000022931800850: ;   {static_stub}
  0x0000022931800850: ffff ff48 | bb00 0000 | 0000 0000 

  0x000002293180085c: ;   {runtime_call nmethod}
  0x000002293180085c: 00e9 fbff 

  0x0000022931800860: ;   {runtime_call handle_exception_from_callee Runtime1 stub}
  0x0000022931800860: ffff e8f9 

  0x0000022931800864: ;   {external_word}
  0x0000022931800864: 4402 0748 | b930 d5e5 | f8ff 7f00 | 0048 83e4 

  0x0000022931800874: ;   {runtime_call}
  0x0000022931800874: f048 b870 | 4aac f8ff | 7f00 00ff 

  0x0000022931800880: ;   {section_word}
  0x0000022931800880: d0f4 49ba | 8208 8031 | 2902 0000 

  0x000002293180088c: ;   {runtime_call DeoptimizationBlob}
  0x000002293180088c: 4152 e9ed 

  0x0000022931800890: ;   {section_word}
  0x0000022931800890: 3df6 0649 | ba93 0880 | 3129 0200 

  0x000002293180089c: ;   {runtime_call DeoptimizationBlob}
  0x000002293180089c: 0041 52e9 | dc3d f606 | f4f4 f4f4 
[/MachCode]


---------------  P R O C E S S  ---------------

Threads class SMR info:
_java_thread_list=0x000002298fb8f060, length=36, elements={
0x0000022928aaf8a0, 0x00000229478db660, 0x00000229478dc580, 0x00000229478e15d0,
0x00000229478e23e0, 0x00000229478e2e40, 0x00000229478e39d0, 0x00000229478ea9c0,
0x00000229478f56f0, 0x0000022947a3dab0, 0x0000022947a4bb30, 0x000002298e54d0d0,
0x0000022992680090, 0x000002299267d930, 0x000002299267fa00, 0x000002299267ab40,
0x000002299267b1d0, 0x000002299267b860, 0x000002299267dfc0, 0x000002299267f370,
0x000002299267bef0, 0x000002299267c580, 0x0000022992680720, 0x0000022992679790,
0x000002299267d2a0, 0x0000022992679e20, 0x000002299267a4b0, 0x000002299267cc10,
0x000002298e75f080, 0x000002298e75fda0, 0x000002298e75bc00, 0x000002298e762500,
0x000002299069abb0, 0x0000022993f794c0, 0x0000022993f7a870, 0x0000022993d81500
}

Java Threads: ( => current thread )
=>0x0000022928aaf8a0 JavaThread "main"                              [_thread_in_native, id=2676, stack(0x000000b331500000,0x000000b331600000) (1024K)]
  0x00000229478db660 JavaThread "Reference Handler"          daemon [_thread_blocked, id=28432, stack(0x000000b331d00000,0x000000b331e00000) (1024K)]
  0x00000229478dc580 JavaThread "Finalizer"                  daemon [_thread_blocked, id=24596, stack(0x000000b331e00000,0x000000b331f00000) (1024K)]
  0x00000229478e15d0 JavaThread "Signal Dispatcher"          daemon [_thread_blocked, id=13160, stack(0x000000b331f00000,0x000000b332000000) (1024K)]
  0x00000229478e23e0 JavaThread "Attach Listener"            daemon [_thread_blocked, id=11016, stack(0x000000b332000000,0x000000b332100000) (1024K)]
  0x00000229478e2e40 JavaThread "Service Thread"             daemon [_thread_blocked, id=11100, stack(0x000000b332100000,0x000000b332200000) (1024K)]
  0x00000229478e39d0 JavaThread "Monitor Deflation Thread"   daemon [_thread_blocked, id=21500, stack(0x000000b332200000,0x000000b332300000) (1024K)]
  0x00000229478ea9c0 JavaThread "C2 CompilerThread0"         daemon [_thread_blocked, id=26160, stack(0x000000b332300000,0x000000b332400000) (1024K)]
  0x00000229478f56f0 JavaThread "C1 CompilerThread0"         daemon [_thread_blocked, id=19072, stack(0x000000b332400000,0x000000b332500000) (1024K)]
  0x0000022947a3dab0 JavaThread "Notification Thread"        daemon [_thread_blocked, id=2784, stack(0x000000b332500000,0x000000b332600000) (1024K)]
  0x0000022947a4bb30 JavaThread "Common-Cleaner"             daemon [_thread_blocked, id=24312, stack(0x000000b332600000,0x000000b332700000) (1024K)]
  0x000002298e54d0d0 JavaThread "Thread-1"                   daemon [_thread_blocked, id=14888, stack(0x000000b333100000,0x000000b333200000) (1024K)]
  0x0000022992680090 JavaThread "Thread-2"                   daemon [_thread_in_native, id=9780, stack(0x000000b333500000,0x000000b333600000) (1024K)]
  0x000002299267d930 JavaThread "Thread-3"                   daemon [_thread_in_native, id=11608, stack(0x000000b333600000,0x000000b333700000) (1024K)]
  0x000002299267fa00 JavaThread "Thread-4"                   daemon [_thread_in_native, id=10424, stack(0x000000b333700000,0x000000b333800000) (1024K)]
  0x000002299267ab40 JavaThread "Thread-5"                   daemon [_thread_in_native, id=84, stack(0x000000b333800000,0x000000b333900000) (1024K)]
  0x000002299267b1d0 JavaThread "Thread-6"                   daemon [_thread_in_native, id=3808, stack(0x000000b333900000,0x000000b333a00000) (1024K)]
  0x000002299267b860 JavaThread "Thread-7"                   daemon [_thread_in_native, id=23188, stack(0x000000b333a00000,0x000000b333b00000) (1024K)]
  0x000002299267dfc0 JavaThread "Thread-8"                   daemon [_thread_in_native, id=21572, stack(0x000000b333b00000,0x000000b333c00000) (1024K)]
  0x000002299267f370 JavaThread "Thread-9"                   daemon [_thread_in_native, id=22132, stack(0x000000b333c00000,0x000000b333d00000) (1024K)]
  0x000002299267bef0 JavaThread "Thread-10"                  daemon [_thread_in_native, id=22880, stack(0x000000b333d00000,0x000000b333e00000) (1024K)]
  0x000002299267c580 JavaThread "Thread-11"                  daemon [_thread_in_native, id=20544, stack(0x000000b333e00000,0x000000b333f00000) (1024K)]
  0x0000022992680720 JavaThread "Thread-12"                  daemon [_thread_in_native, id=21616, stack(0x000000b333f00000,0x000000b334000000) (1024K)]
  0x0000022992679790 JavaThread "Thread-13"                  daemon [_thread_in_native, id=11536, stack(0x000000b334000000,0x000000b334100000) (1024K)]
  0x000002299267d2a0 JavaThread "Thread-14"                  daemon [_thread_in_native, id=14868, stack(0x000000b334100000,0x000000b334200000) (1024K)]
  0x0000022992679e20 JavaThread "Thread-18"                  daemon [_thread_blocked, id=26044, stack(0x000000b332800000,0x000000b332900000) (1024K)]
  0x000002299267a4b0 JavaThread "Thread-19"                  daemon [_thread_blocked, id=18016, stack(0x000000b334200000,0x000000b334300000) (1024K)]
  0x000002299267cc10 JavaThread "testcontainers-ryuk"        daemon [_thread_blocked, id=336, stack(0x000000b332700000,0x000000b332800000) (1024K)]
  0x000002298e75f080 JavaThread "PostgreSQL-JDBC-Cleaner"    daemon [_thread_blocked, id=14612, stack(0x000000b334600000,0x000000b334700000) (1024K)]
  0x000002298e75fda0 JavaThread "HikariPool-1:housekeeper"   daemon [_thread_blocked, id=22824, stack(0x000000b334700000,0x000000b334800000) (1024K)]
  0x000002298e75bc00 JavaThread "HttpClient-1-SelectorManager" daemon [_thread_in_native, id=24788, stack(0x000000b334900000,0x000000b334a00000) (1024K)]
  0x000002298e762500 JavaThread "HttpClient-2-SelectorManager" daemon [_thread_in_native, id=10704, stack(0x000000b334a00000,0x000000b334b00000) (1024K)]
  0x000002299069abb0 JavaThread "HttpClient-3-SelectorManager" daemon [_thread_in_native, id=1504, stack(0x000000b334b00000,0x000000b334c00000) (1024K)]
  0x0000022993f794c0 JavaThread "HttpClient-4-SelectorManager" daemon [_thread_in_native, id=4156, stack(0x000000b334c00000,0x000000b334d00000) (1024K)]
  0x0000022993f7a870 JavaThread "HttpClient-5-SelectorManager" daemon [_thread_in_native, id=25032, stack(0x000000b334d00000,0x000000b334e00000) (1024K)]
  0x0000022993d81500 JavaThread "C2 CompilerThread1"         daemon [_thread_in_native, id=25096, stack(0x000000b334400000,0x000000b334500000) (1024K)]
Total: 36

Other Threads:
  0x00000229478c4bd0 VMThread "VM Thread"                           [id=19468, stack(0x000000b331c00000,0x000000b331d00000) (1024K)]
  0x00000229478b36b0 WatcherThread "VM Periodic Task Thread"        [id=8944, stack(0x000000b331b00000,0x000000b331c00000) (1024K)]
  0x0000022928b0b550 WorkerThread "GC Thread#0"                     [id=22016, stack(0x000000b331600000,0x000000b331700000) (1024K)]
  0x000002298dd36e90 WorkerThread "GC Thread#1"                     [id=28556, stack(0x000000b332900000,0x000000b332a00000) (1024K)]
  0x000002298db1df80 WorkerThread "GC Thread#2"                     [id=17472, stack(0x000000b332a00000,0x000000b332b00000) (1024K)]
  0x000002298db1e330 WorkerThread "GC Thread#3"                     [id=18228, stack(0x000000b332b00000,0x000000b332c00000) (1024K)]
  0x000002298db1e6e0 WorkerThread "GC Thread#4"                     [id=12228, stack(0x000000b332c00000,0x000000b332d00000) (1024K)]
  0x000002298db231a0 WorkerThread "GC Thread#5"                     [id=10104, stack(0x000000b332d00000,0x000000b332e00000) (1024K)]
  0x000002298dd22980 WorkerThread "GC Thread#6"                     [id=4908, stack(0x000000b332e00000,0x000000b332f00000) (1024K)]
  0x000002298db0a290 WorkerThread "GC Thread#7"                     [id=25092, stack(0x000000b332f00000,0x000000b333000000) (1024K)]
  0x000002298e35d720 WorkerThread "GC Thread#8"                     [id=25292, stack(0x000000b333000000,0x000000b333100000) (1024K)]
  0x000002298edeedb0 WorkerThread "GC Thread#9"                     [id=23604, stack(0x000000b333200000,0x000000b333300000) (1024K)]
  0x0000022928b1dc80 ConcurrentGCThread "G1 Main Marker"            [id=11432, stack(0x000000b331700000,0x000000b331800000) (1024K)]
  0x0000022928b1ff40 WorkerThread "G1 Conc#0"                       [id=5672, stack(0x000000b331800000,0x000000b331900000) (1024K)]
  0x000002298edef8c0 WorkerThread "G1 Conc#1"                       [id=3224, stack(0x000000b333300000,0x000000b333400000) (1024K)]
  0x000002298edee650 WorkerThread "G1 Conc#2"                       [id=21632, stack(0x000000b333400000,0x000000b333500000) (1024K)]
  0x0000022928b6e490 ConcurrentGCThread "G1 Refine#0"               [id=5668, stack(0x000000b331900000,0x000000b331a00000) (1024K)]
  0x00000229477822e0 ConcurrentGCThread "G1 Service"                [id=20764, stack(0x000000b331a00000,0x000000b331b00000) (1024K)]
Total: 18

Threads with active compile tasks:
C2 CompilerThread1  18392 13193       4       java.lang.Class::getMethod (59 bytes)
Total: 1

VM state: not at safepoint (normal execution)

VM Mutex/Monitor currently owned by a thread: None

Heap address: 0x0000000722400000, size: 3548 MB, Compressed Oops mode: Zero based, Oop shift amount: 3

CDS archive(s) mapped at: [0x0000022948000000-0x0000022948d70000-0x0000022948d70000), size 14090240, SharedBaseAddress: 0x0000022948000000, ArchiveRelocationMode: 1.
Compressed class space mapped at: 0x0000022949000000-0x0000022989000000, reserved size: 1073741824
Narrow klass base: 0x0000022948000000, Narrow klass shift: 0, Narrow klass range: 0x41000000

GC Precious Log:
 CardTable entry size: 512
 Card Set container configuration: InlinePtr #cards 4 size 8 Array Of Cards #cards 16 size 48 Howl #buckets 8 coarsen threshold 3686 Howl Bitmap #cards 512 size 80 coarsen threshold 460 Card regions per heap region 1 cards per card region 4096
 CPUs: 12 total, 12 available
 Memory: 14188M
 Large Page Support: Disabled
 NUMA Support: Disabled
 Compressed Oops: Enabled (Zero based)
 Heap Region Size: 2M
 Heap Min Capacity: 8M
 Heap Initial Capacity: 222M
 Heap Max Capacity: 3548M
 Pre-touch: Disabled
 Parallel Workers: 10
 Concurrent Workers: 3
 Concurrent Refinement Workers: 10
 Periodic GC: Disabled

Heap:
 garbage-first heap   total reserved 3633152K, committed 145408K, used 114755K [0x0000000722400000, 0x0000000800000000)
  region size 2048K, 27 young (55296K), 4 survivors (8192K)
 Metaspace       used 115370K, committed 116352K, reserved 1179648K
  class space    used 15720K, committed 16192K, reserved 1048576K

Heap Regions: E=young(eden), S=young(survivor), O=old, HS=humongous(starts), HC=humongous(continues), CS=collection set, F=free, TAMS=top-at-mark-start, PB=parsable bottom
|   0|0x0000000722400000, 0x0000000722600000, 0x0000000722600000|100%| O|  |TAMS 0x0000000722400000| PB 0x0000000722400000| Untracked |  0
|   1|0x0000000722600000, 0x0000000722800000, 0x0000000722800000|100%| O|  |TAMS 0x0000000722600000| PB 0x0000000722600000| Untracked |  0
|   2|0x0000000722800000, 0x0000000722a00000, 0x0000000722a00000|100%| O|  |TAMS 0x0000000722800000| PB 0x0000000722800000| Untracked |  0
|   3|0x0000000722a00000, 0x0000000722c00000, 0x0000000722c00000|100%| O|  |TAMS 0x0000000722a00000| PB 0x0000000722a00000| Untracked |  0
|   4|0x0000000722c00000, 0x0000000722e00000, 0x0000000722e00000|100%| O|  |TAMS 0x0000000722c00000| PB 0x0000000722c00000| Untracked |  0
|   5|0x0000000722e00000, 0x0000000723000000, 0x0000000723000000|100%| O|  |TAMS 0x0000000722e00000| PB 0x0000000722e00000| Untracked |  0
|   6|0x0000000723000000, 0x0000000723166290, 0x0000000723200000| 69%| O|  |TAMS 0x0000000723000000| PB 0x0000000723000000| Untracked |  0
|   7|0x0000000723200000, 0x0000000723400000, 0x0000000723400000|100%| O|  |TAMS 0x0000000723200000| PB 0x0000000723200000| Untracked |  0
|   8|0x0000000723400000, 0x0000000723600000, 0x0000000723600000|100%| O|  |TAMS 0x0000000723400000| PB 0x0000000723400000| Untracked |  0
|   9|0x0000000723600000, 0x0000000723800000, 0x0000000723800000|100%| O|  |TAMS 0x0000000723600000| PB 0x0000000723600000| Untracked |  0
|  10|0x0000000723800000, 0x0000000723a00000, 0x0000000723a00000|100%| O|  |TAMS 0x0000000723800000| PB 0x0000000723800000| Untracked |  0
|  11|0x0000000723a00000, 0x0000000723c00000, 0x0000000723c00000|100%| O|  |TAMS 0x0000000723a00000| PB 0x0000000723a00000| Untracked |  0
|  12|0x0000000723c00000, 0x0000000723e00000, 0x0000000723e00000|100%| O|  |TAMS 0x0000000723c00000| PB 0x0000000723c00000| Untracked |  0
|  13|0x0000000723e00000, 0x0000000724000000, 0x0000000724000000|100%| O|  |TAMS 0x0000000723e00000| PB 0x0000000723e00000| Untracked |  0
|  14|0x0000000724000000, 0x0000000724200000, 0x0000000724200000|100%| O|  |TAMS 0x0000000724000000| PB 0x0000000724000000| Untracked |  0
|  15|0x0000000724200000, 0x0000000724400000, 0x0000000724400000|100%| O|  |TAMS 0x0000000724200000| PB 0x0000000724200000| Untracked |  0
|  16|0x0000000724400000, 0x0000000724600000, 0x0000000724600000|100%| O|  |TAMS 0x0000000724400000| PB 0x0000000724400000| Untracked |  0
|  17|0x0000000724600000, 0x0000000724800000, 0x0000000724800000|100%| O|  |TAMS 0x0000000724600000| PB 0x0000000724600000| Untracked |  0
|  18|0x0000000724800000, 0x0000000724a00000, 0x0000000724a00000|100%|HS|  |TAMS 0x0000000724800000| PB 0x0000000724800000| Complete |  0
|  19|0x0000000724a00000, 0x0000000724c00000, 0x0000000724c00000|100%| O|  |TAMS 0x0000000724a00000| PB 0x0000000724a00000| Untracked |  0
|  20|0x0000000724c00000, 0x0000000724e00000, 0x0000000724e00000|100%| O|  |TAMS 0x0000000724c00000| PB 0x0000000724c00000| Untracked |  0
|  21|0x0000000724e00000, 0x0000000725000000, 0x0000000725000000|100%| O|  |TAMS 0x0000000724e00000| PB 0x0000000724e00000| Untracked |  0
|  22|0x0000000725000000, 0x0000000725200000, 0x0000000725200000|100%| O|  |TAMS 0x0000000725000000| PB 0x0000000725000000| Untracked |  0
|  23|0x0000000725200000, 0x0000000725400000, 0x0000000725400000|100%| O|  |TAMS 0x0000000725200000| PB 0x0000000725200000| Untracked |  0
|  24|0x0000000725400000, 0x0000000725600000, 0x0000000725600000|100%| O|  |TAMS 0x0000000725400000| PB 0x0000000725400000| Untracked |  0
|  25|0x0000000725600000, 0x0000000725800000, 0x0000000725800000|100%| O|Cm|TAMS 0x0000000725600000| PB 0x0000000725600000| Complete |  0
|  26|0x0000000725800000, 0x0000000725a00000, 0x0000000725a00000|100%| O|Cm|TAMS 0x0000000725800000| PB 0x0000000725800000| Complete |  0
|  27|0x0000000725a00000, 0x0000000725c00000, 0x0000000725c00000|100%| O|Cm|TAMS 0x0000000725a00000| PB 0x0000000725a00000| Complete |  0
|  28|0x0000000725c00000, 0x0000000725e00000, 0x0000000725e00000|100%| O|  |TAMS 0x0000000725c00000| PB 0x0000000725c00000| Untracked |  0
|  29|0x0000000725e00000, 0x0000000725e00000, 0x0000000726000000|  0%| F|  |TAMS 0x0000000725e00000| PB 0x0000000725e00000| Untracked |  0
|  30|0x0000000726000000, 0x0000000726000000, 0x0000000726200000|  0%| F|  |TAMS 0x0000000726000000| PB 0x0000000726000000| Untracked |  0
|  31|0x0000000726200000, 0x0000000726200000, 0x0000000726400000|  0%| F|  |TAMS 0x0000000726200000| PB 0x0000000726200000| Untracked |  0
|  32|0x0000000726400000, 0x0000000726400000, 0x0000000726600000|  0%| F|  |TAMS 0x0000000726400000| PB 0x0000000726400000| Untracked |  0
|  33|0x0000000726600000, 0x0000000726600000, 0x0000000726800000|  0%| F|  |TAMS 0x0000000726600000| PB 0x0000000726600000| Untracked |  0
|  34|0x0000000726800000, 0x0000000726800000, 0x0000000726a00000|  0%| F|  |TAMS 0x0000000726800000| PB 0x0000000726800000| Untracked |  0
|  35|0x0000000726a00000, 0x0000000726a00000, 0x0000000726c00000|  0%| F|  |TAMS 0x0000000726a00000| PB 0x0000000726a00000| Untracked |  0
|  36|0x0000000726c00000, 0x0000000726caad10, 0x0000000726e00000| 33%| S|CS|TAMS 0x0000000726c00000| PB 0x0000000726c00000| Complete |  0
|  37|0x0000000726e00000, 0x0000000727000000, 0x0000000727000000|100%| S|CS|TAMS 0x0000000726e00000| PB 0x0000000726e00000| Complete |  0
|  38|0x0000000727000000, 0x0000000727200000, 0x0000000727200000|100%| S|CS|TAMS 0x0000000727000000| PB 0x0000000727000000| Complete |  0
|  39|0x0000000727200000, 0x0000000727400000, 0x0000000727400000|100%| S|CS|TAMS 0x0000000727200000| PB 0x0000000727200000| Complete |  0
|  40|0x0000000727400000, 0x0000000727400000, 0x0000000727600000|  0%| F|  |TAMS 0x0000000727400000| PB 0x0000000727400000| Untracked |  0
|  41|0x0000000727600000, 0x0000000727600000, 0x0000000727800000|  0%| F|  |TAMS 0x0000000727600000| PB 0x0000000727600000| Untracked |  0
|  42|0x0000000727800000, 0x0000000727800000, 0x0000000727a00000|  0%| F|  |TAMS 0x0000000727800000| PB 0x0000000727800000| Untracked |  0
|  43|0x0000000727a00000, 0x0000000727a00000, 0x0000000727c00000|  0%| F|  |TAMS 0x0000000727a00000| PB 0x0000000727a00000| Untracked |  0
|  44|0x0000000727c00000, 0x0000000727c00000, 0x0000000727e00000|  0%| F|  |TAMS 0x0000000727c00000| PB 0x0000000727c00000| Untracked |  0
|  45|0x0000000727e00000, 0x0000000727e00000, 0x0000000728000000|  0%| F|  |TAMS 0x0000000727e00000| PB 0x0000000727e00000| Untracked |  0
|  46|0x0000000728000000, 0x00000007280f8f48, 0x0000000728200000| 48%| E|  |TAMS 0x0000000728000000| PB 0x0000000728000000| Complete |  0
|  47|0x0000000728200000, 0x0000000728400000, 0x0000000728400000|100%| E|CS|TAMS 0x0000000728200000| PB 0x0000000728200000| Complete |  0
|  48|0x0000000728400000, 0x0000000728600000, 0x0000000728600000|100%| E|CS|TAMS 0x0000000728400000| PB 0x0000000728400000| Complete |  0
|  49|0x0000000728600000, 0x0000000728800000, 0x0000000728800000|100%| E|CS|TAMS 0x0000000728600000| PB 0x0000000728600000| Complete |  0
|  50|0x0000000728800000, 0x0000000728a00000, 0x0000000728a00000|100%| E|CS|TAMS 0x0000000728800000| PB 0x0000000728800000| Complete |  0
|  51|0x0000000728a00000, 0x0000000728c00000, 0x0000000728c00000|100%| E|CS|TAMS 0x0000000728a00000| PB 0x0000000728a00000| Complete |  0
|  52|0x0000000728c00000, 0x0000000728e00000, 0x0000000728e00000|100%| E|CS|TAMS 0x0000000728c00000| PB 0x0000000728c00000| Complete |  0
|  53|0x0000000728e00000, 0x0000000729000000, 0x0000000729000000|100%| E|CS|TAMS 0x0000000728e00000| PB 0x0000000728e00000| Complete |  0
|  54|0x0000000729000000, 0x0000000729200000, 0x0000000729200000|100%| E|CS|TAMS 0x0000000729000000| PB 0x0000000729000000| Complete |  0
|  55|0x0000000729200000, 0x0000000729400000, 0x0000000729400000|100%| E|CS|TAMS 0x0000000729200000| PB 0x0000000729200000| Complete |  0
|  56|0x0000000729400000, 0x0000000729600000, 0x0000000729600000|100%| E|CS|TAMS 0x0000000729400000| PB 0x0000000729400000| Complete |  0
|  57|0x0000000729600000, 0x0000000729800000, 0x0000000729800000|100%| E|CS|TAMS 0x0000000729600000| PB 0x0000000729600000| Complete |  0
|  58|0x0000000729800000, 0x0000000729a00000, 0x0000000729a00000|100%| E|CS|TAMS 0x0000000729800000| PB 0x0000000729800000| Complete |  0
|  75|0x000000072ba00000, 0x000000072bc00000, 0x000000072bc00000|100%| E|CS|TAMS 0x000000072ba00000| PB 0x000000072ba00000| Complete |  0
|  76|0x000000072bc00000, 0x000000072be00000, 0x000000072be00000|100%| E|CS|TAMS 0x000000072bc00000| PB 0x000000072bc00000| Complete |  0
|  77|0x000000072be00000, 0x000000072c000000, 0x000000072c000000|100%| E|CS|TAMS 0x000000072be00000| PB 0x000000072be00000| Complete |  0
|  78|0x000000072c000000, 0x000000072c200000, 0x000000072c200000|100%| E|CS|TAMS 0x000000072c000000| PB 0x000000072c000000| Complete |  0
|  79|0x000000072c200000, 0x000000072c400000, 0x000000072c400000|100%| E|CS|TAMS 0x000000072c200000| PB 0x000000072c200000| Complete |  0
| 110|0x0000000730000000, 0x0000000730200000, 0x0000000730200000|100%| E|CS|TAMS 0x0000000730000000| PB 0x0000000730000000| Complete |  0
|1768|0x00000007ff400000, 0x00000007ff600000, 0x00000007ff600000|100%| O|  |TAMS 0x00000007ff400000| PB 0x00000007ff400000| Untracked |  0
|1769|0x00000007ff600000, 0x00000007ff800000, 0x00000007ff800000|100%| E|CS|TAMS 0x00000007ff600000| PB 0x00000007ff600000| Complete |  0
|1770|0x00000007ff800000, 0x00000007ffa00000, 0x00000007ffa00000|100%| E|CS|TAMS 0x00000007ff800000| PB 0x00000007ff800000| Complete |  0
|1771|0x00000007ffa00000, 0x00000007ffc00000, 0x00000007ffc00000|100%| E|CS|TAMS 0x00000007ffa00000| PB 0x00000007ffa00000| Complete |  0
|1772|0x00000007ffc00000, 0x00000007ffe00000, 0x00000007ffe00000|100%| O|Cm|TAMS 0x00000007ffc00000| PB 0x00000007ffc00000| Complete |  0
|1773|0x00000007ffe00000, 0x0000000800000000, 0x0000000800000000|100%| E|CS|TAMS 0x00000007ffe00000| PB 0x00000007ffe00000| Complete |  0

Card table byte_map: [0x0000022940e20000,0x0000022941510000] _byte_map_base: 0x000002293d50e000

Marking Bits: (CMBitMap*) 0x0000022928b0bc60
 Bits: [0x0000022941510000, 0x0000022944c80000)

Polling page: 0x00000229267f0000

Metaspace:

Usage:
  Non-class:     97.31 MB used.
      Class:     15.35 MB used.
       Both:    112.67 MB used.

Virtual space:
  Non-class space:      128.00 MB reserved,      97.81 MB ( 76%) committed,  2 nodes.
      Class space:        1.00 GB reserved,      15.81 MB (  2%) committed,  1 nodes.
             Both:        1.12 GB reserved,     113.62 MB ( 10%) committed. 

Chunk freelists:
   Non-Class:  13.81 MB
       Class:  112.00 KB
        Both:  13.92 MB

MaxMetaspaceSize: unlimited
CompressedClassSpaceSize: 1.00 GB
Initial GC threshold: 21.00 MB
Current GC threshold: 162.81 MB
CDS: on
 - commit_granule_bytes: 65536.
 - commit_granule_words: 8192.
 - virtual_space_node_default_size: 8388608.
 - enlarge_chunks_in_place: 1.
 - use_allocation_guard: 0.


Internal statistics:

num_allocs_failed_limit: 15.
num_arena_births: 1252.
num_arena_deaths: 4.
num_vsnodes_births: 3.
num_vsnodes_deaths: 0.
num_space_committed: 1832.
num_space_uncommitted: 7.
num_chunks_returned_to_freelist: 83.
num_chunks_taken_from_freelist: 5572.
num_chunk_merges: 22.
num_chunk_splits: 4047.
num_chunks_enlarged: 3255.
num_inconsistent_stats: 0.

CodeHeap 'non-profiled nmethods': size=120064Kb used=6123Kb max_used=6123Kb free=113940Kb
 bounds [0x0000022938ca0000, 0x00000229392a0000, 0x00000229401e0000]
CodeHeap 'profiled nmethods': size=120000Kb used=18046Kb max_used=18046Kb free=101953Kb
 bounds [0x00000229311e0000, 0x0000022932380000, 0x0000022938710000]
CodeHeap 'non-nmethods': size=5696Kb used=1780Kb max_used=1828Kb free=3915Kb
 bounds [0x0000022938710000, 0x0000022938980000, 0x0000022938ca0000]
CodeCache: size=245760Kb, used=25949Kb, max_used=25997Kb, free=219808Kb
 total_blobs=12290, nmethods=11480, adapters=713, full_count=0
Compilation: enabled, stopped_count=0, restarted_count=0

Compilation events (20 events):
Event: 18.148 Thread 0x00000229478f56f0 13201       1       com.google.protobuf.IntArrayList::size (5 bytes)
Event: 18.148 Thread 0x00000229478f56f0 nmethod 13201 0x000002293929a288 code [0x000002293929a3a0, 0x000002293929a468]
Event: 18.148 Thread 0x00000229478f56f0 13203       3       sun.misc.Unsafe::beforeMemoryAccess (30 bytes)
Event: 18.148 Thread 0x00000229478f56f0 nmethod 13203 0x000002293237df08 code [0x000002293237e020, 0x000002293237e118]
Event: 18.148 Thread 0x00000229478f56f0 13205       3       com.google.protobuf.LongArrayList::getLong (12 bytes)
Event: 18.148 Thread 0x00000229478f56f0 nmethod 13205 0x000002293237e208 code [0x000002293237e360, 0x000002293237e688]
Event: 18.149 Thread 0x00000229478f56f0 13206       3       com.google.protobuf.UnsafeUtil::putByte (14 bytes)
Event: 18.149 Thread 0x00000229478f56f0 nmethod 13206 0x000002293237e708 code [0x000002293237e820, 0x000002293237e960]
Event: 18.149 Thread 0x00000229478f56f0 13207       3       com.google.protobuf.UnsafeUtil$JvmMemoryAccessor::putByte (12 bytes)
Event: 18.149 Thread 0x00000229478f56f0 nmethod 13207 0x000002293237ea08 code [0x000002293237eb40, 0x000002293237ed80]
Event: 18.149 Thread 0x00000229478f56f0 13208       3       sun.misc.Unsafe::putByte (14 bytes)
Event: 18.149 Thread 0x00000229478f56f0 nmethod 13208 0x000002293237ee08 code [0x000002293237ef20, 0x000002293237f098]
Event: 18.149 Thread 0x00000229478f56f0 13202       1       com.google.protobuf.GeneratedMessage::getUnknownFields (5 bytes)
Event: 18.149 Thread 0x00000229478f56f0 nmethod 13202 0x000002293929a908 code [0x000002293929aa20, 0x000002293929aaf0]
Event: 18.149 Thread 0x00000229478f56f0 13209       1       com.google.ortools.sat.IntegerVariableProto::getDomainList (5 bytes)
Event: 18.149 Thread 0x00000229478f56f0 nmethod 13209 0x000002293929ac08 code [0x000002293929ad20, 0x000002293929adf0]
Event: 18.149 Thread 0x00000229478f56f0 13211   !   3       com.google.protobuf.CodedOutputStream$ArrayEncoder::writeUInt32NoTag (74 bytes)
Event: 18.149 Thread 0x00000229478f56f0 nmethod 13211 0x000002293237f108 code [0x000002293237f260, 0x000002293237f5d0]
Event: 18.149 Thread 0x00000229478f56f0 13210       3       com.google.protobuf.WireFormat::makeTag (6 bytes)
Event: 18.149 Thread 0x00000229478f56f0 nmethod 13210 0x000002293237f608 code [0x000002293237f720, 0x000002293237f818]

GC Heap History (20 events):
Event: 5.635 GC heap before
{Heap before GC invocations=9 (full 0):
 garbage-first heap   total reserved 3633152K, committed 145408K, used 80896K [0x0000000722400000, 0x0000000800000000)
  region size 2048K, 15 young (30720K), 3 survivors (6144K)
 Metaspace       used 35725K, committed 36288K, reserved 1114112K
  class space    used 4340K, committed 4544K, reserved 1048576K
}
Event: 5.641 GC heap after
{Heap after GC invocations=10 (full 0):
 garbage-first heap   total reserved 3633152K, committed 145408K, used 65038K [0x0000000722400000, 0x0000000800000000)
  region size 2048K, 3 young (6144K), 3 survivors (6144K)
 Metaspace       used 35725K, committed 36288K, reserved 1114112K
  class space    used 4340K, committed 4544K, reserved 1048576K
}
Event: 6.356 GC heap before
{Heap before GC invocations=11 (full 0):
 garbage-first heap   total reserved 3633152K, committed 145408K, used 110094K [0x0000000722400000, 0x0000000800000000)
  region size 2048K, 25 young (51200K), 3 survivors (6144K)
 Metaspace       used 44423K, committed 45056K, reserved 1114112K
  class space    used 5455K, committed 5760K, reserved 1048576K
}
Event: 6.360 GC heap after
{Heap after GC invocations=12 (full 0):
 garbage-first heap   total reserved 3633152K, committed 145408K, used 67336K [0x0000000722400000, 0x0000000800000000)
  region size 2048K, 2 young (4096K), 2 survivors (4096K)
 Metaspace       used 44423K, committed 45056K, reserved 1114112K
  class space    used 5455K, committed 5760K, reserved 1048576K
}
Event: 9.800 GC heap before
{Heap before GC invocations=12 (full 0):
 garbage-first heap   total reserved 3633152K, committed 145408K, used 112392K [0x0000000722400000, 0x0000000800000000)
  region size 2048K, 24 young (49152K), 2 survivors (4096K)
 Metaspace       used 50508K, committed 51136K, reserved 1114112K
  class space    used 6332K, committed 6592K, reserved 1048576K
}
Event: 9.807 GC heap after
{Heap after GC invocations=13 (full 0):
 garbage-first heap   total reserved 3633152K, committed 145408K, used 60600K [0x0000000722400000, 0x0000000800000000)
  region size 2048K, 3 young (6144K), 3 survivors (6144K)
 Metaspace       used 50508K, committed 51136K, reserved 1114112K
  class space    used 6332K, committed 6592K, reserved 1048576K
}
Event: 10.301 GC heap before
{Heap before GC invocations=13 (full 0):
 garbage-first heap   total reserved 3633152K, committed 145408K, used 95416K [0x0000000722400000, 0x0000000800000000)
  region size 2048K, 22 young (45056K), 3 survivors (6144K)
 Metaspace       used 60005K, committed 60608K, reserved 1114112K
  class space    used 7614K, committed 7872K, reserved 1048576K
}
Event: 10.309 GC heap after
{Heap after GC invocations=14 (full 0):
 garbage-first heap   total reserved 3633152K, committed 145408K, used 63154K [0x0000000722400000, 0x0000000800000000)
  region size 2048K, 3 young (6144K), 3 survivors (6144K)
 Metaspace       used 60005K, committed 60608K, reserved 1114112K
  class space    used 7614K, committed 7872K, reserved 1048576K
}
Event: 11.002 GC heap before
{Heap before GC invocations=15 (full 0):
 garbage-first heap   total reserved 3633152K, committed 145408K, used 116402K [0x0000000722400000, 0x0000000800000000)
  region size 2048K, 29 young (59392K), 3 survivors (6144K)
 Metaspace       used 63465K, committed 64192K, reserved 1114112K
  class space    used 8065K, committed 8384K, reserved 1048576K
}
Event: 11.011 GC heap after
{Heap after GC invocations=16 (full 0):
 garbage-first heap   total reserved 3633152K, committed 145408K, used 67412K [0x0000000722400000, 0x0000000800000000)
  region size 2048K, 4 young (8192K), 4 survivors (8192K)
 Metaspace       used 63465K, committed 64192K, reserved 1114112K
  class space    used 8065K, committed 8384K, reserved 1048576K
}
Event: 11.941 GC heap before
{Heap before GC invocations=16 (full 0):
 garbage-first heap   total reserved 3633152K, committed 145408K, used 120660K [0x0000000722400000, 0x0000000800000000)
  region size 2048K, 30 young (61440K), 4 survivors (8192K)
 Metaspace       used 72455K, committed 73152K, reserved 1114112K
  class space    used 9520K, committed 9856K, reserved 1048576K
}
Event: 11.950 GC heap after
{Heap after GC invocations=17 (full 0):
 garbage-first heap   total reserved 3633152K, committed 145408K, used 65248K [0x0000000722400000, 0x0000000800000000)
  region size 2048K, 4 young (8192K), 4 survivors (8192K)
 Metaspace       used 72455K, committed 73152K, reserved 1114112K
  class space    used 9520K, committed 9856K, reserved 1048576K
}
Event: 12.895 GC heap before
{Heap before GC invocations=17 (full 0):
 garbage-first heap   total reserved 3633152K, committed 145408K, used 122592K [0x0000000722400000, 0x0000000800000000)
  region size 2048K, 32 young (65536K), 4 survivors (8192K)
 Metaspace       used 84861K, committed 85632K, reserved 1179648K
  class space    used 11263K, committed 11584K, reserved 1048576K
}
Event: 12.903 GC heap after
{Heap after GC invocations=18 (full 0):
 garbage-first heap   total reserved 3633152K, committed 145408K, used 68364K [0x0000000722400000, 0x0000000800000000)
  region size 2048K, 4 young (8192K), 4 survivors (8192K)
 Metaspace       used 84861K, committed 85632K, reserved 1179648K
  class space    used 11263K, committed 11584K, reserved 1048576K
}
Event: 13.934 GC heap before
{Heap before GC invocations=18 (full 0):
 garbage-first heap   total reserved 3633152K, committed 145408K, used 123660K [0x0000000722400000, 0x0000000800000000)
  region size 2048K, 31 young (63488K), 4 survivors (8192K)
 Metaspace       used 96265K, committed 97088K, reserved 1179648K
  class space    used 13048K, committed 13440K, reserved 1048576K
}
Event: 13.942 GC heap after
{Heap after GC invocations=19 (full 0):
 garbage-first heap   total reserved 3633152K, committed 145408K, used 71090K [0x0000000722400000, 0x0000000800000000)
  region size 2048K, 3 young (6144K), 3 survivors (6144K)
 Metaspace       used 96265K, committed 97088K, reserved 1179648K
  class space    used 13048K, committed 13440K, reserved 1048576K
}
Event: 14.223 GC heap before
{Heap before GC invocations=19 (full 0):
 garbage-first heap   total reserved 3633152K, committed 145408K, used 87474K [0x0000000722400000, 0x0000000800000000)
  region size 2048K, 12 young (24576K), 3 survivors (6144K)
 Metaspace       used 98810K, committed 99648K, reserved 1179648K
  class space    used 13354K, committed 13760K, reserved 1048576K
}
Event: 14.229 GC heap after
{Heap after GC invocations=20 (full 0):
 garbage-first heap   total reserved 3633152K, committed 145408K, used 73855K [0x0000000722400000, 0x0000000800000000)
  region size 2048K, 3 young (6144K), 3 survivors (6144K)
 Metaspace       used 98810K, committed 99648K, reserved 1179648K
  class space    used 13354K, committed 13760K, reserved 1048576K
}
Event: 15.260 GC heap before
{Heap before GC invocations=21 (full 0):
 garbage-first heap   total reserved 3633152K, committed 145408K, used 118911K [0x0000000722400000, 0x0000000800000000)
  region size 2048K, 29 young (59392K), 3 survivors (6144K)
 Metaspace       used 106665K, committed 107584K, reserved 1179648K
  class space    used 14550K, committed 14912K, reserved 1048576K
}
Event: 15.271 GC heap after
{Heap after GC invocations=22 (full 0):
 garbage-first heap   total reserved 3633152K, committed 145408K, used 69699K [0x0000000722400000, 0x0000000800000000)
  region size 2048K, 4 young (8192K), 4 survivors (8192K)
 Metaspace       used 106665K, committed 107584K, reserved 1179648K
  class space    used 14550K, committed 14912K, reserved 1048576K
}

Dll operation events (20 events):
Event: 0.127 Loaded shared library C:\Users\wayne\.m2\wrapper\dists\apache-maven-3.9.11\03d7e36a140982eea48e22c1dcac01d8862b2550b2939e09a0809bbc5182a5bc\lib\jansi-native\Windows\x86_64\jansi.dll
Event: 0.135 Loaded shared library C:\Users\wayne\.jdks\openjdk-23.0.1\bin\verify.dll
Event: 6.609 Loaded shared library C:\Users\wayne\.jdks\openjdk-23.0.1\bin\extnet.dll
Event: 10.424 Loaded shared library C:\Users\wayne\.jdks\openjdk-23.0.1\bin\sunmscapi.dll
Event: 12.252 Loaded shared library C:\Users\wayne\.jdks\openjdk-23.0.1\bin\management.dll
Event: 12.253 Loaded shared library C:\Users\wayne\.jdks\openjdk-23.0.1\bin\management_ext.dll
Event: 15.575 Loaded shared library C:\Users\wayne\.jdks\openjdk-23.0.1\bin\instrument.dll
Event: 15.576 Loaded shared library C:\Users\wayne\.jdks\openjdk-23.0.1\bin\zip.dll
Event: 15.578 Loaded shared library C:\Users\wayne\.jdks\openjdk-23.0.1\bin\instrument.dll
Event: 16.787 Loading shared library C:\Users\wayne\AppData\Local\Temp\ortools-java11563769008506588817\ortools-win32-x86-64\jniortools.dll failed, error code 126
Event: 17.047 Loaded shared library C:\Users\wayne\AppData\Local\Temp\ortools-java14700513506923477264\ortools-win32-x86-64\zlib1.dll
Event: 17.070 Loaded shared library C:\Users\wayne\AppData\Local\Temp\ortools-java14700513506923477264\ortools-win32-x86-64\bz2.dll
Event: 17.104 Loaded shared library C:\Users\wayne\AppData\Local\Temp\ortools-java14700513506923477264\ortools-win32-x86-64\abseil_dll.dll
Event: 17.131 Loaded shared library C:\Users\wayne\AppData\Local\Temp\ortools-java14700513506923477264\ortools-win32-x86-64\re2.dll
Event: 17.153 Loaded shared library C:\Users\wayne\AppData\Local\Temp\ortools-java14700513506923477264\ortools-win32-x86-64\libutf8_validity.dll
Event: 17.278 Loaded shared library C:\Users\wayne\AppData\Local\Temp\ortools-java14700513506923477264\ortools-win32-x86-64\libprotobuf.dll
Event: 17.331 Loaded shared library C:\Users\wayne\AppData\Local\Temp\ortools-java14700513506923477264\ortools-win32-x86-64\highs.dll
Event: 17.436 Loaded shared library C:\Users\wayne\AppData\Local\Temp\ortools-java14700513506923477264\ortools-win32-x86-64\libscip.dll
Event: 17.834 Loaded shared library C:\Users\wayne\AppData\Local\Temp\ortools-java14700513506923477264\ortools-win32-x86-64\ortools.dll
Event: 17.847 Loaded shared library C:\Users\wayne\AppData\Local\Temp\ortools-java14700513506923477264\ortools-win32-x86-64\jniortools.dll

Deoptimization events (20 events):
Event: 16.368 Thread 0x0000022928aaf8a0 DEOPT PACKING pc=0x0000022938e72fc4 sp=0x000000b3315f9d90
Event: 16.368 Thread 0x0000022928aaf8a0 DEOPT UNPACKING pc=0x0000022938764402 sp=0x000000b3315f9d30 mode 2
Event: 16.368 Thread 0x0000022928aaf8a0 Uncommon trap: trap_request=0xffffffc6 fr.pc=0x0000022938fb761c relative=0x0000000000000a1c
Event: 16.368 Thread 0x0000022928aaf8a0 Uncommon trap: reason=bimorphic_or_optimized_type_check action=maybe_recompile pc=0x0000022938fb761c method=java.util.HashMap.removeNode(ILjava/lang/Object;Ljava/lang/Object;ZZ)Ljava/util/HashMap$Node; @ 283 c2
Event: 16.368 Thread 0x0000022928aaf8a0 DEOPT PACKING pc=0x0000022938fb761c sp=0x000000b3315f83a0
Event: 16.368 Thread 0x0000022928aaf8a0 DEOPT UNPACKING pc=0x0000022938764402 sp=0x000000b3315f8368 mode 2
Event: 16.373 Thread 0x0000022928aaf8a0 Uncommon trap: trap_request=0xffffffc6 fr.pc=0x0000022938fb761c relative=0x0000000000000a1c
Event: 16.373 Thread 0x0000022928aaf8a0 Uncommon trap: reason=bimorphic_or_optimized_type_check action=maybe_recompile pc=0x0000022938fb761c method=java.util.HashMap.removeNode(ILjava/lang/Object;Ljava/lang/Object;ZZ)Ljava/util/HashMap$Node; @ 283 c2
Event: 16.373 Thread 0x0000022928aaf8a0 DEOPT PACKING pc=0x0000022938fb761c sp=0x000000b3315f9320
Event: 16.373 Thread 0x0000022928aaf8a0 DEOPT UNPACKING pc=0x0000022938764402 sp=0x000000b3315f92e8 mode 2
Event: 16.375 Thread 0x0000022928aaf8a0 Uncommon trap: trap_request=0xffffffc6 fr.pc=0x0000022938fb761c relative=0x0000000000000a1c
Event: 16.375 Thread 0x0000022928aaf8a0 Uncommon trap: reason=bimorphic_or_optimized_type_check action=maybe_recompile pc=0x0000022938fb761c method=java.util.HashMap.removeNode(ILjava/lang/Object;Ljava/lang/Object;ZZ)Ljava/util/HashMap$Node; @ 283 c2
Event: 16.375 Thread 0x0000022928aaf8a0 DEOPT PACKING pc=0x0000022938fb761c sp=0x000000b3315f98f0
Event: 16.375 Thread 0x0000022928aaf8a0 DEOPT UNPACKING pc=0x0000022938764402 sp=0x000000b3315f98b8 mode 2
Event: 17.909 Thread 0x0000022928aaf8a0 Uncommon trap: trap_request=0xffffff45 fr.pc=0x00000229391dbc98 relative=0x00000000000000f8
Event: 17.909 Thread 0x0000022928aaf8a0 Uncommon trap: reason=unstable_if action=reinterpret pc=0x00000229391dbc98 method=org.springframework.util.ClassUtils.isAssignable(Ljava/lang/Class;Ljava/lang/Class;)Z @ 57 c2
Event: 17.909 Thread 0x0000022928aaf8a0 DEOPT PACKING pc=0x00000229391dbc98 sp=0x000000b3315fa8f0
Event: 17.909 Thread 0x0000022928aaf8a0 DEOPT UNPACKING pc=0x0000022938764402 sp=0x000000b3315fa888 mode 2
Event: 17.984 Thread 0x0000022928aaf8a0 DEOPT PACKING pc=0x000002293198a278 sp=0x000000b3315f91d0
Event: 17.984 Thread 0x0000022928aaf8a0 DEOPT UNPACKING pc=0x0000022938764b22 sp=0x000000b3315f8640 mode 0

Classes loaded (20 events):
Event: 18.141 Loading class com/google/protobuf/UnsafeUtil$JvmMemoryAccessor
Event: 18.141 Loading class com/google/protobuf/UnsafeUtil$JvmMemoryAccessor done
Event: 18.141 Loading class com/google/protobuf/UnsafeUtil$1
Event: 18.141 Loading class com/google/protobuf/UnsafeUtil$1 done
Event: 18.142 Loading class com/google/protobuf/Android
Event: 18.142 Loading class com/google/protobuf/Android done
Event: 18.142 Loading class libcore/io/Memory
Event: 18.142 Loading class libcore/io/Memory done
Event: 18.142 Loading class org/robolectric/Robolectric
Event: 18.142 Loading class org/robolectric/Robolectric done
Event: 18.143 Loading class com/google/protobuf/WireFormat
Event: 18.143 Loading class com/google/protobuf/WireFormat done
Event: 18.145 Loading class com/google/protobuf/Utf8
Event: 18.145 Loading class com/google/protobuf/Utf8 done
Event: 18.146 Loading class com/google/protobuf/Utf8$Processor
Event: 18.146 Loading class com/google/protobuf/Utf8$Processor done
Event: 18.146 Loading class com/google/protobuf/Utf8$UnsafeProcessor
Event: 18.146 Loading class com/google/protobuf/Utf8$UnsafeProcessor done
Event: 18.147 Loading class com/google/protobuf/Utf8$SafeProcessor
Event: 18.147 Loading class com/google/protobuf/Utf8$SafeProcessor done

Classes unloaded (20 events):
Event: 10.328 Thread 0x00000229478c4bd0 Unloading class 0x0000022949368d08 'lombok/javac/apt/MessagerDiagnosticsReceiver'
Event: 10.328 Thread 0x00000229478c4bd0 Unloading class 0x0000022949368938 'lombok/javac/apt/InterceptingJavaFileManager'
Event: 10.328 Thread 0x00000229478c4bd0 Unloading class 0x0000022949368728 'lombok/permit/dummy/Parent'
Event: 10.328 Thread 0x00000229478c4bd0 Unloading class 0x0000022949368508 'lombok/core/CleanupRegistry'
Event: 10.328 Thread 0x00000229478c4bd0 Unloading class 0x00000229493682f8 'lombok/permit/Permit$Fake'
Event: 10.328 Thread 0x00000229478c4bd0 Unloading class 0x0000022949365d30 'lombok/permit/Permit'
Event: 10.328 Thread 0x00000229478c4bd0 Unloading class 0x0000022949368000 'lombok/javac/apt/LombokProcessor$1'
Event: 10.328 Thread 0x00000229478c4bd0 Unloading class 0x0000022949365b30 'lombok/core/DiagnosticsReceiver'
Event: 10.328 Thread 0x00000229478c4bd0 Unloading class 0x0000022949365890 'lombok/javac/apt/LombokProcessor'
Event: 10.328 Thread 0x00000229478c4bd0 Unloading class 0x0000022949365658 'lombok/core/AnnotationProcessor$EcjDescriptor'
Event: 10.328 Thread 0x00000229478c4bd0 Unloading class 0x0000022949365418 'lombok/core/AnnotationProcessor$JavacDescriptor'
Event: 10.328 Thread 0x00000229478c4bd0 Unloading class 0x0000022949365000 'lombok/core/AnnotationProcessor$ProcessorDescriptor'
Event: 10.328 Thread 0x00000229478c4bd0 Unloading class 0x0000022949364400 'lombok/core/AnnotationProcessor'
Event: 10.328 Thread 0x00000229478c4bd0 Unloading class 0x0000022949399800 'lombok/launch/AnnotationProcessorHider$ClaimingProcessor'
Event: 10.328 Thread 0x00000229478c4bd0 Unloading class 0x0000022949364ca8 'lombok/launch/AnnotationProcessorHider$AstModificationNotifierData'
Event: 10.328 Thread 0x00000229478c4bd0 Unloading class 0x0000022949364a20 'lombok/launch/ClassFileMetaData'
Event: 10.328 Thread 0x00000229478c4bd0 Unloading class 0x0000022949364800 'lombok/launch/PackageShader'
Event: 10.328 Thread 0x00000229478c4bd0 Unloading class 0x000002294933c490 'lombok/launch/ShadowClassLoader'
Event: 10.328 Thread 0x00000229478c4bd0 Unloading class 0x000002294933c288 'lombok/launch/Main'
Event: 10.328 Thread 0x00000229478c4bd0 Unloading class 0x000002294933c000 'lombok/launch/AnnotationProcessorHider$AnnotationProcessor'

Classes redefined (3 events):
Event: 15.865 Thread 0x00000229478c4bd0 redefined class name=com.planyourshift.llm.Mistral, count=1
Event: 15.867 Thread 0x00000229478c4bd0 redefined class name=java.lang.Object, count=1
Event: 15.867 Thread 0x00000229478c4bd0 redefined class name=com.planyourshift.llm.LLM, count=2

Internal exceptions (20 events):
Event: 16.680 Thread 0x0000022928aaf8a0 Exception <a 'sun/nio/fs/WindowsException'{0x0000000728b11af8}> (0x0000000728b11af8) 
thrown [s\open\src\hotspot\share\prims\jni.cpp, line 520]
Event: 16.732 Thread 0x0000022928aaf8a0 Exception <a 'sun/nio/fs/WindowsException'{0x0000000728b20b68}> (0x0000000728b20b68) 
thrown [s\open\src\hotspot\share\prims\jni.cpp, line 520]
Event: 16.747 Thread 0x0000022928aaf8a0 Exception <a 'sun/nio/fs/WindowsException'{0x0000000728b2a228}> (0x0000000728b2a228) 
thrown [s\open\src\hotspot\share\prims\jni.cpp, line 520]
Event: 16.752 Thread 0x0000022928aaf8a0 Exception <a 'sun/nio/fs/WindowsException'{0x0000000728b32270}> (0x0000000728b32270) 
thrown [s\open\src\hotspot\share\prims\jni.cpp, line 520]
Event: 16.772 Thread 0x0000022928aaf8a0 Exception <a 'sun/nio/fs/WindowsException'{0x0000000728b3ca40}> (0x0000000728b3ca40) 
thrown [s\open\src\hotspot\share\prims\jni.cpp, line 520]
Event: 16.774 Thread 0x0000022928aaf8a0 Exception <a 'sun/nio/fs/WindowsException'{0x0000000728b442b8}> (0x0000000728b442b8) 
thrown [s\open\src\hotspot\share\prims\jni.cpp, line 520]
Event: 16.787 Thread 0x0000022928aaf8a0 Exception <a 'java/lang/UnsatisfiedLinkError'{0x0000000728b4c558}> (0x0000000728b4c558) 
thrown [s\open\src\hotspot\share\prims\jvm.cpp, line 3441]
Event: 16.787 Thread 0x0000022928aaf8a0 Exception <a 'java/lang/UnsatisfiedLinkError'{0x0000000728b4c558}> (0x0000000728b4c558) 
thrown [s\open\src\hotspot\share\prims\jni.cpp, line 520]
Event: 16.789 Thread 0x0000022928aaf8a0 Exception <a 'sun/nio/fs/WindowsException'{0x0000000728b560f0}> (0x0000000728b560f0) 
thrown [s\open\src\hotspot\share\prims\jni.cpp, line 520]
Event: 16.789 Thread 0x0000022928aaf8a0 Exception <a 'sun/nio/fs/WindowsException'{0x0000000728b572d0}> (0x0000000728b572d0) 
thrown [s\open\src\hotspot\share\prims\jni.cpp, line 520]
Event: 16.791 Thread 0x0000022928aaf8a0 Exception <a 'sun/nio/fs/WindowsException'{0x0000000728b5eab8}> (0x0000000728b5eab8) 
thrown [s\open\src\hotspot\share\prims\jni.cpp, line 520]
Event: 16.793 Thread 0x0000022928aaf8a0 Exception <a 'sun/nio/fs/WindowsException'{0x0000000728b66710}> (0x0000000728b66710) 
thrown [s\open\src\hotspot\share\prims\jni.cpp, line 520]
Event: 16.909 Thread 0x0000022928aaf8a0 Exception <a 'sun/nio/fs/WindowsException'{0x0000000728b7dfd0}> (0x0000000728b7dfd0) 
thrown [s\open\src\hotspot\share\prims\jni.cpp, line 520]
Event: 16.910 Thread 0x0000022928aaf8a0 Exception <a 'sun/nio/fs/WindowsException'{0x0000000728b85eb8}> (0x0000000728b85eb8) 
thrown [s\open\src\hotspot\share\prims\jni.cpp, line 520]
Event: 16.960 Thread 0x0000022928aaf8a0 Exception <a 'sun/nio/fs/WindowsException'{0x0000000728b94f28}> (0x0000000728b94f28) 
thrown [s\open\src\hotspot\share\prims\jni.cpp, line 520]
Event: 16.975 Thread 0x0000022928aaf8a0 Exception <a 'sun/nio/fs/WindowsException'{0x0000000728b9e5e8}> (0x0000000728b9e5e8) 
thrown [s\open\src\hotspot\share\prims\jni.cpp, line 520]
Event: 16.980 Thread 0x0000022928aaf8a0 Exception <a 'sun/nio/fs/WindowsException'{0x0000000728ba6630}> (0x0000000728ba6630) 
thrown [s\open\src\hotspot\share\prims\jni.cpp, line 520]
Event: 17.000 Thread 0x0000022928aaf8a0 Exception <a 'sun/nio/fs/WindowsException'{0x0000000728bb0e00}> (0x0000000728bb0e00) 
thrown [s\open\src\hotspot\share\prims\jni.cpp, line 520]
Event: 17.000 Thread 0x0000022928aaf8a0 Exception <a 'sun/nio/fs/WindowsException'{0x0000000728bb86f8}> (0x0000000728bb86f8) 
thrown [s\open\src\hotspot\share\prims\jni.cpp, line 520]
Event: 17.908 Thread 0x0000022928aaf8a0 Exception <a 'java/lang/IncompatibleClassChangeError'{0x00000007287538e8}: Found class java.lang.Object, but interface was expected> (0x00000007287538e8) 
thrown [s\open\src\hotspot\share\interpreter\linkResolver.cpp, line 863]

VM Operations (20 events):
Event: 14.742 Executing VM operation: HandshakeAllThreads (Deoptimize)
Event: 14.742 Executing VM operation: HandshakeAllThreads (Deoptimize) done
Event: 14.822 Executing VM operation: HandshakeAllThreads (Deoptimize)
Event: 14.822 Executing VM operation: HandshakeAllThreads (Deoptimize) done
Event: 14.873 Executing VM operation: HandshakeAllThreads (Deoptimize)
Event: 14.873 Executing VM operation: HandshakeAllThreads (Deoptimize) done
Event: 15.085 Executing VM operation: HandshakeAllThreads (Deoptimize)
Event: 15.085 Executing VM operation: HandshakeAllThreads (Deoptimize) done
Event: 15.260 Executing VM operation: G1CollectForAllocation (G1 Evacuation Pause)
Event: 15.271 Executing VM operation: G1CollectForAllocation (G1 Evacuation Pause) done
Event: 15.427 Executing VM operation: HandshakeAllThreads (Deoptimize)
Event: 15.427 Executing VM operation: HandshakeAllThreads (Deoptimize) done
Event: 15.575 Executing VM operation: SetNotifyJvmtiEventsMode
Event: 15.575 Executing VM operation: SetNotifyJvmtiEventsMode done
Event: 15.724 Executing VM operation: HandshakeAllThreads (Deoptimize)
Event: 15.724 Executing VM operation: HandshakeAllThreads (Deoptimize) done
Event: 15.850 Executing VM operation: RedefineClasses
Event: 15.899 Executing VM operation: RedefineClasses done
Event: 16.306 Executing VM operation: HandshakeAllThreads (Deoptimize)
Event: 16.306 Executing VM operation: HandshakeAllThreads (Deoptimize) done

Memory protections (0 events):
No events

Nmethod flushes (20 events):
Event: 14.262 Thread 0x00000229478c4bd0 flushing  nmethod 0x000002293148fb08
Event: 14.262 Thread 0x00000229478c4bd0 flushing  nmethod 0x00000229314dc188
Event: 14.262 Thread 0x00000229478c4bd0 flushing  nmethod 0x00000229314e1988
Event: 14.262 Thread 0x00000229478c4bd0 flushing  nmethod 0x00000229315a5a08
Event: 14.262 Thread 0x00000229478c4bd0 flushing  nmethod 0x00000229315ca508
Event: 14.262 Thread 0x00000229478c4bd0 flushing  nmethod 0x0000022931670b88
Event: 14.262 Thread 0x00000229478c4bd0 flushing  nmethod 0x0000022931675308
Event: 14.262 Thread 0x00000229478c4bd0 flushing  nmethod 0x0000022931750888
Event: 14.262 Thread 0x00000229478c4bd0 flushing  nmethod 0x0000022931753708
Event: 14.262 Thread 0x00000229478c4bd0 flushing  nmethod 0x0000022931797988
Event: 14.262 Thread 0x00000229478c4bd0 flushing  nmethod 0x00000229317a6988
Event: 14.262 Thread 0x00000229478c4bd0 flushing  nmethod 0x0000022931814808
Event: 14.262 Thread 0x00000229478c4bd0 flushing  nmethod 0x0000022931990008
Event: 14.262 Thread 0x00000229478c4bd0 flushing  nmethod 0x0000022931a8db08
Event: 14.262 Thread 0x00000229478c4bd0 flushing  nmethod 0x0000022931b7d488
Event: 14.262 Thread 0x00000229478c4bd0 flushing  nmethod 0x0000022931b8b708
Event: 14.262 Thread 0x00000229478c4bd0 flushing  nmethod 0x0000022931c2c708
Event: 14.262 Thread 0x00000229478c4bd0 flushing  nmethod 0x0000022931df2008
Event: 14.262 Thread 0x00000229478c4bd0 flushing  nmethod 0x0000022931e1b408
Event: 14.262 Thread 0x00000229478c4bd0 flushing  nmethod 0x0000022931ea9e08

Events (20 events):
Event: 12.492 Thread 0x000002298e75fda0 Thread added: 0x000002298e761150
Event: 13.000 Thread 0x00000229914fc470 Thread exited: 0x00000229914fc470
Event: 13.157 Thread 0x000002298fe5b870 Thread exited: 0x000002298fe5b870
Event: 13.183 Thread 0x00000229478f56f0 Thread added: 0x00000229914fc470
Event: 13.404 Thread 0x00000229914fc470 Thread exited: 0x00000229914fc470
Event: 13.591 Thread 0x00000229478f56f0 Thread added: 0x00000229914fc470
Event: 13.598 Thread 0x00000229478f56f0 Thread added: 0x00000229914fa260
Event: 14.323 Thread 0x0000022928aaf8a0 Thread added: 0x000002298e75bc00
Event: 14.355 Thread 0x0000022928aaf8a0 Thread added: 0x000002298e762500
Event: 14.951 Thread 0x0000022928aaf8a0 Thread added: 0x000002299069abb0
Event: 14.955 Thread 0x0000022928aaf8a0 Thread added: 0x0000022993f794c0
Event: 14.973 Thread 0x0000022928aaf8a0 Thread added: 0x0000022993f7a870
Event: 15.579 Thread 0x00000229914fa260 Thread exited: 0x00000229914fa260
Event: 15.580 Thread 0x00000229914fc470 Thread exited: 0x00000229914fc470
Event: 15.696 Thread 0x00000229478ea9c0 Thread added: 0x0000022993d7ec20
Event: 15.696 Thread 0x00000229478ea9c0 Thread added: 0x0000022993d7f9c0
Event: 16.729 Thread 0x0000022993d7f9c0 Thread exited: 0x0000022993d7f9c0
Event: 17.864 Thread 0x0000022993d7ec20 Thread exited: 0x0000022993d7ec20
Event: 17.985 Thread 0x00000229478f56f0 Thread added: 0x0000022993d81500
Event: 17.991 Thread 0x000002298e761150 Thread exited: 0x000002298e761150


Dynamic libraries:
0x00007ff63bb10000 - 0x00007ff63bb1e000 	C:\Users\wayne\.jdks\openjdk-23.0.1\bin\java.exe
0x00007ff8537d0000 - 0x00007ff8539e6000 	C:\WINDOWS\SYSTEM32\ntdll.dll
0x00007ff851ea0000 - 0x00007ff851f64000 	C:\WINDOWS\System32\KERNEL32.DLL
0x00007ff850df0000 - 0x00007ff851197000 	C:\WINDOWS\System32\KERNELBASE.dll
0x00007ff8511d0000 - 0x00007ff8512e1000 	C:\WINDOWS\System32\ucrtbase.dll
0x00007ff83efd0000 - 0x00007ff83efe7000 	C:\Users\wayne\.jdks\openjdk-23.0.1\bin\jli.dll
0x00007ff83ef40000 - 0x00007ff83ef5b000 	C:\Users\wayne\.jdks\openjdk-23.0.1\bin\VCRUNTIME140.dll
0x00007ff852380000 - 0x00007ff85252e000 	C:\WINDOWS\System32\USER32.dll
0x00007ff83deb0000 - 0x00007ff83e143000 	C:\WINDOWS\WinSxS\amd64_microsoft.windows.common-controls_6595b64144ccf1df_6.0.22621.3235_none_270f74e173860f98\COMCTL32.dll
0x00007ff850b60000 - 0x00007ff850b86000 	C:\WINDOWS\System32\win32u.dll
0x00007ff8522d0000 - 0x00007ff852377000 	C:\WINDOWS\System32\msvcrt.dll
0x00007ff852530000 - 0x00007ff852559000 	C:\WINDOWS\System32\GDI32.dll
0x00007ff850c10000 - 0x00007ff850d29000 	C:\WINDOWS\System32\gdi32full.dll
0x00007ff8512f0000 - 0x00007ff85138a000 	C:\WINDOWS\System32\msvcp_win.dll
0x00007ff852570000 - 0x00007ff8525a1000 	C:\WINDOWS\System32\IMM32.DLL
0x00007ff84bbf0000 - 0x00007ff84bbfc000 	C:\Users\wayne\.jdks\openjdk-23.0.1\bin\vcruntime140_1.dll
0x00007ff838790000 - 0x00007ff83881e000 	C:\Users\wayne\.jdks\openjdk-23.0.1\bin\msvcp140.dll
0x00007ffff8490000 - 0x00007ffff91df000 	C:\Users\wayne\.jdks\openjdk-23.0.1\bin\server\jvm.dll
0x00007ff853620000 - 0x00007ff8536d2000 	C:\WINDOWS\System32\ADVAPI32.dll
0x00007ff8530d0000 - 0x00007ff853178000 	C:\WINDOWS\System32\sechost.dll
0x00007ff8511a0000 - 0x00007ff8511c8000 	C:\WINDOWS\System32\bcrypt.dll
0x00007ff852f90000 - 0x00007ff8530a5000 	C:\WINDOWS\System32\RPCRT4.dll
0x00007ff851500000 - 0x00007ff851571000 	C:\WINDOWS\System32\WS2_32.dll
0x00007ff850910000 - 0x00007ff85095d000 	C:\WINDOWS\SYSTEM32\POWRPROF.dll
0x00007ff8462f0000 - 0x00007ff846324000 	C:\WINDOWS\SYSTEM32\WINMM.dll
0x00007ff846150000 - 0x00007ff84615a000 	C:\WINDOWS\SYSTEM32\VERSION.dll
0x00007ff8507f0000 - 0x00007ff850803000 	C:\WINDOWS\SYSTEM32\UMPDC.dll
0x00007ff84fa90000 - 0x00007ff84faa8000 	C:\WINDOWS\SYSTEM32\kernel.appcore.dll
0x00007ff83efc0000 - 0x00007ff83efca000 	C:\Users\wayne\.jdks\openjdk-23.0.1\bin\jimage.dll
0x00007ff84dec0000 - 0x00007ff84e0f3000 	C:\WINDOWS\SYSTEM32\DBGHELP.DLL
0x00007ff8526a0000 - 0x00007ff852a28000 	C:\WINDOWS\System32\combase.dll
0x00007ff852aa0000 - 0x00007ff852b77000 	C:\WINDOWS\System32\OLEAUT32.dll
0x00007ff82c300000 - 0x00007ff82c332000 	C:\WINDOWS\SYSTEM32\dbgcore.DLL
0x00007ff850b90000 - 0x00007ff850c09000 	C:\WINDOWS\System32\bcryptPrimitives.dll
0x00007ff83ef20000 - 0x00007ff83ef3e000 	C:\Users\wayne\.jdks\openjdk-23.0.1\bin\java.dll
0x00007ff852c10000 - 0x00007ff852db5000 	C:\WINDOWS\System32\ole32.dll
0x00007ff851580000 - 0x00007ff851ddc000 	C:\WINDOWS\System32\SHELL32.dll
0x00007ff84ea00000 - 0x00007ff84f2f9000 	C:\WINDOWS\SYSTEM32\windows.storage.dll
0x00007ff84e8c0000 - 0x00007ff84e9fe000 	C:\WINDOWS\SYSTEM32\wintypes.dll
0x00007ff8521d0000 - 0x00007ff8522c3000 	C:\WINDOWS\System32\SHCORE.dll
0x00007ff851de0000 - 0x00007ff851e3e000 	C:\WINDOWS\System32\shlwapi.dll
0x00007ff850a20000 - 0x00007ff850a41000 	C:\WINDOWS\SYSTEM32\profapi.dll
0x00007ff81a310000 - 0x00007ff81a3e7000 	C:\Users\wayne\.jdks\openjdk-23.0.1\bin\jsvml.dll
0x00007ff83ef10000 - 0x00007ff83ef20000 	C:\Users\wayne\.jdks\openjdk-23.0.1\bin\net.dll
0x00007ff84ff50000 - 0x00007ff84ffb9000 	C:\WINDOWS\system32\mswsock.dll
0x00007ff83d000000 - 0x00007ff83d016000 	C:\Users\wayne\.jdks\openjdk-23.0.1\bin\nio.dll
0x00007ff83cfe0000 - 0x00007ff83cff7000 	C:\Users\wayne\.jdks\openjdk-23.0.1\bin\zip.dll
0x00007ff82b6f0000 - 0x00007ff82b714000 	C:\Users\wayne\.m2\wrapper\dists\apache-maven-3.9.11\03d7e36a140982eea48e22c1dcac01d8862b2550b2939e09a0809bbc5182a5bc\lib\jansi-native\Windows\x86_64\jansi.dll
0x00007ff83b290000 - 0x00007ff83b2a0000 	C:\Users\wayne\.jdks\openjdk-23.0.1\bin\verify.dll
0x00007ff850170000 - 0x00007ff85018b000 	C:\WINDOWS\SYSTEM32\CRYPTSP.dll
0x00007ff84fa50000 - 0x00007ff84fa85000 	C:\WINDOWS\system32\rsaenh.dll
0x00007ff850000000 - 0x00007ff850028000 	C:\WINDOWS\SYSTEM32\USERENV.dll
0x00007ff850160000 - 0x00007ff85016c000 	C:\WINDOWS\SYSTEM32\CRYPTBASE.dll
0x00007ff84f5a0000 - 0x00007ff84f5cd000 	C:\WINDOWS\SYSTEM32\IPHLPAPI.DLL
0x00007ff852b80000 - 0x00007ff852b89000 	C:\WINDOWS\System32\NSI.dll
0x00007ff84f5d0000 - 0x00007ff84f6c9000 	C:\WINDOWS\SYSTEM32\DNSAPI.dll
0x00007ff84a580000 - 0x00007ff84a58a000 	C:\Windows\System32\rasadhlp.dll
0x00007ff847710000 - 0x00007ff847793000 	C:\WINDOWS\System32\fwpuclnt.dll
0x00007ff83ee10000 - 0x00007ff83ee19000 	C:\Users\wayne\.jdks\openjdk-23.0.1\bin\extnet.dll
0x00007ff838260000 - 0x00007ff83826e000 	C:\Users\wayne\.jdks\openjdk-23.0.1\bin\sunmscapi.dll
0x00007ff851390000 - 0x00007ff8514f7000 	C:\WINDOWS\System32\CRYPT32.dll
0x00007ff8503a0000 - 0x00007ff8503ce000 	C:\WINDOWS\SYSTEM32\ncrypt.dll
0x00007ff850360000 - 0x00007ff850397000 	C:\WINDOWS\SYSTEM32\NTASN1.dll
0x00007ff837dd0000 - 0x00007ff837dda000 	C:\Users\wayne\.jdks\openjdk-23.0.1\bin\management.dll
0x00007ff8376f0000 - 0x00007ff8376fb000 	C:\Users\wayne\.jdks\openjdk-23.0.1\bin\management_ext.dll
0x00007ff8525b0000 - 0x00007ff8525b8000 	C:\WINDOWS\System32\PSAPI.DLL
0x00007fffde7c0000 - 0x00007fffde7c8000 	C:\WINDOWS\system32\wshunix.dll
0x00007ff835e40000 - 0x00007ff835e4f000 	C:\Users\wayne\.jdks\openjdk-23.0.1\bin\instrument.dll
0x00007ff82ca00000 - 0x00007ff82ca19000 	C:\Users\wayne\AppData\Local\Temp\ortools-java14700513506923477264\ortools-win32-x86-64\zlib1.dll
0x00007ff82be40000 - 0x00007ff82be58000 	C:\Users\wayne\AppData\Local\Temp\ortools-java14700513506923477264\ortools-win32-x86-64\bz2.dll
0x00007ff80ddf0000 - 0x00007ff80decb000 	C:\Users\wayne\AppData\Local\Temp\ortools-java14700513506923477264\ortools-win32-x86-64\abseil_dll.dll
0x00007ff80f720000 - 0x00007ff80f7a7000 	C:\Users\wayne\AppData\Local\Temp\ortools-java14700513506923477264\ortools-win32-x86-64\re2.dll
0x00007ff8375b0000 - 0x00007ff8375b7000 	C:\Users\wayne\AppData\Local\Temp\ortools-java14700513506923477264\ortools-win32-x86-64\libutf8_validity.dll
0x00007ffff7900000 - 0x00007ffff7d8a000 	C:\Users\wayne\AppData\Local\Temp\ortools-java14700513506923477264\ortools-win32-x86-64\libprotobuf.dll
0x00007ffff7460000 - 0x00007ffff78fb000 	C:\Users\wayne\AppData\Local\Temp\ortools-java14700513506923477264\ortools-win32-x86-64\highs.dll
0x00007fffe3e20000 - 0x00007fffe485c000 	C:\Users\wayne\AppData\Local\Temp\ortools-java14700513506923477264\ortools-win32-x86-64\libscip.dll
0x00007fffdc860000 - 0x00007fffde7b3000 	C:\Users\wayne\AppData\Local\Temp\ortools-java14700513506923477264\ortools-win32-x86-64\ortools.dll
0x00007ff80ba50000 - 0x00007ff80bbd7000 	C:\Users\wayne\AppData\Local\Temp\ortools-java14700513506923477264\ortools-win32-x86-64\jniortools.dll
0x00007ff831de0000 - 0x00007ff832050000 	C:\WINDOWS\SYSTEM32\icu.dll

dbghelp: loaded successfully - version: 4.0.5 - missing functions: none
symbol engine: initialized successfully - sym options: 0x614 - pdb path: .;C:\Users\wayne\.jdks\openjdk-23.0.1\bin;C:\WINDOWS\SYSTEM32;C:\WINDOWS\WinSxS\amd64_microsoft.windows.common-controls_6595b64144ccf1df_6.0.22621.3235_none_270f74e173860f98;C:\Users\wayne\.jdks\openjdk-23.0.1\bin\server;C:\Users\wayne\.m2\wrapper\dists\apache-maven-3.9.11\03d7e36a140982eea48e22c1dcac01d8862b2550b2939e09a0809bbc5182a5bc\lib\jansi-native\Windows\x86_64;C:\Users\wayne\AppData\Local\Temp\ortools-java14700513506923477264\ortools-win32-x86-64

VM Arguments:
jvm_args: --enable-native-access=ALL-UNNAMED -Dclassworlds.conf=C:\Users\wayne\.m2\wrapper\dists\apache-maven-3.9.11\03d7e36a140982eea48e22c1dcac01d8862b2550b2939e09a0809bbc5182a5bc\bin\m2.conf -Dmaven.home=C:\Users\wayne\.m2\wrapper\dists\apache-maven-3.9.11\03d7e36a140982eea48e22c1dcac01d8862b2550b2939e09a0809bbc5182a5bc -Dlibrary.jansi.path=C:\Users\wayne\.m2\wrapper\dists\apache-maven-3.9.11\03d7e36a140982eea48e22c1dcac01d8862b2550b2939e09a0809bbc5182a5bc\lib\jansi-native -Dmaven.multiModuleProjectDirectory=C:\Users\wayne\IdeaProjects\planyourshift.com\planyourshift-back 
java_command: org.codehaus.plexus.classworlds.launcher.Launcher -Didea.version=2025.2 -Dmaven.ext.class.path=C:\Program Files\JetBrains\IntelliJ IDEA 2025.2\plugins\maven\lib\maven-event-listener.jar -Djansi.passthrough=true -Dstyle.color=always install
java_class_path (initial): C:\Users\wayne\.m2\wrapper\dists\apache-maven-3.9.11\03d7e36a140982eea48e22c1dcac01d8862b2550b2939e09a0809bbc5182a5bc\boot\plexus-classworlds-2.9.0.jar
Launcher Type: SUN_STANDARD

[Global flags]
     intx CICompilerCount                          = 4                                         {product} {ergonomic}
     uint ConcGCThreads                            = 3                                         {product} {ergonomic}
     uint G1ConcRefinementThreads                  = 10                                        {product} {ergonomic}
   size_t G1HeapRegionSize                         = 2097152                                   {product} {ergonomic}
   size_t InitialHeapSize                          = 232783872                                 {product} {ergonomic}
   size_t MarkStackSize                            = 4194304                                   {product} {ergonomic}
   size_t MarkStackSizeMax                         = 536870912                                 {product} {ergonomic}
   size_t MaxHeapSize                              = 3720347648                                {product} {ergonomic}
   size_t MaxNewSize                               = 2231369728                                {product} {ergonomic}
   size_t MinHeapDeltaBytes                        = 2097152                                   {product} {ergonomic}
   size_t MinHeapSize                              = 8388608                                   {product} {ergonomic}
    uintx NonNMethodCodeHeapSize                   = 5832704                                {pd product} {ergonomic}
    uintx NonProfiledCodeHeapSize                  = 122945536                              {pd product} {ergonomic}
    uintx ProfiledCodeHeapSize                     = 122880000                              {pd product} {ergonomic}
    uintx ReservedCodeCacheSize                    = 251658240                              {pd product} {ergonomic}
     bool SegmentedCodeCache                       = true                                      {product} {ergonomic}
   size_t SoftMaxHeapSize                          = 3720347648                             {manageable} {ergonomic}
     bool UseCompressedOops                        = true                           {product lp64_product} {ergonomic}
     bool UseG1GC                                  = true                                      {product} {ergonomic}
     bool UseLargePagesIndividualAllocation        = false                                  {pd product} {ergonomic}

Logging:
Log output configuration:
 #0: stdout all=warning uptime,level,tags foldmultilines=false
 #1: stderr all=off uptime,level,tags foldmultilines=false

Environment Variables:
JAVA_HOME=C:\Users\wayne\.jdks\openjdk-23.0.1
PATH=C:\Program Files\Common Files\Oracle\Java\javapath;C:\Program Files\AdoptOpenJDK\jre-8.0.292.10-hotspot\bin;C:\Windows\system32;C:\Windows;C:\Windows\System32\Wbem;C:\Windows\System32\WindowsPowerShell\v1.0\;C:\Windows\System32\OpenSSH\;C:\Program Files (x86)\NVIDIA Corporation\PhysX\Common;C:\WINDOWS\system32;C:\WINDOWS;C:\WINDOWS\System32\Wbem;C:\WINDOWS\System32\WindowsPowerShell\v1.0\;C:\WINDOWS\System32\OpenSSH\;C:\Program Files\Java\jdk-19\bin;C:\Program Files\dotnet\;C:\Program Files\NVIDIA Corporation\NVIDIA NvDLISR;C:\Program Files\apache-maven-3.9.9-bin\apache-maven-3.9.9\bin;C:\Program Files\Git\cmd;C:\Program Files\Heroku\bin;C:\Program Files\RedHat\Podman\;C:\Program Files\PostgreSQL\15\bin;C:\Program Files\Docker\Docker\resources\bin;C:\Program Files\Kubernetes\Minikube;C:\Program Files\Go\bin;C:\Program Files\nodejs\;C:\Users\wayne\Downloads\helm-v4.0.0-beta.1-windows-amd64\windows-amd64\helm.exe;C:\Users\wayne\AppData\Local\Microsoft\WindowsApps;C:\Users\wayne\AppData\Local\Programs\Microsoft VS Code\bin;C:\Users\wayne\.dotnet\tools;C:\Users\wayne\AppData\Local\Programs\MiKTeX\miktex\bin\x64\;C:\Program Files\Java\jdk-21\bin;C:\Users\wayne\AppData\Local\Programs\Ollama;C:\Program Files\heroku\bin;C:\Users\wayne\AppData\Local\Coursier\data\bin;C:\Users\wayne\.deno\bin;C:\Users\wayne\go\bin;C:\Users\wayne\AppData\Roaming\npm;C:\Users\wayne\Downloads\protoc-33.0-win64;C:\Users\wayne\Downloads\stripe_1.32.0_windows_x86_64\stripe.exe;
USERNAME=wayne
OS=Windows_NT
PROCESSOR_IDENTIFIER=AMD64 Family 25 Model 80 Stepping 0, AuthenticAMD
TMP=C:\Users\wayne\AppData\Local\Temp
TEMP=C:\Users\wayne\AppData\Local\Temp




Periodic native trim disabled

---------------  S Y S T E M  ---------------

OS:
 Windows 11 , 64 bit Build 22621 (10.0.22621.3374)
OS uptime: 4 days 10:17 hours
Hyper-V role detected

CPU: total 12 (initial active 12) (12 cores per cpu, 2 threads per core) family 25 model 80 stepping 0 microcode 0x0, cx8, cmov, fxsr, ht, mmx, 3dnowpref, sse, sse2, sse3, ssse3, sse4a, sse4.1, sse4.2, popcnt, lzcnt, tsc, tscinvbit, avx, avx2, aes, erms, clmul, bmi1, bmi2, adx, sha, fma, vzeroupper, clflush, clflushopt, hv, rdtscp, rdpid, fsrm, f16c, cet_ss
Processor Information for the first 12 processors :
  Max Mhz: 3301, Current Mhz: 3301, Mhz Limit: 3301

Memory: 4k page, system-wide physical 14188M (1596M free)
TotalPageFile size 22655M (AvailPageFile size 4250M)
current process WorkingSet (physical memory assigned to process): 466M, peak: 466M
current process commit charge ("private bytes"): 495M, peak: 496M

vm_info: OpenJDK 64-Bit Server VM (23.0.1+11-39) for windows-amd64 JRE (23.0.1+11-39), built on 2024-09-30T07:20:43Z with MS VC++ 17.6 (VS2022)

END.
